cdr3aa	PBMC_PROGRESSION	PBMC_RELAPSE	PBMC_PRE	max_fraction	detected_timepoints
CASSQGTGYTNTEAFF	0.0824512333325296	0.0803988261971455	0.0626346707795595	0.0824512333325296	3
CASSPKDYNNEQFF	0.0230149735972802	0.0362311591303188	0.00495588468779061	0.0362311591303188	3
CATSNPAIRALGTEAFF	0.0167940587852338	0.0343137254901961	0.00481979632107782	0.0343137254901961	3
CASSLTGTTYNEQFF	0.0211583439828322	0.0172902494331066	0.000827870897502778	0.0211583439828322	3
CASSDGRLGNTEAFF	0.00933137221806959	0.018390689609177	0	0.018390689609177	2
CASSLTTGNEQFF	0.00987389385865503	0.0143557422969188	0.000362902311234095	0.0143557422969188	3
CASGPGTYGYTF	0.0126106141344971	0.0111044417767107	0.00137222436435392	0.0126106141344971	3
CASSIPGLAGVGEETQYF	0.0100426783690594	0.0104708550086701	0.00113406972260655	0.0104708550086701	3
CASRGTGATQETQYF	0.000614857859330167	0.00978724823262638	0	0.00978724823262638	2
CASSQVQSLETYEQYF	0.00975333349408049	0.0038515406162465	0	0.00975333349408049	2
CSARDSAASTDTQYF	0.00924697996286741	0.0064359076964119	0.001905237133979	0.00924697996286741	3
CASSEFGGELFF	0	0	0.00895915080859171	0.00895915080859171	1
CASSRREGGTGELFF	0.00253176765606539	0.000583566760037348	0.00870965546961827	0.00870965546961827	3
CASSHGGGNYEQYF	0.0086682902129096	0.00867013472055489	0	0.00867013472055489	2
CASSVAGEHEQFF	0.00824632893689871	0.00475190076030412	0.00165574179500556	0.00824632893689871	3
CASSAQGGGSYEQYF	0.000663082005159984	0	0.00821066479167139	0.00821066479167139	2
CASSLLQGKINEQFF	0.00757119089528127	0.00675270108043217	0.00110004763092835	0.00757119089528127	3
CASTNQGLGANVLTF	0.0069563330359511	0.00408496732026144	0.000793848805824582	0.0069563330359511	3
CATSRPEQASDEQFF	0.00336363417162974	0.00693610777644391	0.00221143595908276	0.00693610777644391	3
CASSLDVAGSPLHF	0.00655848383285511	0.00481859410430839	5.67034861303273e-05	0.00655848383285511	3
CASSHPGLNAYEQYF	0.00577484146312058	0.00626917433640123	0.00468370795436503	0.00626917433640123	3
CASRPPGRGNNGYTF	0.000470185421840716	0.00335134053621449	0.00593118464923223	0.00593118464923223	3
CASFSFGWEAFF	0.00188074168736286	0.00518540749633187	0	0.00518540749633187	2
CSARSLAGGPGDEQYF	0.00102476309888361	0.00100040016006403	0.00480845562385175	0.00480845562385175	3
CASSASPTVNYGYTF	0.00151906059363924	0.00471855408830199	0	0.00471855408830199	2
CASSQGQGKETQYF	0.00309840136956574	0.00440176070428171	0.000952618566989499	0.00440176070428171	3
CASSQDRSGYYEQYF	0	0.00365146058423369	0.000102066275034589	0.00365146058423369	2
CASSYSTGLAGKDNEQFF	0.00362886697369373	0.00315126050420168	0	0.00362886697369373	2
CASSLSGGFSGNTIYF	0.000988594989511248	0.0011171135120715	0.00359500102066275	0.00359500102066275	3
CASSLFISTFPDGELFF	0.000289344874978902	0.00358476724022943	0	0.00358476724022943	2
CASSKTSSYEQYF	0.000578689749957804	0.000650260104041617	0.00342489056227177	0.00342489056227177	3
CASSSGTGARDYGYTF	0.0010006510259687	0	0.00318673592052439	0.00318673592052439	2
CATSRDTSNQPQHF	0.00109709931762834	0.00311791383219955	0	0.00311791383219955	2
CASSPVGYEQYF	0.0019771899790225	0.00308456716019741	0	0.00308456716019741	2
CSARDPGLAGKWDTQYF	0.00283316856750175	0.00306789382419635	0.000147429063938851	0.00306789382419635	3
CASSQDIRGAGELFF	0.000229064692691631	0.000967053488061891	0.00286919639819456	0.00286919639819456	3
CSASPFGESGANVLTF	0.00169990114050105	0.00286781379218354	0	0.00286781379218354	2
CASRRARGGAYNEQFF	0.00230270296337376	0.00123382686407896	0.0028238336092903	0.0028238336092903	3
CASSLFSGNEQFF	0	0.000200080032012805	0.00280115221483817	0.00280115221483817	2
CASRAGTGGTNEKLFF	0.000373737130181082	0.00275110044017607	0	0.00275110044017607	2
CASSQDPVTGNTRDEKLFF	0.000554577677042895	0.00270108043217287	0	0.00270108043217287	2
CASSLNQEYEQYF	2.41120729149085e-05	0	0.00269908593980358	0.00269908593980358	2
CASSHPTGTGMEGETQYF	0.0026884961300123	0	0	0.0026884961300123	1
CASSESSSGGYTF	0.00267644009355484	0	0	0.00267644009355484	1
CASSQAGGGDYGYTF	0.00261615991126757	0.00223422702414299	0.000362902311234095	0.00261615991126757	3
CASSSGPYLGTQYF	0.00153111663009669	0.00246765372815793	0.000192791852843113	0.00246765372815793	3
CASSPRLSYEQYF	0.00214597448942686	0.00245098039215686	0.000147429063938851	0.00245098039215686	3
CASKSQGNNEQFF	0.00149494852072433	0.0024343070561558	0.000170110458390982	0.0024343070561558	3
CASSMTEMNTEAFF	0	0	0.00241556850915194	0.00241556850915194	1
CASSGRQGSNQPQHF	0.000132616401031997	0.000133386688008537	0.00240422781192588	0.00240422781192588	3
CSASLVGTGTLHEQFF	0.00232681503628867	0.00220088035214086	0.00037424300846016	0.00232681503628867	3
CASSTLQVSGNSPLHF	1.20560364574542e-05	0.000333466720021342	0.00230216153689129	0.00230216153689129	3
CASSTPGLHYGYTF	0	0.00230092036814726	6.80441833563927e-05	0.00230092036814726	2
CASSQGKNTGELFF	0.000651025968702529	0	0.00227948014243916	0.00227948014243916	2
CASSPSGQSTTGELFF	0.000759530296819618	0.00223422702414299	0	0.00223422702414299	2
CASSLGNTIYF	0.000265232802063993	0.00051687341603308	0.00218875456463063	0.00218875456463063	3
CASSLSGGIIGYTF	0.000434017312468353	0.00216753368013872	0	0.00216753368013872	2
CASSIPRTSGANEQFF	0.000132616401031997	0	0.00214339177572637	0.00214339177572637	2
CSVSRVENTEAFF	0	0.000500200080032013	0.00210936968404818	0.00210936968404818	2
CASSQDSAGVSYEQYF	0.00031345694789381	0	0.00197328131733539	0.00197328131733539	2
CASSLVPGTGDNEQFF	0.00196513394256504	0.00166733360010671	0.000895915080859171	0.00196513394256504	3
CASSPRERASEQYF	0.00116943553637306	0.00193410697612378	0.000215473247295244	0.00193410697612378	3
CASSQGTGTSGRPNRGGANVLTF	0.00192896583319268	0.000533546752034147	0	0.00192896583319268	2
CATSVDRSDPLHF	0	0	0.0018712150423008	0.0018712150423008	1
CASSQVGQEETQYF	0.000421961276010899	0	0.00184853364784867	0.00184853364784867	2
CASSALGDPNTEAFF	0	0.00183406696011738	0	0.00183406696011738	1
CASSIDRVYGYTF	0	0.00180072028811525	0	0.00180072028811525	1
CASSQEAGASTDTQYF	0.00179634943216068	0	0	0.00179634943216068	1
CSARDRAMNTEAFF	0.00178429339570323	0	0	0.00178429339570323	1
CASTWSGANVLTF	0.00177223735924577	0.000950380152060824	0.00140624645603212	0.00177223735924577	3
CASSRRVQTTSRYTGELFF	0	0.00176737361611311	0.00166708249223162	0.00176737361611311	2
CATSGRLTEAFF	0.000855978588479252	0.00175070028011204	0	0.00175070028011204	2
CASSITGTGLGGYTF	8.43922552021797e-05	0	0.00174646737281408	0.00174646737281408	2
CASSLSSGANVLTF	0.000204952619776722	0	0.00167842318945769	0.00167842318945769	2
CSASPVTNYNSPLHF	0.000361681093723627	0	0.00167842318945769	0.00167842318945769	2
CASSLGAASTDTQYF	0.00166373303112869	0	0	0.00166373303112869	1
CASSLGGGYEQYF	0	0	0.00163306040055343	0.00163306040055343	1
CSAVPGTGYNEQFF	0.000361681093723627	0.000266773376017073	0.00163306040055343	0.00163306040055343	3
CASSRGETYEQYF	0.000204952619776722	0	0.0016103790061013	0.0016103790061013	2
CASSPSGAHSYGYTF	0	0	0.00158769761164916	0.00158769761164916	1
CASSEGTGPQETQYF	0	0.00158396692010137	3.40220916781964e-05	0.00158396692010137	2
CASSDRGSYGYTF	0	0.00156729358410031	0.00123613599764114	0.00156729358410031	2
CASSQDPGYEQFF	0	0	0.00155367551997097	0.00155367551997097	1
CASSQGGSIFVGYTF	0	0	0.0015423348227449	0.0015423348227449	1
CSVDSLAGGEQYF	0	0.000200080032012805	0.0015423348227449	0.0015423348227449	2
CATKGSRHDTEAFF	0.000253176765606539	0.00153394691209817	0	0.00153394691209817	2
CASGQAGAGSPLHF	0	0.000600240096038415	0.00151965342829277	0.00151965342829277	2
CASSQALGGTGELFF	0	0	0.00151965342829277	0.00151965342829277	1
CASSLAGNTGELFF	0.000458129385383261	0.0014672535680939	0.000691782530789993	0.0014672535680939	3
CASSLPTDTQYF	0.000446073348925807	0.0014672535680939	0	0.0014672535680939	2
CASSPPGETQYF	0.000132616401031997	0.00145058023209284	0	0.00145058023209284	2
CASSRASGANVLTF	0	0	0.00141758715325818	0.00141758715325818	1
CASSEYRAREPYNSPLHF	0	0.00138388688808857	0	0.00138388688808857	1
CASSYARAPGYGYTF	0.000771586333277072	0.00138388688808857	0.000226813944521309	0.00138388688808857	3
CASKEQINYGYTF	7.23362187447255e-05	0.000366813392023476	0.00138356506157999	0.00138356506157999	3
CASSLRTGGYEQYF	0.000277288838521448	0	0.00138356506157999	0.00138356506157999	2
CASSSGLADTNEQFF	0.00137438815614978	0	0	0.00137438815614978	1
CASSAGQAGEQYF	0.00136233211969233	0	0	0.00136233211969233	1
CASSHSATGESYEQYF	0.00133822004677742	0.000700280112044818	0.00012474766948672	0.00133822004677742	3
CASTGSYNSPLHF	0	0	0.00133820227267572	0.00133820227267572	1
CASSPDSNSYEQYF	0.00119354760928797	0.00133386688008537	0	0.00133386688008537	2
CASSSTTGGYGYTF	0	0	0.00130418018099753	0.00130418018099753	1
CASSEGQGGETQYF	0	0.00130052020808323	0	0.00130052020808323	1
CASSLDRGGEAFF	9.6448291659634e-05	0.00130052020808323	0.000827870897502778	0.00130052020808323	3
CASSPAGLAGSGELFF	0	0.00128384687208217	0	0.00128384687208217	1
CASSFAGDIYEQYF	0.00079569840619198	0.000983726824062959	0.00127015808931933	0.00127015808931933	3
CASSPRQGNEKLFF	0.000156728473946905	0.0012671735360811	0	0.0012671735360811	2
CASSSRDRRNYGYTF	0	0.0012671735360811	0	0.0012671735360811	1
CASSYGQGVNEQFF	0.00048224145829817	0.0012671735360811	0.000408265100138357	0.0012671735360811	3
CASRGPGGDEKLFF	7.23362187447255e-05	0	0.0012474766948672	0.0012474766948672	2
CASSGPGLASYNEQFF	0.00124177175511779	0	0	0.00124177175511779	1
CSVVRVSVNEQFF	0.00124177175511779	0	0	0.00124177175511779	1
CSARPSGSHEQYF	0.000349625057266173	0.000500200080032013	0.00123613599764114	0.00123613599764114	3
CATSREGRGYTF	0.000373737130181082	1.66733360010671e-05	0.00122479530041507	0.00122479530041507	3
CASKPISVSSRSEAFF	0.00121765968220288	0.00100040016006403	0.000589716255755404	0.00121765968220288	3
CATSRARELGYNEQFF	8.43922552021797e-05	0	0.001213454603189	0.001213454603189	2
CASSNTWTSGRAGGELFF	0.00120560364574542	0.000900360144057623	9.07255778085237e-05	0.00120560364574542	3
CASSLVAGFRGYTF	0	0.000800320128051221	0.00119077320873687	0.00119077320873687	2
CASSSYRDREGLGEQFF	0.000626913895787621	0.00118380685607576	3.40220916781964e-05	0.00118380685607576	3
CSEGMNTEAFF	0.00118149157283052	0.00108376684006936	0	0.00118149157283052	2
CASRQGGTRGELFF	0	0.0011671335200747	0.000192791852843113	0.0011671335200747	2
CASSSRDSHTEAFF	0.000156728473946905	0.0011671335200747	0	0.0011671335200747	2
CASSDPQVVTGELFF	0	0	0.00115675111705868	0.00115675111705868	1
CASSLNNEQFF	0.000108504328117088	0	0.00114541041983261	0.00114541041983261	2
CASSQTGNTGELFF	0.000446073348925807	0	0.00113406972260655	0.00113406972260655	2
CASSSRTSGGPYEQYF	0	0.00113378684807256	0	0.00113378684807256	1
CASSLGGYEQYF	0.00039784920309599	0	0.00112272902538048	0.00112272902538048	2
CASSSGRLAGNTGELFF	6.02801822872712e-05	0.000666933440042684	0.00112272902538048	0.00112272902538048	3
CASSDLSTGDGGGYTF	0.00112121139054325	1.66733360010671e-05	0	0.00112121139054325	2
CASSQWPTEAFF	0.000289344874978902	0.0011171135120715	0	0.0011171135120715	2
CASGLGTSGETQYF	0	1.66733360010671e-05	0.00111138832815441	0.00111138832815441	2
CASSPIGNTEAFF	0.000241120729149085	0.00110044017607043	0	0.00110044017607043	2
CASSTSGRAGEQYF	0	0.00110044017607043	0	0.00110044017607043	1
CASTLTMQGVTEAFF	0.000192896583319268	0.00110044017607043	0.00012474766948672	0.00110044017607043	3
CSAQTEGRGYNSPLHF	0	0	0.00108870693370228	0.00108870693370228	1
CASSPGSGLGYTF	0	0.000416833400026677	0.00107736623647622	0.00107736623647622	2
CASSLTVSSYNEQFF	0.00107298724471343	0	0.000113406972260655	0.00107298724471343	2
CASSTTTTGYGAYNEQFF	0.000337569020808719	0.00106709350406829	0.000102066275034589	0.00106709350406829	3
CASSLRTSGYEETQYF	0.00106093120825597	0.000316793384020275	3.40220916781964e-05	0.00106093120825597	3
CASLAVLNYGYTF	0.000385793166638536	0.00105042016806723	0.000260836036199506	0.00105042016806723	3
CATSMRDSYEQYF	0	0.00105042016806723	0	0.00105042016806723	1
CASSQAGAAGELFF	0.000108504328117088	0	0.00104334414479802	0.00104334414479802	2
CASSRQFRDDSYEQYF	0	0.000600240096038415	0.00104334414479802	0.00104334414479802	2
CASSLGLRESEQFF	0.00103681913534107	0.000433506736027744	0.000204132550069178	0.00103681913534107	3
CASSLSGLNYGYTF	0	0.00103374683206616	0.000362902311234095	0.00103374683206616	2
CASSPGGGRYGYTF	0	0.00103374683206616	0	0.00103374683206616	1
CASSAWGGATEAFF	0.000217008656234176	0	0.00103200344757196	0.00103200344757196	2
CASRERRETQYF	0.000120560364574542	0.00101707349606509	0.000567034861303273	0.00101707349606509	3
CASSLVGPGTEAFF	0	0.00100040016006403	0	0.00100040016006403	1
CASSQSWTDPLTSSYEQYF	0	0	0.00099798135589376	0.00099798135589376	1
CASSQQGATEAFF	0.000988594989511248	0.000750300120048019	0	0.000988594989511248	2
CATSSFNQPQHF	0.000988594989511248	0	0	0.000988594989511248	1
CASSPAGQGSLEQYF	0.000120560364574542	0	0.000986640658667695	0.000986640658667695	2
CASSPRGLAGETQYF	0	0	0.000986640658667695	0.000986640658667695	1
CAWSVRGGGNQPQHF	9.6448291659634e-05	0.00011671335200747	0.000986640658667695	0.000986640658667695	3
CASGLARGGTEQYF	0	0	0.000975299961441629	0.000975299961441629	1
CSARDWRLAQYEQYF	0	0	0.000975299961441629	0.000975299961441629	1
CASRPGQGNSPLHF	0	0.000967053488061891	0	0.000967053488061891	1
CASSPDSASGQRVYEQYF	0.00096448291659634	0	0	0.00096448291659634	1
CASSYSVGLAGGPGYEQYF	0	6.66933440042684e-05	0.000963959264215564	0.000963959264215564	2
CASRSGMGSYEQYF	0.000626913895787621	0.000950380152060824	0	0.000950380152060824	2
CASSFGTGHGYTF	0	0.000950380152060824	0	0.000950380152060824	1
CASSPKRQGGTEAFF	0	0.000950380152060824	0	0.000950380152060824	1
CASSPPTRSEQYF	4.8224145829817e-05	0.000950380152060824	0.000805189503050648	0.000950380152060824	3
CSARGMTGLNYNEQFF	0.000132616401031997	0.000950380152060824	0	0.000950380152060824	2
CASHLIQGREAFF	0	0	0.000941277869763433	0.000941277869763433	1
CATSRGLGEPQHF	0	0	0.000941277869763433	0.000941277869763433	1
CSARGPGQGSEQYF	0	0	0.000941277869763433	0.000941277869763433	1
CASSRRQGANSEAFF	0.000409905239553444	0	0.000929937172537368	0.000929937172537368	2
CASGTLTPDGYTF	0	0	0.000918596475311302	0.000918596475311302	1
CASRPMDNSPLHF	8.43922552021797e-05	0	0.000918596475311302	0.000918596475311302	2
CASSVGAGAREQYF	0	6.66933440042684e-05	0.000918596475311302	0.000918596475311302	2
CASSFTLAGGETQYF	0	0.00091703348005869	0	0.00091703348005869	1
CATSREGGSYNEQFF	0	0	0.000907255778085237	0.000907255778085237	1
CASSQVLVGGSNQPQHF	0.000904202734309069	0.000233426704014939	0.000737145319694255	0.000904202734309069	3
CASSKPPGQLQETQYF	0.000663082005159984	0.000900360144057623	0	0.000900360144057623	2
CASSLLDDRNSSGANVLTF	0	0.000900360144057623	0	0.000900360144057623	1
CASSLQTSSVANTGELFF	0	0.000900360144057623	0	0.000900360144057623	1
CASSLTDTSYNSPLHF	0	0	0.000895915080859171	0.000895915080859171	1
CASSYEDSPWGGEQFF	4.8224145829817e-05	0	0.000895915080859171	0.000895915080859171	2
CASRSGEGGPMETQYF	0	0	0.000884574383633106	0.000884574383633106	1
CASSWAVSRNQPQHF	0.000120560364574542	0	0.000884574383633106	0.000884574383633106	2
CASRAGGIRDSPLHF	0.000180840546861814	0.000883686808056556	0	0.000883686808056556	2
CASSEYSENTEAFF	0	0.000883686808056556	0	0.000883686808056556	1
CASSLGRGNYGYTF	0	0.000883686808056556	0	0.000883686808056556	1
CASSVQEVSGYTF	0.000192896583319268	0.000883686808056556	0.000272176733425571	0.000883686808056556	3
CASSLRSAQETQYF	0.00088009066139416	0.000483526744030946	0	0.00088009066139416	2
CASSFGGRGAYEQYF	0	0	0.00087323368640704	0.00087323368640704	1
CASSLGGTSRNTEAFF	1.20560364574542e-05	0	0.00087323368640704	0.00087323368640704	2
CASTLSLGGYEQYF	0	0.000500200080032013	0.00087323368640704	0.00087323368640704	2
CASSQGLQGREAFF	0.000868034624936706	0	0	0.000868034624936706	1
CASSPGTSEEQYF	0	0	0.000861892989180975	0.000861892989180975	1
CATSLGQGAGAFF	0	0	0.000861892989180975	0.000861892989180975	1
CSARASRNSYEQYF	0.000855978588479252	0	0.000226813944521309	0.000855978588479252	2
CAISGTSGRGAGELFF	0.000168784510404359	0.000483526744030946	0.000850552291954909	0.000850552291954909	3
CASRPILAGNQETQYF	0.000192896583319268	0	0.000850552291954909	0.000850552291954909	2
CASSLTMGGVYNSPLHF	0	0.000850340136054422	0	0.000850340136054422	1
CATSRELRTGGNTEAFF	0	0.000850340136054422	0	0.000850340136054422	1
CATSRGVGGNQPQHF	0	0.000850340136054422	0	0.000850340136054422	1
CASPCRTQYF	0.000843922552021797	0	0	0.000843922552021797	1
CASSQDLGSRAYNEQFF	0.000843922552021797	0	0	0.000843922552021797	1
CASRTRDTKMNTEAFF	0.000217008656234176	0.000833666800053355	0.000238154641747375	0.000833666800053355	3
CASSESTSYQETQYF	0.000434017312468353	0.000833666800053355	0	0.000833666800053355	2
CASSFRDGYTF	0	0.000833666800053355	0	0.000833666800053355	1
CASSLGGFEAFF	0	0.000833666800053355	0.000283517430651636	0.000833666800053355	2
CASSPGQLGQPQHF	0	0.000833666800053355	0	0.000833666800053355	1
CASSPTTVPSQPQHF	8.43922552021797e-05	0.000833666800053355	0	0.000833666800053355	2
CASSQYIPGRANTGELFF	0.000626913895787621	0.000833666800053355	0	0.000833666800053355	2
CASKGRIGNSPLHF	0.000156728473946905	0	0.000827870897502778	0.000827870897502778	2
CASSDFVDRTGAYEQYF	0.000337569020808719	0.000816993464052288	0.000601056952981469	0.000816993464052288	3
CASSLLARETQYF	0	0.000816993464052288	0	0.000816993464052288	1
CATRYPGYNEQFF	0	0.000816993464052288	0	0.000816993464052288	1
FPGNTPNTEAFF	0	0.000816993464052288	0	0.000816993464052288	1
CASSEGQGAYYEQYF	0	0	0.000816530200276713	0.000816530200276713	1
CSVSGLSSYEQYF	0.000807754442649435	0	0	0.000807754442649435	1
CASSLRRAALTDTQYF	0	0	0.000805189503050648	0.000805189503050648	1
CASSLAWGNSPLHF	0	0.000800320128051221	0	0.000800320128051221	1
CASSPDLNAGELFF	0	0.000800320128051221	0	0.000800320128051221	1
CASVTGHPNTEAFF	0.00079569840619198	0.000600240096038415	0	0.00079569840619198	2
CASTWTSGSYEQYF	4.8224145829817e-05	0	0.000793848805824582	0.000793848805824582	2
CSASRQGSYNSPLHF	0	0	0.000793848805824582	0.000793848805824582	1
CSVGGGGVGYGYTF	0.000277288838521448	1.66733360010671e-05	0.000793848805824582	0.000793848805824582	3
CASATGIGQPQHF	0	0.000783646792050153	0	0.000783646792050153	1
CASSLAGGLTEAFF	0	0.000783646792050153	0	0.000783646792050153	1
CASTKPGLGMNTEAFF	0	0.000783646792050153	0	0.000783646792050153	1
CSASKGGGGEGYEQYF	0.000217008656234176	0.000783646792050153	0.000408265100138357	0.000783646792050153	3
CASSSGGHNSPLHF	0.000783642369734526	0	0.000521672072399011	0.000783642369734526	2
CASSHWPETQYF	7.23362187447255e-05	0	0.000782508108598517	0.000782508108598517	2
CASSFGLGQEAFF	0.000771586333277072	0	0	0.000771586333277072	1
CASSWGGGEKLFF	0.000458129385383261	0	0.000771167411372451	0.000771167411372451	2
CATSDNTGGPLGYTF	0	0.000766973456049086	0	0.000766973456049086	1
CSVELGGGTEAFF	0	0.000766973456049086	0	0.000766973456049086	1
CASSLSPGPRNTIYF	0.000759530296819618	0.000500200080032013	0	0.000759530296819618	2
CASSQDTGQENYGYTF	0.000759530296819618	0	0.000226813944521309	0.000759530296819618	2
CASSSTSGNQETQYF	0	0.000750300120048019	0	0.000750300120048019	1
CASSYGAEQYF	0.000590745786415258	0.000750300120048019	4.53627889042618e-05	0.000750300120048019	3
CSATEGGRAGNIQYF	0.000578689749957804	0.000750300120048019	4.53627889042618e-05	0.000750300120048019	3
CSATEPNTEAFF	0	0.000750300120048019	2.26813944521309e-05	0.000750300120048019	2
CASSFTGNTEAFF	0	0	0.00074848601692032	0.00074848601692032	1
CASSARPGFYEQYF	0	0	0.000737145319694255	0.000737145319694255	1
CASSLGGMVYEQYF	0.000132616401031997	0	0.000737145319694255	0.000737145319694255	2
CASSQVSGSTDTQYF	0	0	0.000737145319694255	0.000737145319694255	1
CSAGTPKSSYEQYF	4.8224145829817e-05	0.000266773376017073	0.000737145319694255	0.000737145319694255	3
CASSFGQGETYEQYF	0.000735418223904709	0	0	0.000735418223904709	1
CASSSPVGQGAYEQYF	0.000735418223904709	0.000216753368013872	0	0.000735418223904709	2
CASSSQKDYEQYF	0.000735418223904709	0	0.000396924402912291	0.000735418223904709	2
CASSGLEETQYF	0.000144672437489451	0.000733626784046952	0.000578375558529338	0.000733626784046952	3
CASSNRSNQPQHF	0.000229064692691631	0.000733626784046952	0.000147429063938851	0.000733626784046952	3
CASSPQVGTGELFF	0	0.000733626784046952	0.000226813944521309	0.000733626784046952	2
CASSQEKLPNTEAFF	0	0.000733626784046952	0	0.000733626784046952	1
CASSWGGDRDEKLFF	0	0	0.000725804622468189	0.000725804622468189	1
CASSESLGPVGANVLTF	0.000289344874978902	0.000716953448045885	0.000419605797364422	0.000716953448045885	3
CASSLGGGAITEAFF	0.000120560364574542	0.000716953448045885	0	0.000716953448045885	2
CASSLGYPETQYF	0	0.000716953448045885	0	0.000716953448045885	1
CASSPGGSDQPQHF	0	0.000716953448045885	0.000136088366712785	0.000716953448045885	2
CASSPRQGNPNQPQHF	0	0.000716953448045885	0	0.000716953448045885	1
CASRDRGIYGYTF	0.000156728473946905	0.000166733360010671	0.000714463925242124	0.000714463925242124	3
CASRRSGDSNQPQHF	0	0	0.000714463925242124	0.000714463925242124	1
CASSPSTLHNYGYTF	0	0	0.000714463925242124	0.000714463925242124	1
CATARGMGGYTF	0	0	0.000714463925242124	0.000714463925242124	1
CSARSDTDTQYF	0.000217008656234176	5.00200080032013e-05	0.000714463925242124	0.000714463925242124	3
CSVMRAGANVLTF	0	0	0.000714463925242124	0.000714463925242124	1
CASSQGLVGEQYF	0.000711306150989801	0.00051687341603308	0	0.000711306150989801	2
CASSKDTEAFF	6.02801822872712e-05	0	0.000703123228016058	0.000703123228016058	2
CATSRERRTTGNEQFF	0	0.000433506736027744	0.000703123228016058	0.000703123228016058	2
CASSLDAWASGNEQYF	0	0.000700280112044818	0	0.000700280112044818	1
CASSQLLGRGNTEAFF	0	0.000700280112044818	0	0.000700280112044818	1
CASSVFWKPKNSPLHF	0	0.000700280112044818	0	0.000700280112044818	1
CASTPTSGPYEQYF	0.000421961276010899	0.000700280112044818	0	0.000700280112044818	2
CSVDLTGNTEAFF	0	0.000700280112044818	0	0.000700280112044818	1
CASSPPLSYEQYF	0	0.000700280112044818	0	0.000700280112044818	1
CASSAETSGGTGELFF	0.000699250114532346	0	0	0.000699250114532346	1
CASGQFQGHSSYNEQFF	8.43922552021797e-05	0	0.000691782530789993	0.000691782530789993	2
CASRQGGHTEAFF	0	0	0.000691782530789993	0.000691782530789993	1
CASSGEVVPTNEKLFF	0	0	0.000691782530789993	0.000691782530789993	1
CASSQGQVQYF	0	0	0.000691782530789993	0.000691782530789993	1
CATSRARSSYNEQFF	0	0	0.000691782530789993	0.000691782530789993	1
CASSSQGATEAFF	0.000687194078074892	0	0	0.000687194078074892	1
CASGLWGTEAFF	0	0.000683606776043751	0	0.000683606776043751	1
CASRGRADGYTF	0	0.000683606776043751	0	0.000683606776043751	1
CASSLAHGVRGGTGELFF	0	0.000683606776043751	0	0.000683606776043751	1
CATSRDSRREQFF	0	0.000683606776043751	0	0.000683606776043751	1
CAISPTSGRASGELFF	6.02801822872712e-05	0	0.000680441833563927	0.000680441833563927	2
CASSRAGRLPYYEQYF	0	0	0.000680441833563927	0.000680441833563927	1
CASSRLWTSGRNEQFF	0.000325512984351265	0	0.000680441833563927	0.000680441833563927	2
CSARAQRDSSWHGYTF	0	0	0.000680441833563927	0.000680441833563927	1
CASSLGGDYEQYF	0.000192896583319268	0	0.000669101136337862	0.000669101136337862	2
CASSLPGGAGYTF	0	0	0.000669101136337862	0.000669101136337862	1
CASSPRANTGELFF	0.000156728473946905	0	0.000669101136337862	0.000669101136337862	2
CASSQEQGYTEAFF	0	0	0.000669101136337862	0.000669101136337862	1
CASSRGGFTGLTF	0.000144672437489451	0	0.000669101136337862	0.000669101136337862	2
CSARDGQGGTGELFF	0	0	0.000669101136337862	0.000669101136337862	1
CSVVVRQRGETQYF	0	0	0.000669101136337862	0.000669101136337862	1
CAISATSGRATGELFF	0	0.000666933440042684	0.000442287191816553	0.000666933440042684	2
CASSFELGGLAFF	0	0.000666933440042684	0	0.000666933440042684	1
CASSLRVTETQYF	3.61681093723627e-05	0.000666933440042684	9.07255778085237e-05	0.000666933440042684	3
CASSLYGGYEQYF	0	0.000666933440042684	0	0.000666933440042684	1
CASSQYPPLDIRNYGYTF	0.00039784920309599	0.000666933440042684	0.00012474766948672	0.000666933440042684	3
CASSLAGGKTQYF	0.000663082005159984	0.000500200080032013	0.000260836036199506	0.000663082005159984	3
CASSLVSAGSYNEQFF	0.000663082005159984	0.000166733360010671	4.53627889042618e-05	0.000663082005159984	3
CATSRGGSMNTEAFF	0.000663082005159984	0	0.000408265100138357	0.000663082005159984	2
CASSLGGKQYF	0	0	0.000657760439111797	0.000657760439111797	1
CASSQAAVSYGYTF	0.000144672437489451	0	0.000657760439111797	0.000657760439111797	2
CASSEFAGTYEQYF	0.000651025968702529	0	0	0.000651025968702529	1
CASSLLGGLRAEAFF	0	0.000650260104041617	0	0.000650260104041617	1
CASSLWQGGHEQYF	0	0.000650260104041617	0.000147429063938851	0.000650260104041617	2
CASSPGTYGYTF	0.000132616401031997	0.000650260104041617	0.000317539522329833	0.000650260104041617	3
CASSPPSVRKGYTF	0	0.000650260104041617	0	0.000650260104041617	1
CASSPVSTYYEQYF	0	0	0.000646419741885731	0.000646419741885731	1
CATSRDLVGPQHF	0	0	0.000646419741885731	0.000646419741885731	1
CATSRGASGTYEQYF	0	0	0.000646419741885731	0.000646419741885731	1
CATSRGGLAEATGELFF	0	0	0.000646419741885731	0.000646419741885731	1
CASSGGVVSGETQYF	0.000638969932245075	0.000450180072028812	0	0.000638969932245075	2
CSVAGDVLGNYEQYF	0.000638969932245075	0	0	0.000638969932245075	1
CASSDGGLAPETQYF	0	0	0.000635079044659666	0.000635079044659666	1
CASSPGKHEQFF	2.41120729149085e-05	0.000433506736027744	0.000635079044659666	0.000635079044659666	3
CASSTGGARYAQYF	8.43922552021797e-05	0	0.000635079044659666	0.000635079044659666	2
CSARGSSYNSPLHF	0.000120560364574542	0	0.000635079044659666	0.000635079044659666	2
CATSRGGLGSPLHF	0	0	0.000635079044659666	0.000635079044659666	1
CAISESGTANTEAFF	0	0.00063358676804055	0	0.00063358676804055	1
CASSLGQGNSPLHF	0	0.00063358676804055	0.000181451155617047	0.00063358676804055	2
CSARDLNRDFDEQYF	0.000421961276010899	0.00063358676804055	7.93848805824582e-05	0.00063358676804055	3
CSVVDRFTYEQYF	0.00039784920309599	0.00063358676804055	0.000487649980720815	0.00063358676804055	3
CASSIPSGRALVDSYEQYF	0.000626913895787621	0.000483526744030946	0.000147429063938851	0.000626913895787621	3
CASWMDTTTDTQYF	0.000626913895787621	5.00200080032013e-05	7.93848805824582e-05	0.000626913895787621	3
CSARDQERDWTEAFF	0.000626913895787621	0.000350140056022409	0	0.000626913895787621	2
CASSLGTEWRNTEAFF	0.00048224145829817	0	0.0006237383474336	0.0006237383474336	2
CASSLNRVQETQYF	0	0.000500200080032013	0.0006237383474336	0.0006237383474336	2
CASSPSPRREQYF	6.02801822872712e-05	0	0.0006237383474336	0.0006237383474336	2
CAISDSREAGYTF	0	0.000616913432039482	0	0.000616913432039482	1
CASRPQDTGELFF	0	0.000616913432039482	0	0.000616913432039482	1
CASSLALGSYEQYF	0	0.000616913432039482	0	0.000616913432039482	1
CASSLKREALFSNEQFF	0	0.000616913432039482	0	0.000616913432039482	1
CASSQVGGAETQYF	9.6448291659634e-05	0.000616913432039482	0	0.000616913432039482	2
CASSTSTKNIQYF	2.41120729149085e-05	0.000616913432039482	0	0.000616913432039482	2
CSVALAGTLGEQFF	9.6448291659634e-05	0.000616913432039482	0.00024949533897344	0.000616913432039482	3
CASSEKDRNHEQYF	0	0	0.000612397650207535	0.000612397650207535	1
CASSFRGWDTEAFF	0	0	0.000612397650207535	0.000612397650207535	1
CASSLGTGAYGYTF	0	0	0.000612397650207535	0.000612397650207535	1
CASSPLGSRKDTGELFF	0.000494297494755624	0	0.000612397650207535	0.000612397650207535	2
CASSRGTGEEQYF	0.000253176765606539	0	0.000612397650207535	0.000612397650207535	2
CASTPSSGRRDTQYF	0	0	0.000612397650207535	0.000612397650207535	1
CASSLWGYTGELFF	0.000602801822872712	0.000433506736027744	0	0.000602801822872712	2
CASSESRYGNSPLHF	0	0	0.000601056952981469	0.000601056952981469	1
CASSFAGAYNSPLHF	0	0	0.000601056952981469	0.000601056952981469	1
CASSLFVGSVPSNYGYTF	0	1.66733360010671e-05	0.000601056952981469	0.000601056952981469	2
CASSLGISRGNQPQHF	1.20560364574542e-05	0	0.000601056952981469	0.000601056952981469	2
CASSPLAGGSTDTQYF	0.000108504328117088	0.000233426704014939	0.000601056952981469	0.000601056952981469	3
CASSQSGSRGYTF	0	0	0.000601056952981469	0.000601056952981469	1
CATSRGQGDYGYTF	0	0	0.000601056952981469	0.000601056952981469	1
CASKSYTEAFF	0	0.000600240096038415	0	0.000600240096038415	1
CASSESSGSSYNEQFF	0	0.000600240096038415	0	0.000600240096038415	1
CASSLEGGAEAFF	0	0.000600240096038415	0	0.000600240096038415	1
CASSLESGTSYNEQFF	0	0.000600240096038415	0	0.000600240096038415	1
CASSLRGGYGYTF	0.000120560364574542	0.000600240096038415	0	0.000600240096038415	2
CASSPRSYLKGGYTF	0	0.000600240096038415	0.000170110458390982	0.000600240096038415	2
CASSPRTGNYEQYF	0	0.000600240096038415	0	0.000600240096038415	1
CASSPTRDPSYEQYF	0.000265232802063993	0.000600240096038415	0.000192791852843113	0.000600240096038415	3
CASSSNRVTEGNTIYF	0.000409905239553444	0.000600240096038415	0	0.000600240096038415	2
CASSSTPNTEAFF	0.000446073348925807	0.000600240096038415	0.000113406972260655	0.000600240096038415	3
CASSVPGAQETQYF	0	0.000600240096038415	0	0.000600240096038415	1
CATGGGQNTEAFF	0	0.000600240096038415	0.000147429063938851	0.000600240096038415	2
CSARTTSGTSTDTQYF	4.8224145829817e-05	0.000600240096038415	4.53627889042618e-05	0.000600240096038415	3
CSVEVGTSPYNEQFF	0	0.000600240096038415	0	0.000600240096038415	1
CASSLYVSGGTRGYTF	0.000590745786415258	0.000450180072028812	0.000442287191816553	0.000590745786415258	3
CASRPYSGTGANVLTF	0.000349625057266173	0	0.000589716255755404	0.000589716255755404	2
CASSPISQGTGTSGSPLHF	0	0	0.000589716255755404	0.000589716255755404	1
CASSQWAGGMNTEAFF	0	0	0.000589716255755404	0.000589716255755404	1
CASSRDTGELFF	0.000180840546861814	0	0.000589716255755404	0.000589716255755404	2
CASSSPGVAGGREQYF	0	0	0.000589716255755404	0.000589716255755404	1
CAWSDRTSGSNGYNEQFF	0.000180840546861814	0	0.000589716255755404	0.000589716255755404	2
CAISVQGDYGYTF	0	0.000583566760037348	0	0.000583566760037348	1
CASGLVLAGGPFTGELFF	0	0.000583566760037348	0	0.000583566760037348	1
CASSKGGGGRWQETQYF	0	0.000583566760037348	0	0.000583566760037348	1
CASSKLGGTASSEQFF	0	0.000583566760037348	0	0.000583566760037348	1
CASSPWDGNTEAFF	0	0.000583566760037348	0	0.000583566760037348	1
CASSQGQGAYGYTF	0	0.000583566760037348	0	0.000583566760037348	1
CASSWTSGSWEQYF	0	0.000583566760037348	0	0.000583566760037348	1
CASSYRVDSPLHF	0	0.000583566760037348	0	0.000583566760037348	1
CATSSRATGEGYTF	0.000578689749957804	0	0	0.000578689749957804	1
CASSFGYGETQYF	0.000120560364574542	0	0.000578375558529338	0.000578375558529338	2
CASSLGWSGTSGKLFF	0	0	0.000578375558529338	0.000578375558529338	1
CASGRLYEQYF	0.000253176765606539	1.66733360010671e-05	0.000567034861303273	0.000567034861303273	3
CASIRGRNTGELFF	0	0	0.000567034861303273	0.000567034861303273	1
CASSRGTSGTYEQYF	8.43922552021797e-05	0	0.000567034861303273	0.000567034861303273	2
CATSKDSLGQPNYGYTF	0	0	0.000567034861303273	0.000567034861303273	1
CATSRVVRIDTEAFF	0	0	0.000567034861303273	0.000567034861303273	1
CATSSHPSLAGGWGEQFF	0	0	0.000567034861303273	0.000567034861303273	1
CSGSTGYSEAFF	0	0	0.000567034861303273	0.000567034861303273	1
CASSFWTGDNSPLHF	0	0.000566893424036281	0	0.000566893424036281	1
CASSIGENGETQYF	2.41120729149085e-05	0.000566893424036281	0.000170110458390982	0.000566893424036281	3
CASSQERLSSGRERHEQYF	0	0.000566893424036281	0	0.000566893424036281	1
CASSSSGQNTGELFF	0	0.000566893424036281	0	0.000566893424036281	1
CSAQGYSYNEQFF	0.00031345694789381	0.000566893424036281	0	0.000566893424036281	2
CASSSGHFSSYNSPLHF	0.00056663371350035	0	0	0.00056663371350035	1
CATHLPGSNSPLHF	0.00056663371350035	0	0	0.00056663371350035	1
CASRTAGGPGEKLFF	0	0	0.000555694164077207	0.000555694164077207	1
CASSLAGVETQYF	0	0	0.000555694164077207	0.000555694164077207	1
CASSLDLYSPLHF	0	0	0.000555694164077207	0.000555694164077207	1
CASSPVPGQREAFF	0	0	0.000555694164077207	0.000555694164077207	1
CASSQDPGQGVFHTEAFF	0	0	0.000555694164077207	0.000555694164077207	1
CASSRLAGTPTQYF	0.000168784510404359	0	0.000555694164077207	0.000555694164077207	2
CASSRWDTTNTGELFF	0	0	0.000555694164077207	0.000555694164077207	1
CASSSTTGGDSEAFF	0	0	0.000555694164077207	0.000555694164077207	1
CASSYRPSGMKQFF	0	3.33466720021342e-05	0.000555694164077207	0.000555694164077207	2
CASSEGGVTYEQYF	0.000554577677042895	0	0	0.000554577677042895	1
CASSPAEMNTEAFF	0.000554577677042895	0	0	0.000554577677042895	1
CASSPTGGDNQPQHF	0.000554577677042895	0	0	0.000554577677042895	1
CASSQAREVNYGYTF	0.000554577677042895	0	0.000362902311234095	0.000554577677042895	2
CASTENRFRLGGKETGELFF	0.000554577677042895	0	0	0.000554577677042895	1
CAISGVAATGELFF	0	0.000550220088035214	0	0.000550220088035214	1
CASKTYEEDAFF	0.000434017312468353	0.000550220088035214	0.000260836036199506	0.000550220088035214	3
CASNAGQGLHSPLHF	0	0.000550220088035214	0	0.000550220088035214	1
CASSPLRDSGANVLTF	1.20560364574542e-05	0.000550220088035214	0	0.000550220088035214	2
CASSPLWGTEAFF	0	0.000550220088035214	0	0.000550220088035214	1
CASSPPGAGGETQYF	0	0.000550220088035214	0	0.000550220088035214	1
CASSPQGNQPQHF	0	0.000550220088035214	0	0.000550220088035214	1
CASSQESPGANVLTF	0	0.000550220088035214	7.93848805824582e-05	0.000550220088035214	2
CASSWTGSNQPQHF	0	0.000550220088035214	6.80441833563927e-05	0.000550220088035214	2
CASTLTPGQTMNTEAFF	0	0.000550220088035214	0	0.000550220088035214	1
CASTTDRGGTEAFF	0.000156728473946905	0.000550220088035214	0	0.000550220088035214	2
CASRIPGQGAYGYTF	4.8224145829817e-05	0	0.000544353466851142	0.000544353466851142	2
CASSFRDLRGGYTF	8.43922552021797e-05	0	0.000544353466851142	0.000544353466851142	2
CASSLRAPGLARYEQFF	0	0	0.000544353466851142	0.000544353466851142	1
CASSPQENTEAFF	0	0	0.000544353466851142	0.000544353466851142	1
CASSQPPNPSYEQYF	0.000192896583319268	0	0.000544353466851142	0.000544353466851142	2
CASSQSSGSSPLHF	0	0	0.000544353466851142	0.000544353466851142	1
CASSQVTSAGETQYF	0	0	0.000544353466851142	0.000544353466851142	1
CASSRGGGAFF	0.000156728473946905	0.000183406696011738	0.000544353466851142	0.000544353466851142	3
CASSSLPPDSNQPQHF	0.000530465604127987	0	0.000544353466851142	0.000544353466851142	2
CSARVGRRNEQFF	0	0	0.000544353466851142	0.000544353466851142	1
CASSQVWDSGEQYF	0.000542521640585441	0	0.000328880219555898	0.000542521640585441	2
CASSVVSEGEAFF	0.000542521640585441	0.000283446712018141	2.26813944521309e-05	0.000542521640585441	3
CATSRDRYGYTF	0.000542521640585441	0	0	0.000542521640585441	1
CATSRRTGQDEQYF	0.000542521640585441	0	0	0.000542521640585441	1
CASLAGGPNEQYF	0	0.000533546752034147	0	0.000533546752034147	1
CASQQGNYGYTF	0	0.000533546752034147	0	0.000533546752034147	1
CASRGGLSSTEAFF	1.20560364574542e-05	0.000533546752034147	6.80441833563927e-05	0.000533546752034147	3
CASSEGYLMRAPYQETQYF	0	0.000533546752034147	0	0.000533546752034147	1
CASSFSTCSANYGYTF	0	0.000533546752034147	0	0.000533546752034147	1
CASSHLRAGVSGELFF	0	0.000533546752034147	0	0.000533546752034147	1
CASSLLQPGSYEQYF	0	0.000533546752034147	0	0.000533546752034147	1
CASSLVGGTDQPQHF	0	0.000533546752034147	0	0.000533546752034147	1
CASSQWGLDTEAFF	0	0.000533546752034147	0	0.000533546752034147	1
CASSWGVSGANVLTF	0	0.000533546752034147	0.000226813944521309	0.000533546752034147	2
CATSGTGEANYGYTF	0	0.000533546752034147	0	0.000533546752034147	1
CATSRDGYPEDEQYF	0	0.000533546752034147	0	0.000533546752034147	1
CASAWGKTQYF	0	0	0.000533012769625077	0.000533012769625077	1
CASGLGTGGTEAFF	0	0	0.000533012769625077	0.000533012769625077	1
CASSLGTGGTEAFF	0	0	0.000533012769625077	0.000533012769625077	1
CASSPRAVNYNEQFF	0	0	0.000533012769625077	0.000533012769625077	1
CASSRGLAGRTGELFF	0	0	0.000533012769625077	0.000533012769625077	1
CATIKNSGDYEQYF	2.41120729149085e-05	0	0.000533012769625077	0.000533012769625077	2
CATSLTGNTEAFF	0	0	0.000533012769625077	0.000533012769625077	1
CATSQVFASTSGVFGHEQYF	3.61681093723627e-05	0	0.000533012769625077	0.000533012769625077	2
CATSRGRDYEQYF	0	0	0.000533012769625077	0.000533012769625077	1
CSAFGGRGRSYEQYF	0	0	0.000533012769625077	0.000533012769625077	1
CSAIGLAGSSYEQYF	0	0	0.000533012769625077	0.000533012769625077	1
CSARDSQNEKLFF	2.41120729149085e-05	0	0.000533012769625077	0.000533012769625077	2
CASSLDGGEREQYF	0.000530465604127987	0	0	0.000530465604127987	1
CASSQDRTSGIYEQYF	0.000530465604127987	0	0	0.000530465604127987	1
CASSYGETQYF	0.000530465604127987	0	0	0.000530465604127987	1
CATSRGVLRNSPLHF	0.000530465604127987	0	0	0.000530465604127987	1
CASGRGLAGGVETQYF	0	0	0.000521672072399011	0.000521672072399011	1
CASSGASSNQPQHF	2.41120729149085e-05	0	0.000521672072399011	0.000521672072399011	2
CASSPMARAETQYF	0.000241120729149085	0	0.000521672072399011	0.000521672072399011	2
CASSPNQETQYF	0	0	0.000521672072399011	0.000521672072399011	1
CASSQDPKGGQQYF	7.23362187447255e-05	0	0.000521672072399011	0.000521672072399011	2
CASSRLAGSDEQFF	0.000120560364574542	0	0.000521672072399011	0.000521672072399011	2
CATSRRQGSGYTF	0	0	0.000521672072399011	0.000521672072399011	1
CSASQNRAVNTEAFF	0.000229064692691631	0	0.000521672072399011	0.000521672072399011	2
CASSFRDSVVGTQYF	0.000518409567670533	0	7.93848805824582e-05	0.000518409567670533	2
CASSFRNGAYGYTF	0	0.00051687341603308	0.00012474766948672	0.00051687341603308	2
CASSLGDGELFF	1.20560364574542e-05	0.00051687341603308	7.93848805824582e-05	0.00051687341603308	3
CASSLGRGQGTGELFF	0	0.00051687341603308	0	0.00051687341603308	1
CASSQASTDRDTEAFF	0.000265232802063993	0.00051687341603308	0	0.00051687341603308	2
CASSRSRTNYGYTF	0.000120560364574542	0.00051687341603308	0.000396924402912291	0.00051687341603308	3
CSVDPGGRLNEQFF	0	0.00051687341603308	0	0.00051687341603308	1
CASGGGGKTQYF	0	0	0.000510331375172946	0.000510331375172946	1
CASSESRGTPLHF	0	0	0.000510331375172946	0.000510331375172946	1
CASSLNRLSGANVLTF	0	0	0.000510331375172946	0.000510331375172946	1
CASSPKGGGTEAFF	0	0	0.000510331375172946	0.000510331375172946	1
CASSRYNTEAFF	0	0	0.000510331375172946	0.000510331375172946	1
CASSYATWDEQFF	0	0	0.000510331375172946	0.000510331375172946	1
CATSSDTYGYTF	0	0	0.000510331375172946	0.000510331375172946	1
CAWKWGPMNTEAFF	6.02801822872712e-05	0	0.000510331375172946	0.000510331375172946	2
CASSLLAITGELFF	0.000506353531213078	0	0	0.000506353531213078	1
CASSPSLSYNEQFF	0.000506353531213078	0.000316793384020275	0	0.000506353531213078	2
CAIRPGSGTEAFF	0.000144672437489451	0.000500200080032013	5.67034861303273e-05	0.000500200080032013	3
CASARSGRAVETQYF	0	0.000500200080032013	0	0.000500200080032013	1
CASRGGGAGNEQFF	0	0.000500200080032013	0	0.000500200080032013	1
CASRPTGLEAFF	0	0.000500200080032013	0	0.000500200080032013	1
CASSITGFRETQYF	0	0.000500200080032013	0	0.000500200080032013	1
CASSLASPGQGANEQYF	0	0.000500200080032013	0	0.000500200080032013	1
CASSLGPSGGSYEQYF	1.20560364574542e-05	0.000500200080032013	0.000306198825103767	0.000500200080032013	3
CASSLVGTVQETQYF	0.000144672437489451	0.000500200080032013	0.000442287191816553	0.000500200080032013	3
CASSPPGTGFYGYTF	0	0.000500200080032013	0	0.000500200080032013	1
CASSPQGATEAFF	0	0.000500200080032013	0	0.000500200080032013	1
CASSQEVSYNEQFF	0.000277288838521448	0.000500200080032013	0	0.000500200080032013	2
CASSYSTHTGTADYGYTF	0	0.000500200080032013	0	0.000500200080032013	1
CASSYTGYYGYTF	0	0.000500200080032013	0	0.000500200080032013	1
CSASGSYEQYF	0	0.000500200080032013	0.000136088366712785	0.000500200080032013	2
CASSFGGGSYEQYF	6.02801822872712e-05	0	0.00049899067794688	0.00049899067794688	2
CASSGASNSPLHF	0.000470185421840716	0	0.00049899067794688	0.00049899067794688	2
CASSLGTGGNQPQHF	0	0	0.00049899067794688	0.00049899067794688	1
CASSLRFGGGTGELFF	0	0	0.00049899067794688	0.00049899067794688	1
CASSLVPYEQYF	0	0	0.00049899067794688	0.00049899067794688	1
CASSQDHEQFF	9.6448291659634e-05	0	0.00049899067794688	0.00049899067794688	2
CASSQYQTGVNTEAFF	0.000289344874978902	0	0.00049899067794688	0.00049899067794688	2
CASSRVGGVNTEAFF	0	0	0.00049899067794688	0.00049899067794688	1
CATSRLPGQGGQNTGELFF	0.000168784510404359	0	0.00049899067794688	0.00049899067794688	2
CATSRTSGRAYNEQFF	0	0	0.00049899067794688	0.00049899067794688	1
CSGSDSNYGYTF	0	0	0.00049899067794688	0.00049899067794688	1
CASSRPTSGRGETQYF	0.000494297494755624	0	0	0.000494297494755624	1
CSAPGSNNQPQHF	0.000494297494755624	0.000150060024009604	0	0.000494297494755624	2
CSVDTRDPIRGVDSEQFF	0.000494297494755624	0	0	0.000494297494755624	1
CASSDSRSPGELFF	0	0	0.000487649980720815	0.000487649980720815	1
CASSFGLAPTDTQYF	0	0	0.000487649980720815	0.000487649980720815	1
CASSLAGQILNYGYTF	0	0	0.000487649980720815	0.000487649980720815	1
CASSPPGSVNYGYTF	0	0	0.000487649980720815	0.000487649980720815	1
CATSFRAQQDGYTF	0	0	0.000487649980720815	0.000487649980720815	1
CATSPRAAGSGTEAFF	0	0	0.000487649980720815	0.000487649980720815	1
CSVIVVEGADGYTF	0	0	0.000487649980720815	0.000487649980720815	1
CSVRILAGVETQYF	0	0	0.000487649980720815	0.000487649980720815	1
CAISESRQGGLGEQYF	0	0.000483526744030946	0	0.000483526744030946	1
CAISHSLPGQGERGYTF	0.000229064692691631	0.000483526744030946	0	0.000483526744030946	2
CASSETRPTQETQYF	0.000108504328117088	0.000483526744030946	0	0.000483526744030946	2
CASSFRRREQFF	0	0.000483526744030946	0	0.000483526744030946	1
CASSLARTKEGGYEQYF	0	0.000483526744030946	0	0.000483526744030946	1
CASSPMNSDGYTF	0	0.000483526744030946	0	0.000483526744030946	1
CASSPPGTSPYNEQFF	0	0.000483526744030946	0	0.000483526744030946	1
CASSVAGLASNEQFF	8.43922552021797e-05	0.000483526744030946	0	0.000483526744030946	2
CASSYLGGTEAFF	0	0.000483526744030946	0.000306198825103767	0.000483526744030946	2
CASTGRVGAYEQYF	0	0.000483526744030946	0	0.000483526744030946	1
CASTTGPTDEQYF	0	0.000483526744030946	0	0.000483526744030946	1
CASGRIPRGQETQYF	0.00048224145829817	0	0	0.00048224145829817	1
CASRRDSSSYEQYF	0.00048224145829817	0	0	0.00048224145829817	1
CASSPANSYEQYF	0.00048224145829817	0	0.000453627889042618	0.00048224145829817	2
CAISERQGNTEAFF	0.000265232802063993	0	0.000476309283494749	0.000476309283494749	2
CASRKSGTGRNQPQHF	0.000265232802063993	0	0.000476309283494749	0.000476309283494749	2
CASSGLAGGLYEQYF	0.000108504328117088	6.66933440042684e-05	0.000476309283494749	0.000476309283494749	3
CASSRGQGNTEAFF	0	0	0.000476309283494749	0.000476309283494749	1
CASSRTGGLNQPQHF	0	0	0.000476309283494749	0.000476309283494749	1
CATRARYNEQFF	0	0	0.000476309283494749	0.000476309283494749	1
CATRNQGANGANVLTF	0	0	0.000476309283494749	0.000476309283494749	1
CSVARDAGELFF	0	0	0.000476309283494749	0.000476309283494749	1
CASSPEGQYGYTF	0.000470185421840716	0	0	0.000470185421840716	1
CASSPNWGNSPLHF	0.000470185421840716	0	0	0.000470185421840716	1
CAIRNTGELFF	0	0.000466853408029879	0.000430946494590487	0.000466853408029879	2
CAITGGYTGELFF	0	0.000466853408029879	0	0.000466853408029879	1
CASSLGTGYEQYF	0.000120560364574542	0.000466853408029879	0.000272176733425571	0.000466853408029879	3
CASSLVYTSGRSYEQYF	0	0.000466853408029879	0.000260836036199506	0.000466853408029879	2
CASSQSRDRYYEQYF	0	0.000466853408029879	0	0.000466853408029879	1
CASSTTGGSYEQYF	0	0.000466853408029879	0	0.000466853408029879	1
CASSQLLGTQYF	0	0.000466853408029879	0	0.000466853408029879	1
CASRDSRSSYNSPLHF	0	0	0.000464968586268684	0.000464968586268684	1
CASSPPGGIGYGYTF	0	0	0.000464968586268684	0.000464968586268684	1
CASSQGGSREKLFF	1.20560364574542e-05	3.33466720021342e-05	0.000464968586268684	0.000464968586268684	3
CASSRTPSYEQYF	0.000144672437489451	0	0.000464968586268684	0.000464968586268684	2
CASSSGLSNQPQHF	0	0.000133386688008537	0.000464968586268684	0.000464968586268684	2
CSARVSSGSMNSPLHF	0	0	0.000464968586268684	0.000464968586268684	1
CASSLGYNEQFF	0.000458129385383261	0.000166733360010671	0	0.000458129385383261	2
CATSSGLSYEQYF	0.000458129385383261	0	0	0.000458129385383261	1
CASPLDPPGTDLVWKGTEAFF	0	0	0.000453627889042618	0.000453627889042618	1
CASSKPGLAGVGELFF	0	0	0.000453627889042618	0.000453627889042618	1
CASSLAGGNTGELFF	0.000229064692691631	0	0.000453627889042618	0.000453627889042618	2
CASSMMSASGEQYF	4.8224145829817e-05	8.33666800053355e-05	0.000453627889042618	0.000453627889042618	3
CASSSERGAFF	0	0	0.000453627889042618	0.000453627889042618	1
CASSSPGGSPNEKLFF	8.43922552021797e-05	0	0.000453627889042618	0.000453627889042618	2
CATSPHGLNQPQHF	0	0	0.000453627889042618	0.000453627889042618	1
CAISDTLASGELFF	0	0.000450180072028812	0	0.000450180072028812	1
CAISESGNTEAFF	0	0.000450180072028812	0	0.000450180072028812	1
CASIYRPDTEAFF	0	0.000450180072028812	9.07255778085237e-05	0.000450180072028812	2
CASQEMGGANVLTF	0	0.000450180072028812	0	0.000450180072028812	1
CASSFSYEQYF	0.000361681093723627	0.000450180072028812	0	0.000450180072028812	2
CASSLQAPQPQHF	0	0.000450180072028812	0	0.000450180072028812	1
CASSLQGSYEQYF	0.00031345694789381	0.000450180072028812	0	0.000450180072028812	2
CASSPNLQGVRYGYTF	0.000301400911436356	0.000450180072028812	0	0.000450180072028812	2
CASSPRDRGNTGELFF	0.000241120729149085	0.000450180072028812	0.000442287191816553	0.000450180072028812	3
CASSQGGAGGNSGEQYF	0.000325512984351265	0.000450180072028812	0	0.000450180072028812	2
CASSQYGTSGAYEQYF	0.000192896583319268	0.000450180072028812	0	0.000450180072028812	2
CASSSGLGGPNSPLHF	0	0.000450180072028812	0	0.000450180072028812	1
CSAQQGSSGHTEAFF	0	0.000450180072028812	0	0.000450180072028812	1
CSARKGGGGSGEQYF	0	0.000450180072028812	0	0.000450180072028812	1
CASSEPASQETQYF	0.000446073348925807	0	0	0.000446073348925807	1
CASSLYSGTAETQYF	0.000446073348925807	0	0	0.000446073348925807	1
CASNPGQGFSNQPQHF	0	0	0.000442287191816553	0.000442287191816553	1
CASSKGQGEAGANVLTF	0	0	0.000442287191816553	0.000442287191816553	1
CASSLAGTGIDYGYTF	0	0	0.000442287191816553	0.000442287191816553	1
CASSLVSGYEQYF	0	0	0.000442287191816553	0.000442287191816553	1
CASSPRTVANQPQHF	0	0	0.000442287191816553	0.000442287191816553	1
CASSQGFTEAFF	0	0	0.000442287191816553	0.000442287191816553	1
CASSVNPDGSPLHF	0.000361681093723627	0	0.000442287191816553	0.000442287191816553	2
CASSWSGEDGYTF	0	0	0.000442287191816553	0.000442287191816553	1
CASTLTRDSYYNEQFF	0	0	0.000442287191816553	0.000442287191816553	1
CATSKRTSGNGYEQYF	0	0	0.000442287191816553	0.000442287191816553	1
CSVALGTGGLETQYF	0	0	0.000442287191816553	0.000442287191816553	1
CSVRLEGNEQFF	0	0	0.000442287191816553	0.000442287191816553	1
CASRWTSEIGELFF	0.000434017312468353	0	0.000102066275034589	0.000434017312468353	2
CASSGALSSGANVLTF	0.000434017312468353	0	0	0.000434017312468353	1
CASSHLGQDGSGANVLTF	0.000434017312468353	0	0.000215473247295244	0.000434017312468353	2
CASSLAIGGGGAFF	0.000434017312468353	0	0	0.000434017312468353	1
CASSQDKKEGLNEKLFF	0.000434017312468353	0	0	0.000434017312468353	1
CASTGGESSGANVLTF	0.000434017312468353	0	0	0.000434017312468353	1
CATSSAVYGYTF	0.000434017312468353	0	0	0.000434017312468353	1
CASSLGGATDTQYF	0.000434017312468353	0.000316793384020275	2.26813944521309e-05	0.000434017312468353	3
CAISDDRSSPLHF	0	0.000433506736027744	0	0.000433506736027744	1
CAISESKAGTYEQYF	9.6448291659634e-05	0.000433506736027744	0	0.000433506736027744	2
CASQTRGAVNEQFF	0	0.000433506736027744	0	0.000433506736027744	1
CASSFHRTANYGYTF	0	0.000433506736027744	0.00012474766948672	0.000433506736027744	2
CASSLARLVSSTDTQYF	0	0.000433506736027744	0	0.000433506736027744	1
CASSLEGSYGNTIYF	0	0.000433506736027744	0	0.000433506736027744	1
CASSLGFSGANVLTF	0	0.000433506736027744	0	0.000433506736027744	1
CASSLLGQPIEKLFF	0.000204952619776722	0.000433506736027744	0.00012474766948672	0.000433506736027744	3
CASSQDASGTNIQYF	8.43922552021797e-05	0.000433506736027744	0	0.000433506736027744	2
CASSQPGLSTGELFF	0	0.000433506736027744	0	0.000433506736027744	1
CASSSYFQETQYF	0	0.000433506736027744	0	0.000433506736027744	1
CSARGRDKTLNTEAFF	0.000144672437489451	0.000433506736027744	0.000136088366712785	0.000433506736027744	3
CSASRDREGSPLHF	0	0.000433506736027744	0	0.000433506736027744	1
CASKPGQASYGYTF	4.8224145829817e-05	0.000200080032012805	0.000430946494590487	0.000430946494590487	3
CAISEGDFRNYGYTF	0	0	0.000430946494590487	0.000430946494590487	1
CASRKDRARGFYPEQFF	0	0	0.000430946494590487	0.000430946494590487	1
CASSATGSPSPLHF	0	0	0.000430946494590487	0.000430946494590487	1
CASSDGLSYGYTF	0	0	0.000430946494590487	0.000430946494590487	1
CASSLDRYTEAFF	0.000373737130181082	0	0.000430946494590487	0.000430946494590487	2
CASSLWGFNTEAFF	0	0	0.000430946494590487	0.000430946494590487	1
CASSPGRQTEAFF	0	0	0.000430946494590487	0.000430946494590487	1
CASSQDPLGAGEQFF	0.000120560364574542	0.000383486728024543	0.000430946494590487	0.000430946494590487	3
CASSSGPYNSPLHF	0	1.66733360010671e-05	0.000430946494590487	0.000430946494590487	2
CATSRDYAENEKLFF	0	0	0.000430946494590487	0.000430946494590487	1
CATSRERQTNTEAFF	0.000265232802063993	0	0.000430946494590487	0.000430946494590487	2
CAWTQGKTEAFF	0	0.000100040016006403	0.000430946494590487	0.000430946494590487	2
CSARDPHRLPYGYTF	0	0	0.000430946494590487	0.000430946494590487	1
CASSEGVASPNEQYF	0.000421961276010899	0	0	0.000421961276010899	1
CASSENWVAGPQHF	0.000421961276010899	0	0	0.000421961276010899	1
CASSGQYNQPQHF	0.000421961276010899	0	0	0.000421961276010899	1
CASSLGLSGGGYNEQFF	0.000421961276010899	0	0	0.000421961276010899	1
CASSPRDSNEQYF	0.000421961276010899	0	0	0.000421961276010899	1
CASSQGLAGPDGYTGELFF	0.000421961276010899	0.000100040016006403	0	0.000421961276010899	2
CASSTDGNHEQYF	0.000421961276010899	0.000300120048019208	0	0.000421961276010899	2
CSAAVSWNTEAFF	0.000421961276010899	0	0	0.000421961276010899	1
CSAISRARQGPYEQYF	0.000421961276010899	0	0	0.000421961276010899	1
CSVESTEQEQFF	0.000421961276010899	0.000333466720021342	7.93848805824582e-05	0.000421961276010899	3
CASSAGPLNQPQHF	0	0	0.000419605797364422	0.000419605797364422	1
CASSDFGLAGGPSYEQYF	0.000241120729149085	0	0.000419605797364422	0.000419605797364422	2
CASSEFNEVGTEAFF	0	0	0.000419605797364422	0.000419605797364422	1
CASSLGLAGTGELFF	0.000132616401031997	0	0.000419605797364422	0.000419605797364422	2
CASSLVARSSYEQYF	0	0	0.000419605797364422	0.000419605797364422	1
CASSRDYNPAYEQYF	1.20560364574542e-05	0	0.000419605797364422	0.000419605797364422	2
CASSSGQPNTEAFF	0.000180840546861814	0	0.000419605797364422	0.000419605797364422	2
CASSVVDTEAFF	4.8224145829817e-05	0	0.000419605797364422	0.000419605797364422	2
CASTRGLGTEAFF	0	0	0.000419605797364422	0.000419605797364422	1
CSARDGNQPQHF	0	0	0.000419605797364422	0.000419605797364422	1
CSGSYNEQFF	0	0	0.000419605797364422	0.000419605797364422	1
CASSFTGTYGETQYF	0.000325512984351265	0.000416833400026677	0	0.000416833400026677	2
CASSPQESPEAFF	0.000108504328117088	0.000416833400026677	0	0.000416833400026677	2
CASSQGGGYTF	0	0.000416833400026677	0	0.000416833400026677	1
CASSRGDSPTYEQYF	0	0.000416833400026677	0	0.000416833400026677	1
CASSYLGGPRETQYF	0	0.000416833400026677	7.93848805824582e-05	0.000416833400026677	2
CASSYRPVAGELFF	0	0.000416833400026677	0	0.000416833400026677	1
CASTYFAAGGYEQYF	0	0.000416833400026677	0	0.000416833400026677	1
CATSRGRGTNEKLFF	0	0.000416833400026677	0	0.000416833400026677	1
CSARNSDRDWDEQYF	6.02801822872712e-05	0.000416833400026677	0	0.000416833400026677	2
CASSDARQNTGELFF	0.000409905239553444	0	0	0.000409905239553444	1
CASSGGLAGGPPSYNEQFF	0.000409905239553444	0.000133386688008537	0	0.000409905239553444	2
CASSPLAQGEGRETQYF	0.000409905239553444	0	0	0.000409905239553444	1
CASSPMERRQEQYF	0.000409905239553444	0	0.000147429063938851	0.000409905239553444	2
CASSQVGQETQYF	0.000409905239553444	0	0	0.000409905239553444	1
CATSRDPETQYF	0.000409905239553444	0	0	0.000409905239553444	1
CSVRMGGTEAFF	0.000409905239553444	0	0	0.000409905239553444	1
CASSFSGTERDEQYF	8.43922552021797e-05	0	0.000408265100138357	0.000408265100138357	2
CASSLAGGGYTF	0	0.000150060024009604	0.000408265100138357	0.000408265100138357	2
CASSLAQLRGGNSPLHF	0	0	0.000408265100138357	0.000408265100138357	1
CASSLGGVNTEAFF	0	0	0.000408265100138357	0.000408265100138357	1
CASSLLAGSVAGELFF	0	0	0.000408265100138357	0.000408265100138357	1
CASSLTGAFATNEKLFF	0	0	0.000408265100138357	0.000408265100138357	1
CASSQAWENSPLHF	0	0	0.000408265100138357	0.000408265100138357	1
CASSQRVYNSPLHF	1.20560364574542e-05	0	0.000408265100138357	0.000408265100138357	2
CASSQVEGAMNTEAFF	0	0	0.000408265100138357	0.000408265100138357	1
CASSQVSSEKETQYF	0	0	0.000408265100138357	0.000408265100138357	1
CASSRAPGHRAPYEQYF	0	0	0.000408265100138357	0.000408265100138357	1
CASSRTSGSYEQYF	7.23362187447255e-05	0.000233426704014939	0.000408265100138357	0.000408265100138357	3
CASSVPGKRDGYTF	0	0	0.000408265100138357	0.000408265100138357	1
CATSRDPTGQETQYF	0	0	0.000408265100138357	0.000408265100138357	1
CSVERQGLDYGYTF	0	0	0.000408265100138357	0.000408265100138357	1
CAISPAILPYEQYF	0	0.00040016006402561	4.53627889042618e-05	0.00040016006402561	2
CASSASGPRNQPQHF	0	0.00040016006402561	0	0.00040016006402561	1
CASSFVRNTEAFF	0	0.00040016006402561	0	0.00040016006402561	1
CASSLGRVETQYF	7.23362187447255e-05	0.00040016006402561	0.000238154641747375	0.00040016006402561	3
CASSPAPTREMFF	0	0.00040016006402561	0	0.00040016006402561	1
CASSPLSGQNTGELFF	0	0.00040016006402561	0	0.00040016006402561	1
CASSQGEGGDYGYTF	0	0.00040016006402561	0	0.00040016006402561	1
CASSRGWEPQHF	0	0.00040016006402561	0	0.00040016006402561	1
CASSVPGRLNTEAFF	0	0.00040016006402561	0	0.00040016006402561	1
CSARDRGSGNSPLHF	0	0.00040016006402561	0	0.00040016006402561	1
CSARHPRQGSSEQYF	0	0.00040016006402561	0	0.00040016006402561	1
CATGPGQGTHEQYF	0.00039784920309599	0	0	0.00039784920309599	1
CASSEDRGRFSEAFF	0.000144672437489451	0	0.000396924402912291	0.000396924402912291	2
CASSMGGELFF	0.000289344874978902	0	0.000396924402912291	0.000396924402912291	2
CASSPGDRVNTEAFF	0	0	0.000396924402912291	0.000396924402912291	1
CASSPPERGGIEQYF	0	0	0.000396924402912291	0.000396924402912291	1
CASSPRAGTDSPLHF	0	0	0.000396924402912291	0.000396924402912291	1
CASSPYFGGDTGRGGVQETQYF	0.000108504328117088	0	0.000396924402912291	0.000396924402912291	2
CASSSFSGLHHYEQYF	0.000229064692691631	0	0.000396924402912291	0.000396924402912291	2
CATSRVPTYEQYF	0	0	0.000396924402912291	0.000396924402912291	1
CATTKQGDEKLFF	0	0	0.000396924402912291	0.000396924402912291	1
CASKRDFSTGELFF	0.000385793166638536	0	0	0.000385793166638536	1
CASSLWSGELFF	0.000385793166638536	0	0	0.000385793166638536	1
CASSTQGNEKLFF	0.000385793166638536	0	0	0.000385793166638536	1
CATSRDSGPLGGYTF	0.000385793166638536	0	0	0.000385793166638536	1
CSVEGPGELFF	0.000385793166638536	0	0	0.000385793166638536	1
CASSARTGALNSPLHF	0	0	0.000385583705686226	0.000385583705686226	1
CASSENWQGAGNTIYF	0	0	0.000385583705686226	0.000385583705686226	1
CASSFGVLGNTIYF	0	0	0.000385583705686226	0.000385583705686226	1
CASSGGPGTQYF	0	0	0.000385583705686226	0.000385583705686226	1
CASSLEEGNNYGYTF	0	0	0.000385583705686226	0.000385583705686226	1
CASSLIAGPSYEQYF	0.000301400911436356	0	0.000385583705686226	0.000385583705686226	2
CASSLVAGEQYF	0	0	0.000385583705686226	0.000385583705686226	1
CASSPGFVGSPLHF	0	0	0.000385583705686226	0.000385583705686226	1
CASSPGTSGARRQYF	0	0	0.000385583705686226	0.000385583705686226	1
CASSPIPGLAGLSSYNEQFF	7.23362187447255e-05	0	0.000385583705686226	0.000385583705686226	2
CASSPRTLNTEAFF	0	0	0.000385583705686226	0.000385583705686226	1
CASSPSGQETQYF	0	0	0.000385583705686226	0.000385583705686226	1
CASSQDASSGNTIYF	0.000156728473946905	0.000216753368013872	0.000385583705686226	0.000385583705686226	3
CASSQEIARELFF	0	0	0.000385583705686226	0.000385583705686226	1
CASSQGGVTEAFF	0	0	0.000385583705686226	0.000385583705686226	1
CASSQGQDNSPLHF	0	0	0.000385583705686226	0.000385583705686226	1
CASSRDRSYEQYF	0	0	0.000385583705686226	0.000385583705686226	1
CASSSRGMNTEAFF	0	0	0.000385583705686226	0.000385583705686226	1
CASSTKGQGTEKLFF	7.23362187447255e-05	0.000283446712018141	0.000385583705686226	0.000385583705686226	3
CASSVYRDGGYTF	0	0	0.000385583705686226	0.000385583705686226	1
CATRPGPLNTEAFF	0	0	0.000385583705686226	0.000385583705686226	1
CATSGGTGTQGYTF	0	0	0.000385583705686226	0.000385583705686226	1
CATSRDKGLASSGANVLTF	0	0	0.000385583705686226	0.000385583705686226	1
CATSSAPPYEQYF	0	0	0.000385583705686226	0.000385583705686226	1
CAISGASGNTGELFF	1.20560364574542e-05	0.000383486728024543	0	0.000383486728024543	2
CASGLVPLQGQFSYEQYF	0	0.000383486728024543	0	0.000383486728024543	1
CASRPGTGANQPQHF	0	0.000383486728024543	0	0.000383486728024543	1
CASSIGGFNEQFF	0.000168784510404359	0.000383486728024543	0	0.000383486728024543	2
CASSLQGGTAYEQYF	0	0.000383486728024543	0	0.000383486728024543	1
CASSLRGHTGELFF	0	0.000383486728024543	0	0.000383486728024543	1
CASSLVDEQFF	0	0.000383486728024543	0	0.000383486728024543	1
CASSQMETEGGPGDEQFF	0	0.000383486728024543	0	0.000383486728024543	1
CASSQSGEAEAFF	0	0.000383486728024543	0	0.000383486728024543	1
CASSYPRGSSTEAFF	0	0.000383486728024543	0.000136088366712785	0.000383486728024543	2
CASTLTGNAEAFF	8.43922552021797e-05	0.000383486728024543	0.00037424300846016	0.000383486728024543	3
CSARPGQGPQETQYF	0.000120560364574542	0.000383486728024543	0.000192791852843113	0.000383486728024543	3
CSVVGTSGRVYEQYF	0	0.000383486728024543	0	0.000383486728024543	1
CASSHGTLNTEAFF	8.43922552021797e-05	0.000100040016006403	0.00037424300846016	0.00037424300846016	3
CASSIGEGNSPLHF	0	0	0.00037424300846016	0.00037424300846016	1
CASSLGVTQETQYF	0	0	0.00037424300846016	0.00037424300846016	1
CASSPDPQSTEAFF	0.000108504328117088	0.000216753368013872	0.00037424300846016	0.00037424300846016	3
CASSPPHRSQETQYF	4.8224145829817e-05	0	0.00037424300846016	0.00037424300846016	2
CASSPQETQYF	0	1.66733360010671e-05	0.00037424300846016	0.00037424300846016	2
CASSQDLRGNYGYTF	0	0	0.00037424300846016	0.00037424300846016	1
CASSRGATGVGYTF	0	0	0.00037424300846016	0.00037424300846016	1
CASSRGTGGVYEQYF	0	0	0.00037424300846016	0.00037424300846016	1
CASSSFHRLAGSYEQYF	0	0	0.00037424300846016	0.00037424300846016	1
CASSSGESNQPQHF	0	0	0.00037424300846016	0.00037424300846016	1
CATSRESQQETQYF	0	0	0.00037424300846016	0.00037424300846016	1
CSALDSPYNEQFF	0	0	0.00037424300846016	0.00037424300846016	1
CSVRQGRGGYTF	0	0	0.00037424300846016	0.00037424300846016	1
CASSFPLSPGELFF	0.000373737130181082	0	0	0.000373737130181082	1
CASSGPGTGKRDSPLHF	0.000373737130181082	0	0	0.000373737130181082	1
CASSLEGQDQETQYF	0.000373737130181082	0	0	0.000373737130181082	1
CASSLLRLNTEAFF	0.000373737130181082	0	0	0.000373737130181082	1
CASSQDSGFLNTGELFF	0.000373737130181082	0	0	0.000373737130181082	1
CASSQEDRGYEQYF	0.000373737130181082	0	0.000192791852843113	0.000373737130181082	2
CASSQGGAYATGELFF	0.000373737130181082	0	0	0.000373737130181082	1
CASSSGQGFGYTF	0.000373737130181082	0	0	0.000373737130181082	1
CATSLGTTSGRETQYF	0.000373737130181082	0	0	0.000373737130181082	1
CSARWGDEQYF	0.000373737130181082	0	0	0.000373737130181082	1
CAIQQGMVNEQFF	0	0.000366813392023476	0	0.000366813392023476	1
CAISEGRFSNQPQHF	0	0.000366813392023476	0	0.000366813392023476	1
CASNLAGLGGYTF	0	0.000366813392023476	0.000260836036199506	0.000366813392023476	2
CASPWGGKTEAFF	0	0.000366813392023476	0	0.000366813392023476	1
CASRAVLTEAFF	0	0.000366813392023476	0	0.000366813392023476	1
CASSFAGGTREQYF	0	0.000366813392023476	0	0.000366813392023476	1
CASSFTSGSFGELFF	0	0.000366813392023476	0	0.000366813392023476	1
CASSLVWGTQGKQFF	0	0.000366813392023476	0.000204132550069178	0.000366813392023476	2
CASSPPLAANINEQFF	0.000265232802063993	0.000366813392023476	0	0.000366813392023476	2
CASSQAIGVTNYEQYF	0	0.000366813392023476	0	0.000366813392023476	1
CASSQGQGDQPQHF	0	0.000366813392023476	0	0.000366813392023476	1
CASSQISGTILPYEQYF	0	0.000366813392023476	0	0.000366813392023476	1
CASSTGTGYGYTF	0	0.000366813392023476	0	0.000366813392023476	1
CASSTTQGPVDNSPLHF	0	0.000366813392023476	0.000204132550069178	0.000366813392023476	2
CASSVSQGDEQYF	0	0.000366813392023476	0	0.000366813392023476	1
CASSYHHEAFF	0	0.000366813392023476	0	0.000366813392023476	1
CASTRRALAGGSSYEQYF	0	0.000366813392023476	0	0.000366813392023476	1
CSASLTGTVVTEAFF	0	0.000366813392023476	0	0.000366813392023476	1
CAISATSGSGELFF	7.23362187447255e-05	0	0.000362902311234095	0.000362902311234095	2
CAISESKVSPLHF	0	0	0.000362902311234095	0.000362902311234095	1
CASATYRGVTDTQYF	0.000132616401031997	0.000133386688008537	0.000362902311234095	0.000362902311234095	3
CASSDLDRGLLNEKLFF	7.23362187447255e-05	0	0.000362902311234095	0.000362902311234095	2
CASSFSRSYEQYF	0	1.66733360010671e-05	0.000362902311234095	0.000362902311234095	2
CASSLEDRGHEQYF	0	0	0.000362902311234095	0.000362902311234095	1
CASSLGQDQPQHF	2.41120729149085e-05	0	0.000362902311234095	0.000362902311234095	2
CASSLGQGSSPLHF	0	0	0.000362902311234095	0.000362902311234095	1
CASSLNNPSYGYTF	0	0	0.000362902311234095	0.000362902311234095	1
CASSLRTSGREYNEQFF	0	0	0.000362902311234095	0.000362902311234095	1
CASSPIQETQYF	0	0	0.000362902311234095	0.000362902311234095	1
CASSQRQGGEQYF	0	0	0.000362902311234095	0.000362902311234095	1
CASSRRPLSGLTF	0	0	0.000362902311234095	0.000362902311234095	1
CASSTLPVVHEQFF	0.000361681093723627	0.000283446712018141	0.000362902311234095	0.000362902311234095	3
CATSGALLYEQYF	0	0	0.000362902311234095	0.000362902311234095	1
CATSGPWVRTGELFF	0.000349625057266173	0	0.000362902311234095	0.000362902311234095	2
CASSFGWVGEAFF	0.000361681093723627	0	0	0.000361681093723627	1
CASSRTGPNYGYTF	0.000361681093723627	0	0	0.000361681093723627	1
CSAGLISPFEAFF	0.000361681093723627	0	0.000181451155617047	0.000361681093723627	2
CASRGDWGQDYTGELFF	0	0	0.000351561614008029	0.000351561614008029	1
CASSAGPEGGSYNEQFF	4.8224145829817e-05	0	0.000351561614008029	0.000351561614008029	2
CASSAPGLYYEQYF	0	0	0.000351561614008029	0.000351561614008029	1
CASSEAKTQYF	0	0	0.000351561614008029	0.000351561614008029	1
CASSEQGIYYTF	4.8224145829817e-05	0	0.000351561614008029	0.000351561614008029	2
CASSEYRGGPVETQYF	0	0	0.000351561614008029	0.000351561614008029	1
CASSLAPQGKSNYGYTF	0	0	0.000351561614008029	0.000351561614008029	1
CASSLERSSYEQYF	0	0	0.000351561614008029	0.000351561614008029	1
CASSLGRQETQYF	1.20560364574542e-05	0	0.000351561614008029	0.000351561614008029	2
CASSLQGLEATEAFF	0	0	0.000351561614008029	0.000351561614008029	1
CASSLYPNTEAFF	0	0	0.000351561614008029	0.000351561614008029	1
CASSPGQGYEQYF	0	0	0.000351561614008029	0.000351561614008029	1
CASSPQGLGSPLHF	0	0	0.000351561614008029	0.000351561614008029	1
CASSSGIQETQYF	0	0	0.000351561614008029	0.000351561614008029	1
CSVDRPNYGYTF	0	0	0.000351561614008029	0.000351561614008029	1
CSVRTGGRSGELFF	0	0	0.000351561614008029	0.000351561614008029	1
CAITGSASSYEQYF	0	0.000350140056022409	0	0.000350140056022409	1
CASRFRENNEQFF	0	0.000350140056022409	0.000226813944521309	0.000350140056022409	2
CASSFYFNEQFF	0	0.000350140056022409	0	0.000350140056022409	1
CASSGLRETQYF	0	0.000350140056022409	0	0.000350140056022409	1
CASSGRDRGRIGPDTGELFF	0	0.000350140056022409	0	0.000350140056022409	1
CASSLGLRAPSDGYTF	0	0.000350140056022409	0	0.000350140056022409	1
CASSLGQGSLARWNEQFF	7.23362187447255e-05	0.000350140056022409	0	0.000350140056022409	2
CASSPKEQSYEQYF	0	0.000350140056022409	0	0.000350140056022409	1
CASSPPSRKNIQYF	0	0.000350140056022409	0	0.000350140056022409	1
CASSQEEGPYNEQFF	7.23362187447255e-05	0.000350140056022409	2.26813944521309e-05	0.000350140056022409	3
CASSYSTGNTEAFF	0	0.000350140056022409	0	0.000350140056022409	1
CASTRFGNQPQHF	4.8224145829817e-05	0.000350140056022409	0	0.000350140056022409	2
CATSRGRTGGTDTQYF	0	0.000350140056022409	0	0.000350140056022409	1
CSAMGRLNTEAFF	0	0.000350140056022409	0	0.000350140056022409	1
CSARPGVYNSPLHF	0	0.000350140056022409	0	0.000350140056022409	1
CAISESREETQYF	0	0.000350140056022409	0	0.000350140056022409	1
CASSLDSNQPQHF	0	0.000350140056022409	0	0.000350140056022409	1
CASSLGTTYEQYF	0	0.000350140056022409	0	0.000350140056022409	1
CASSPPYRGGNEQYF	0	0.000350140056022409	0	0.000350140056022409	1
CATAATTEAFF	0.000325512984351265	0.000350140056022409	0.000283517430651636	0.000350140056022409	3
CAISEQEETQYF	0.000349625057266173	0	0	0.000349625057266173	1
CASAGTTYNEQFF	0.000349625057266173	0	0	0.000349625057266173	1
CASSEWEGGGRSTGELFF	0.000349625057266173	0	0	0.000349625057266173	1
CASSHQGSTEAFF	0.000349625057266173	0	0	0.000349625057266173	1
CASSIVLAGADNEQFF	0.000349625057266173	0.000166733360010671	5.67034861303273e-05	0.000349625057266173	3
CASSPGGGGSYGYTF	0.000349625057266173	0	0	0.000349625057266173	1
CASSSRWGNTEAFF	0.000349625057266173	0	0	0.000349625057266173	1
CATSNPSGTGLTGELFF	0.000349625057266173	0	0.000328880219555898	0.000349625057266173	2
CATSRDHYEQYF	0.000349625057266173	0	0	0.000349625057266173	1
CSALQGVMNTEAFF	0.000349625057266173	0	0.000215473247295244	0.000349625057266173	2
CSGSGDYGYTF	0.000349625057266173	0	0	0.000349625057266173	1
CSVSGESTEAFF	0.000349625057266173	0	0	0.000349625057266173	1
CAIGGVNTEAFF	9.6448291659634e-05	0	0.000340220916781964	0.000340220916781964	2
CASRLRESNQPQHF	0	5.00200080032013e-05	0.000340220916781964	0.000340220916781964	2
CASRRGDGGLNTGELFF	0	0	0.000340220916781964	0.000340220916781964	1
CASSDRWTEAFF	0	0	0.000340220916781964	0.000340220916781964	1
CASSENSNQPQHF	0	0	0.000340220916781964	0.000340220916781964	1
CASSGGRGSYNEQFF	0	0	0.000340220916781964	0.000340220916781964	1
CASSGSTFEEQYF	0	0	0.000340220916781964	0.000340220916781964	1
CASSHLPGLETQYF	0	0	0.000340220916781964	0.000340220916781964	1
CASSLGWTTNTGELFF	0	0	0.000340220916781964	0.000340220916781964	1
CASSLNIRAEAFF	0	0	0.000340220916781964	0.000340220916781964	1
CASSPGLAGTDTQYF	1.20560364574542e-05	0	0.000340220916781964	0.000340220916781964	2
CASSPRQGQGAATEAFF	0	0	0.000340220916781964	0.000340220916781964	1
CASSPRTSGIAGELFF	0	0	0.000340220916781964	0.000340220916781964	1
CASSPTGGYSGANVLTF	0	0	0.000340220916781964	0.000340220916781964	1
CASSPYSLRGEQYF	0	0	0.000340220916781964	0.000340220916781964	1
CASSQDQPSYNEQFF	0	0	0.000340220916781964	0.000340220916781964	1
CASSQGWSEKLFF	0	0	0.000340220916781964	0.000340220916781964	1
CASSSPEDVFRRGEQYF	0	0	0.000340220916781964	0.000340220916781964	1
CASSTWTGGSGANVLTF	0	0	0.000340220916781964	0.000340220916781964	1
CASSVGQDNSPLHF	7.23362187447255e-05	0	0.000340220916781964	0.000340220916781964	2
CSARAGGNTGELFF	0	0	0.000340220916781964	0.000340220916781964	1
CSASRQGGRYEQYF	0	0	0.000340220916781964	0.000340220916781964	1
CSVATGQAGGYTF	0	0	0.000340220916781964	0.000340220916781964	1
CSVEEASGRAHEQYF	0	0	0.000340220916781964	0.000340220916781964	1
CAISESRGGTEAFF	0.000337569020808719	0	0	0.000337569020808719	1
CAISPGQGAGANVLTF	0.000337569020808719	0	5.67034861303273e-05	0.000337569020808719	2
CASSKHYQETQYF	0.000337569020808719	0	0.000306198825103767	0.000337569020808719	2
CASSLALVNTEAFF	0.000337569020808719	0	0	0.000337569020808719	1
CASSLDQGDGYTF	0.000337569020808719	0	0	0.000337569020808719	1
CASSLEQGLNTEAFF	0.000337569020808719	0	0	0.000337569020808719	1
CASSLGGGYTF	0.000337569020808719	0	0	0.000337569020808719	1
CASSLGYTEAFF	0.000337569020808719	0	0	0.000337569020808719	1
CASSPLGIAAQEAFF	0.000337569020808719	0	0	0.000337569020808719	1
CASSPPRRWRDDSYEQYF	0.000337569020808719	0	0	0.000337569020808719	1
CASSPRKGLSSGEQYF	0.000337569020808719	0	1.13406972260655e-05	0.000337569020808719	2
CASSPRSRDSPLHF	0.000337569020808719	0	0	0.000337569020808719	1
CASSQGTGGQTGELFF	0.000337569020808719	0	0.000113406972260655	0.000337569020808719	2
CASSVEGNTEAFF	0.000337569020808719	0	0	0.000337569020808719	1
CATSIWGNEQFF	0.000337569020808719	0	0	0.000337569020808719	1
CATSPDRNYGYTF	0.000337569020808719	0	0	0.000337569020808719	1
CSAKADISSPLHF	0.000337569020808719	0	0.000181451155617047	0.000337569020808719	2
CSVEVAGELFF	0.000337569020808719	0	0	0.000337569020808719	1
CASRGLAGLANEQFF	0	0.000333466720021342	0	0.000333466720021342	1
CASRLAPNTEAFF	0	0.000333466720021342	0	0.000333466720021342	1
CASRTGKGRTGELFF	0.000132616401031997	0.000333466720021342	0	0.000333466720021342	2
CASSESNRYEQYF	0	0.000333466720021342	0	0.000333466720021342	1
CASSHMNTEAFF	8.43922552021797e-05	0.000333466720021342	0	0.000333466720021342	2
CASSLDGMQETQYF	0	0.000333466720021342	0	0.000333466720021342	1
CASSLERQSLEQYF	0	0.000333466720021342	0	0.000333466720021342	1
CASSLGAGTGELFF	3.61681093723627e-05	0.000333466720021342	0	0.000333466720021342	2
CASSLGQGYSNQPQHF	0	0.000333466720021342	0.000272176733425571	0.000333466720021342	2
CASSLSRTGGMNTEAFF	0	0.000333466720021342	0	0.000333466720021342	1
CASSLYGGPETQYF	8.43922552021797e-05	0.000333466720021342	4.53627889042618e-05	0.000333466720021342	3
CASSPVSYEQYF	0	0.000333466720021342	0	0.000333466720021342	1
CASSQDFIGELFF	0	0.000333466720021342	0	0.000333466720021342	1
CASSQDWGESGANVLTF	0	0.000333466720021342	0	0.000333466720021342	1
CASSTGQQETQYF	0	0.000333466720021342	0	0.000333466720021342	1
CASTGQGHNSPLHF	9.6448291659634e-05	0.000333466720021342	0.000215473247295244	0.000333466720021342	3
CNGDEQFF	0	0.000333466720021342	0	0.000333466720021342	1
CSATHLPPGTQYF	0	0.000333466720021342	0	0.000333466720021342	1
CAISPRGGRSYEQYF	4.8224145829817e-05	0	0.000328880219555898	0.000328880219555898	2
CASRRFGTPMNTEAFF	0	0	0.000328880219555898	0.000328880219555898	1
CASSFGSGRAYNEQFF	0	0	0.000328880219555898	0.000328880219555898	1
CASSLESGPSDTQYF	0	0	0.000328880219555898	0.000328880219555898	1
CASSLGGDTEAFF	0.000192896583319268	0	0.000328880219555898	0.000328880219555898	2
CASSLGYGAGSYNEQFF	0	0	0.000328880219555898	0.000328880219555898	1
CASSPLGQGPYF	0	0	0.000328880219555898	0.000328880219555898	1
CASSPPAGLAGPGELFF	0	0	0.000328880219555898	0.000328880219555898	1
CASSPPGGANVLTF	0	0	0.000328880219555898	0.000328880219555898	1
CASSPSRMPGSNYGYTF	0	0	0.000328880219555898	0.000328880219555898	1
CASSPTHRENTEAFF	0	0	0.000328880219555898	0.000328880219555898	1
CASSQETGKLLTSYEQYF	0	0	0.000328880219555898	0.000328880219555898	1
CASSQGQGYGYTF	0.000241120729149085	0	0.000328880219555898	0.000328880219555898	2
CASSQQGHGYTF	0.000229064692691631	0	0.000328880219555898	0.000328880219555898	2
CASSRAEGGTEAFF	0	0	0.000328880219555898	0.000328880219555898	1
CASSRRTQGTDTQYF	8.43922552021797e-05	0.000133386688008537	0.000328880219555898	0.000328880219555898	3
CASSSGHNYEQYF	0	0	0.000328880219555898	0.000328880219555898	1
CASSSGTGATEAFF	0	0	0.000328880219555898	0.000328880219555898	1
CASSSPPVETQYF	0	0	0.000328880219555898	0.000328880219555898	1
CASSSSSYEQYF	0	0	0.000328880219555898	0.000328880219555898	1
CASSVTGAQETQYF	0	0	0.000328880219555898	0.000328880219555898	1
CATSEAHGGIETQYF	0	0	0.000328880219555898	0.000328880219555898	1
CATSRGSASWGPFF	0	0	0.000328880219555898	0.000328880219555898	1
CAWSPGQPNTEAFF	1.20560364574542e-05	0	0.000328880219555898	0.000328880219555898	2
CSAKEREGLYNEQFF	1.20560364574542e-05	0	0.000328880219555898	0.000328880219555898	2
CSVGGQANYGYTF	0	1.66733360010671e-05	0.000328880219555898	0.000328880219555898	2
CAISESGLAATGELFF	0.000325512984351265	0	9.07255778085237e-05	0.000325512984351265	2
CASGLVDPRVSPLHF	0.000325512984351265	0	4.53627889042618e-05	0.000325512984351265	2
CASSFTQGAPGANVLTF	0.000325512984351265	0	0	0.000325512984351265	1
CASSLETLLGNQPQHF	0.000325512984351265	0	0	0.000325512984351265	1
CASSLNPNPAGELFF	0.000325512984351265	0	0	0.000325512984351265	1
CASSRGAGADEQFF	0.000325512984351265	0.000100040016006403	0	0.000325512984351265	2
CATSRELVMGTEAFF	0.000325512984351265	0	0	0.000325512984351265	1
CAAQQGGTEAFF	0	0	0.000317539522329833	0.000317539522329833	1
CASRKDRAYYGYTF	0.000132616401031997	0	0.000317539522329833	0.000317539522329833	2
CASRSDGTYNEQFF	0	0	0.000317539522329833	0.000317539522329833	1
CASRTGLAVETQYF	0	0	0.000317539522329833	0.000317539522329833	1
CASSARDRKIPGANVLTF	9.6448291659634e-05	0	0.000317539522329833	0.000317539522329833	2
CASSFLWNTEAFF	0.000180840546861814	0	0.000317539522329833	0.000317539522329833	2
CASSINRGTGFEKLFF	0	0	0.000317539522329833	0.000317539522329833	1
CASSKGLAGRVYEQYF	0	0	0.000317539522329833	0.000317539522329833	1
CASSLDSHYYYGYTF	0	0	0.000317539522329833	0.000317539522329833	1
CASSLRRFPRQETQYF	0	0	0.000317539522329833	0.000317539522329833	1
CASSLVIGRGGTEAFF	0	0	0.000317539522329833	0.000317539522329833	1
CASSMILNTGELFF	0	0	0.000317539522329833	0.000317539522329833	1
CASSPAAGMGEAFF	0	0	0.000317539522329833	0.000317539522329833	1
CASSPGGTSNQPQHF	0	0	0.000317539522329833	0.000317539522329833	1
CASSPGLHEQYF	0	0	0.000317539522329833	0.000317539522329833	1
CASSPLGGASVAFF	0.000253176765606539	0	0.000317539522329833	0.000317539522329833	2
CASSPLGLPFHEQYF	0	0	0.000317539522329833	0.000317539522329833	1
CASSPPGGSISYNEQFF	0	0	0.000317539522329833	0.000317539522329833	1
CASSPQRRDGNVLTF	0	0	0.000317539522329833	0.000317539522329833	1
CASSPSGQGETQYF	7.23362187447255e-05	0	0.000317539522329833	0.000317539522329833	2
CASSPSLNEQFF	0	0	0.000317539522329833	0.000317539522329833	1
CASSPVDRGNSPLHF	0	0	0.000317539522329833	0.000317539522329833	1
CASSQDRTSEQYF	4.8224145829817e-05	0	0.000317539522329833	0.000317539522329833	2
CASSQGTGVNTGELFF	1.20560364574542e-05	0.000300120048019208	0.000317539522329833	0.000317539522329833	3
CASSQWDVKETQYF	0	0	0.000317539522329833	0.000317539522329833	1
CASSRQGGYEQYF	0	0	0.000317539522329833	0.000317539522329833	1
CASSSRPNYGYTF	0	0	0.000317539522329833	0.000317539522329833	1
CASSTGAMNTEAFF	0	0	0.000317539522329833	0.000317539522329833	1
CASSVRDQETQYF	0	1.66733360010671e-05	0.000317539522329833	0.000317539522329833	2
CASSVRTATNEKLFF	0.000289344874978902	0	0.000317539522329833	0.000317539522329833	2
CASSWRAPTDTQYF	3.61681093723627e-05	0.000133386688008537	0.000317539522329833	0.000317539522329833	3
CATSRAGTGLGEQFF	0	0	0.000317539522329833	0.000317539522329833	1
CSATTSRGYSYEQYF	9.6448291659634e-05	3.33466720021342e-05	0.000317539522329833	0.000317539522329833	3
CSVGPPLSRYNEQFF	0	0	0.000317539522329833	0.000317539522329833	1
CSVGVANEQFF	0	0	0.000317539522329833	0.000317539522329833	1
CAISEGLVPGIQYF	0	0.000316793384020275	0	0.000316793384020275	1
CASRDENYEQYF	0	0.000316793384020275	0	0.000316793384020275	1
CASSAPLPGRRPYNEQFF	0	0.000316793384020275	0	0.000316793384020275	1
CASSEAAGLATEAFF	8.43922552021797e-05	0.000316793384020275	0	0.000316793384020275	2
CASSEFGINQPQHF	0	0.000316793384020275	0	0.000316793384020275	1
CASSIQGLGYYEQYF	0.000120560364574542	0.000316793384020275	0	0.000316793384020275	2
CASSLGKIWGTGENTEAFF	0	0.000316793384020275	0	0.000316793384020275	1
CASSLLGRALVSAQYF	0	0.000316793384020275	0	0.000316793384020275	1
CASSLVAQTGGNGYGYTF	0	0.000316793384020275	0	0.000316793384020275	1
CASSLVFNQPQHF	0	0.000316793384020275	0	0.000316793384020275	1
CASSLVQDSYNEQFF	0	0.000316793384020275	0	0.000316793384020275	1
CASSLYATPGGYNEQFF	0	0.000316793384020275	4.53627889042618e-05	0.000316793384020275	2
CASSMGQIRYEQYF	6.02801822872712e-05	0.000316793384020275	0	0.000316793384020275	2
CASSNTRLAYTGELFF	0	0.000316793384020275	0	0.000316793384020275	1
CASSPGATAQFQPQHF	0	0.000316793384020275	0	0.000316793384020275	1
CASSQEGWDDQFF	0	0.000316793384020275	0	0.000316793384020275	1
CASSQGTSGSLETQYF	0	0.000316793384020275	0	0.000316793384020275	1
CASSSRLAGNHEQYF	0	0.000316793384020275	0	0.000316793384020275	1
CASSYSPRGVEAFF	0	0.000316793384020275	0	0.000316793384020275	1
CASSYSRGEYSETQYF	0	0.000316793384020275	7.93848805824582e-05	0.000316793384020275	2
CASSYSSGRAYNEQFF	0	0.000316793384020275	0	0.000316793384020275	1
CATSDLGRGALETQYF	0	0.000316793384020275	0	0.000316793384020275	1
CSARAPSGKETQYF	0	0.000316793384020275	0	0.000316793384020275	1
CSARDLTGTGVGGELFF	0	0.000316793384020275	0.000147429063938851	0.000316793384020275	2
CSARDPRQVKDEQYF	0	0.000316793384020275	0	0.000316793384020275	1
CSATISSYNSPLHF	6.02801822872712e-05	0.000316793384020275	0.000113406972260655	0.000316793384020275	3
CASSLGAGGNEQFF	0.00031345694789381	0	0	0.00031345694789381	1
CASSLRRLRNTEAFF	0.00031345694789381	0	0	0.00031345694789381	1
CASSLVYAGVWQETQYF	0.00031345694789381	0	0	0.00031345694789381	1
CASSPGLAGPTEAFF	0.00031345694789381	0	0	0.00031345694789381	1
CASSQHRGRETQYF	0.00031345694789381	0	0	0.00031345694789381	1
CASSSRAQGASYNEQFF	0.00031345694789381	0	0	0.00031345694789381	1
CASSTTGAFGYTF	0.00031345694789381	1.66733360010671e-05	0	0.00031345694789381	2
CATSRQGGQETQYF	0.00031345694789381	0	1.13406972260655e-05	0.00031345694789381	2
CATSRSVSGDTNTEAFF	0.00031345694789381	0	0	0.00031345694789381	1
CATSRVGAGLMETQYF	0.00031345694789381	0	0	0.00031345694789381	1
CSVGLLRDNTEAFF	0.00031345694789381	0	0	0.00031345694789381	1
CASGWSGASTQPQHF	0	0	0.000306198825103767	0.000306198825103767	1
CASKLLPTDTQYF	0.000120560364574542	6.66933440042684e-05	0.000306198825103767	0.000306198825103767	3
CASSAREAGLRETQYF	0.000132616401031997	0	0.000306198825103767	0.000306198825103767	2
CASSEGQAYEQYF	0	0	0.000306198825103767	0.000306198825103767	1
CASSFFRDVPSYEQYF	0	0	0.000306198825103767	0.000306198825103767	1
CASSHETGGEAFF	0	0	0.000306198825103767	0.000306198825103767	1
CASSHPNRGQATEAFF	0	0	0.000306198825103767	0.000306198825103767	1
CASSLALGAGANVLTF	0	0	0.000306198825103767	0.000306198825103767	1
CASSLGASLNTGELFF	0	0	0.000306198825103767	0.000306198825103767	1
CASSLGSYGNTIYF	0.000192896583319268	6.66933440042684e-05	0.000306198825103767	0.000306198825103767	3
CASSLTANTEAFF	0	0	0.000306198825103767	0.000306198825103767	1
CASSLVPGLANNEQFF	0.000132616401031997	0	0.000306198825103767	0.000306198825103767	2
CASSPGIRYQPQHF	0	0	0.000306198825103767	0.000306198825103767	1
CASSPGLAGVITGELFF	0.000144672437489451	0	0.000306198825103767	0.000306198825103767	2
CASSPGTDNSPLHF	0	0	0.000306198825103767	0.000306198825103767	1
CASSPKRGRVDEQFF	0.000168784510404359	0	0.000306198825103767	0.000306198825103767	2
CASSPQGHRTNYGYTF	0.000229064692691631	0	0.000306198825103767	0.000306198825103767	2
CASSQGQGTANVLTF	0	0.000300120048019208	0.000306198825103767	0.000306198825103767	2
CASSQYPGTLASHSGNTIYF	2.41120729149085e-05	0	0.000306198825103767	0.000306198825103767	2
CASSSGSYEQYF	9.6448291659634e-05	0	0.000306198825103767	0.000306198825103767	2
CATSRRFQGPPYEQYF	0	0	0.000306198825103767	0.000306198825103767	1
CSASHTSQETQYF	0.000120560364574542	0	0.000306198825103767	0.000306198825103767	2
CSDTGRWGNYGYTF	0	0	0.000306198825103767	0.000306198825103767	1
CASRAGLAYEQYF	0.000301400911436356	0	0	0.000301400911436356	1
CASSFIHVNEKLFF	0.000301400911436356	0	0	0.000301400911436356	1
CASSLGQGPSQPQHF	0.000301400911436356	0	0	0.000301400911436356	1
CASSLVGSRGHEQYF	0.000301400911436356	0	0	0.000301400911436356	1
CASSPLGNTGELFF	0.000301400911436356	0	0	0.000301400911436356	1
CASSPRQGALDTEAFF	0.000301400911436356	0	0	0.000301400911436356	1
CASSQDGVENSPLHF	0.000301400911436356	0	0	0.000301400911436356	1
CASSWGAYGDTPLEQYF	0.000301400911436356	0	0	0.000301400911436356	1
CATHRDMNTEAFF	0.000301400911436356	0	0	0.000301400911436356	1
CATSSHQIGELFF	0.000301400911436356	0	0.000147429063938851	0.000301400911436356	2
CATSSPTSGSSYNEQFF	0.000301400911436356	0	0	0.000301400911436356	1
CASSRWTVVRNQPQHF	0	0.000300120048019208	0	0.000300120048019208	1
CAIRQGDGSNQPQHF	0.000132616401031997	0.000300120048019208	0	0.000300120048019208	2
CAISDEASGKYEQYF	0	0.000300120048019208	0	0.000300120048019208	1
CASRGRVLNTEAFF	0	0.000300120048019208	0	0.000300120048019208	1
CASRNGQGASYEQFF	0	0.000300120048019208	0	0.000300120048019208	1
CASRNSGQSKNIQYF	0	0.000300120048019208	0	0.000300120048019208	1
CASSEFPYTGTHYEQYF	0	0.000300120048019208	0	0.000300120048019208	1
CASSEVGITPEQYF	0.000253176765606539	0.000300120048019208	0	0.000300120048019208	2
CASSEYRGVAVNEKLFF	0	0.000300120048019208	0	0.000300120048019208	1
CASSHRGYEQYF	9.6448291659634e-05	0.000300120048019208	0	0.000300120048019208	2
CASSLEQGTNNEQFF	0	0.000300120048019208	0	0.000300120048019208	1
CASSLFSSYEQYF	9.6448291659634e-05	0.000300120048019208	0	0.000300120048019208	2
CASSLVGWNEQFF	9.6448291659634e-05	0.000300120048019208	0	0.000300120048019208	2
CASSLVVPQNTQYF	0	0.000300120048019208	0	0.000300120048019208	1
CASSPLREAKNIQYF	0	0.000300120048019208	0	0.000300120048019208	1
CASSPTAGKNNEQFF	0	0.000300120048019208	0	0.000300120048019208	1
CASSQEASGRASPYNEQFF	0	0.000300120048019208	0	0.000300120048019208	1
CASSYSFSVRKQGYGYTF	0	0.000300120048019208	0	0.000300120048019208	1
CATSERVNTEAFF	0.000192896583319268	0.000300120048019208	9.07255778085237e-05	0.000300120048019208	3
CSAREGSNTEAFF	0	0.000300120048019208	0	0.000300120048019208	1
CSARFSGNINEQYF	0	0.000300120048019208	0	0.000300120048019208	1
CSVEVLDSDTGELFF	0.000132616401031997	0.000300120048019208	0	0.000300120048019208	2
CAIRLGAQETQYF	0	0	0.000294858127877702	0.000294858127877702	1
CAISARGNTEAFF	0.000180840546861814	0	0.000294858127877702	0.000294858127877702	2
CAISRGAGKDTEAFF	0	0	0.000294858127877702	0.000294858127877702	1
CAITSTGGAGGYTF	0	0	0.000294858127877702	0.000294858127877702	1
CASNDDRVTPAEQYF	0	0	0.000294858127877702	0.000294858127877702	1
CASRGTSGSGGETQYF	0	0	0.000294858127877702	0.000294858127877702	1
CASRVNGLAGYEQYF	0.000217008656234176	0	0.000294858127877702	0.000294858127877702	2
CASSESRRYNSPLHF	0	0	0.000294858127877702	0.000294858127877702	1
CASSFWFREEAFF	0	0	0.000294858127877702	0.000294858127877702	1
CASSGQSSYNEQFF	0	0	0.000294858127877702	0.000294858127877702	1
CASSLVREETQYF	0	0	0.000294858127877702	0.000294858127877702	1
CASSPKQFYGYTF	0	0	0.000294858127877702	0.000294858127877702	1
CASSQAATDTQYF	4.8224145829817e-05	8.33666800053355e-05	0.000294858127877702	0.000294858127877702	3
CASSQDPPDEQYF	0	0	0.000294858127877702	0.000294858127877702	1
CASSYARTIQVSHGSGYTF	0	0	0.000294858127877702	0.000294858127877702	1
CATHRTGANVLTF	0	0	0.000294858127877702	0.000294858127877702	1
CATSKGLAGRDEQFF	0	0	0.000294858127877702	0.000294858127877702	1
CATSREGGTSYEQYF	0	0	0.000294858127877702	0.000294858127877702	1
CATSRGLNEQFF	0	0	0.000294858127877702	0.000294858127877702	1
CSARDPAGHTGELFF	0	0	0.000294858127877702	0.000294858127877702	1
CSARPSGNTGELFF	0	0	0.000294858127877702	0.000294858127877702	1
CSARVFAESSYEQYF	0.000120560364574542	0.00011671335200747	0.000294858127877702	0.000294858127877702	3
CSPGILYSYEQYF	0	0	0.000294858127877702	0.000294858127877702	1
CSVGSRDTPKGAYNQQFF	0	0	0.000294858127877702	0.000294858127877702	1
CASRRDRNTGELFF	0.000289344874978902	0	0	0.000289344874978902	1
CASSEVGPASGYTF	0.000289344874978902	0	0	0.000289344874978902	1
CASSFAGGTGAFF	0.000289344874978902	0	0	0.000289344874978902	1
CASSLSAGYDRNTEAFF	0.000289344874978902	0	0	0.000289344874978902	1
CASSPVRLVSSNEQFF	0.000289344874978902	0	0	0.000289344874978902	1
CASSQDLVAGELFF	0.000289344874978902	0	0	0.000289344874978902	1
CASSQEGANTGELFF	0.000289344874978902	0	0	0.000289344874978902	1
CASSTDRGDYEQYF	0.000289344874978902	0	0	0.000289344874978902	1
CAISARLAGGPYNEQFF	9.6448291659634e-05	0.000166733360010671	0.000283517430651636	0.000283517430651636	3
CAISEFAGVNYGYTF	0	0	0.000283517430651636	0.000283517430651636	1
CAISGGYEQYF	0	0	0.000283517430651636	0.000283517430651636	1
CASRDSDRVNTEAFF	0	0	0.000283517430651636	0.000283517430651636	1
CASRQGTGFGYTF	0	0	0.000283517430651636	0.000283517430651636	1
CASRTGVRANNEQFF	0	0	0.000283517430651636	0.000283517430651636	1
CASSAGAVVHGELFF	3.61681093723627e-05	0	0.000283517430651636	0.000283517430651636	2
CASSGLVETQYF	0.000217008656234176	1.66733360010671e-05	0.000283517430651636	0.000283517430651636	3
CASSGSFNTEAFF	0	0	0.000283517430651636	0.000283517430651636	1
CASSLASLEAFF	0	0	0.000283517430651636	0.000283517430651636	1
CASSLGQETQYF	4.8224145829817e-05	0	0.000283517430651636	0.000283517430651636	2
CASSLGSYQPQHF	0.000108504328117088	0	0.000283517430651636	0.000283517430651636	2
CASSLRGTSPSYF	0	0	0.000283517430651636	0.000283517430651636	1
CASSLVGESSHEQYF	0	0	0.000283517430651636	0.000283517430651636	1
CASSLVQGVGELFF	0	0	0.000283517430651636	0.000283517430651636	1
CASSNRENYGYTF	0	0	0.000283517430651636	0.000283517430651636	1
CASSPAGGANVLTF	0	0	0.000283517430651636	0.000283517430651636	1
CASSPGRESLYGYTF	0	0	0.000283517430651636	0.000283517430651636	1
CASSPGTGSYEQYF	0	0	0.000283517430651636	0.000283517430651636	1
CASSPGTSSYNEQFF	0	0	0.000283517430651636	0.000283517430651636	1
CASSPLSTGTGDEKLFF	0	0	0.000283517430651636	0.000283517430651636	1
CASSQDLGGPTNYGYTF	0	0	0.000283517430651636	0.000283517430651636	1
CASSQDPGKWAEAFF	0	0	0.000283517430651636	0.000283517430651636	1
CASSQDPQTASYGYTF	0.000168784510404359	0	0.000283517430651636	0.000283517430651636	2
CASSQEQGFHGYTF	0	0	0.000283517430651636	0.000283517430651636	1
CASSQGDVYEKLFF	0	0	0.000283517430651636	0.000283517430651636	1
CASSQGLDYGYTF	0	0	0.000283517430651636	0.000283517430651636	1
CASSQLAGGRYEQYF	0	0	0.000283517430651636	0.000283517430651636	1
CASSQRSGRGELFF	0	0	0.000283517430651636	0.000283517430651636	1
CASSQYRVGSPLHF	0	0	0.000283517430651636	0.000283517430651636	1
CASSYDRDVEQYF	0	0	0.000283517430651636	0.000283517430651636	1
CASTATGGGNEQYF	0	0	0.000283517430651636	0.000283517430651636	1
CATSTYLAGGEQYF	0	0	0.000283517430651636	0.000283517430651636	1
CSASGRQGRSYEQYF	0	0	0.000283517430651636	0.000283517430651636	1
CSASGRTTGELFF	0	0	0.000283517430651636	0.000283517430651636	1
CSVEPLLNTEAFF	0	0	0.000283517430651636	0.000283517430651636	1
CAIRKTSGDYNEQFF	0	0.000283446712018141	0	0.000283446712018141	1
CAITAAQMNTEAFF	0	0.000283446712018141	0	0.000283446712018141	1
CASGRNNEQFF	0.000277288838521448	0.000283446712018141	6.80441833563927e-05	0.000283446712018141	3
CASSDEGAGYGYTF	4.8224145829817e-05	0.000283446712018141	0	0.000283446712018141	2
CASSFKTSGIGETQYF	0	0.000283446712018141	0	0.000283446712018141	1
CASSFRYEQFF	0	0.000283446712018141	0	0.000283446712018141	1
CASSLAPYRRILAGGNEQFF	0	0.000283446712018141	0	0.000283446712018141	1
CASSLELAKYGSEQFF	0	0.000283446712018141	0	0.000283446712018141	1
CASSLRTTGPGYNSPLHF	0	0.000283446712018141	0	0.000283446712018141	1
CASSPRLALDNEQFF	0	0.000283446712018141	0	0.000283446712018141	1
CASSSAGQGAFQPQHF	0	0.000283446712018141	0	0.000283446712018141	1
CASSSLGRDPTTEAFF	9.6448291659634e-05	0.000283446712018141	3.40220916781964e-05	0.000283446712018141	3
CASSSYGTGISREQFF	0	0.000283446712018141	0	0.000283446712018141	1
CASSTDYYEQYF	0	0.000283446712018141	0	0.000283446712018141	1
CASSVTANYNSPLHF	0	0.000283446712018141	0	0.000283446712018141	1
CASSYNGRASDTQYF	6.02801822872712e-05	0.000283446712018141	7.93848805824582e-05	0.000283446712018141	3
CASSYSRDYEQYF	0	0.000283446712018141	0	0.000283446712018141	1
CASSYSSGVEPQHF	0	0.000283446712018141	0.00012474766948672	0.000283446712018141	2
CASSYSYGVAFF	0	0.000283446712018141	0	0.000283446712018141	1
CASSYTDGGKNIQYF	3.61681093723627e-05	0.000283446712018141	0.000226813944521309	0.000283446712018141	3
CSAGVGSGYNEQFF	0	0.000283446712018141	2.26813944521309e-05	0.000283446712018141	2
CSARAENTEAFF	0	0.000283446712018141	0	0.000283446712018141	1
CSVEVRGSYNEQFF	7.23362187447255e-05	0.000283446712018141	0	0.000283446712018141	2
CASRRGTGGYEQYF	0	0.000283446712018141	0.00024949533897344	0.000283446712018141	2
CASSLRLLYAQYF	6.02801822872712e-05	0.000283446712018141	0.000170110458390982	0.000283446712018141	3
CASRGLAGNTGELFF	0.000277288838521448	0	0	0.000277288838521448	1
CASSDAGGGATNEKLFF	0.000277288838521448	0	0	0.000277288838521448	1
CASSELGSSPQYF	0.000277288838521448	0	0.000158769761164916	0.000277288838521448	2
CASSEYGSAGASYEQYF	0.000277288838521448	0	0	0.000277288838521448	1
CASSFAGDEQFF	0.000277288838521448	0	0	0.000277288838521448	1
CASSFGGGNEQFF	0.000277288838521448	0	0	0.000277288838521448	1
CASSLARHTGELFF	0.000277288838521448	0	0	0.000277288838521448	1
CASSLASGRAEAFF	0.000277288838521448	0	0	0.000277288838521448	1
CASSLEGSKTQYF	0.000277288838521448	0	0.000226813944521309	0.000277288838521448	2
CASSLELAGGPYEQYF	0.000277288838521448	0	0	0.000277288838521448	1
CASSLGGQGSNYEQYF	0.000277288838521448	0	0	0.000277288838521448	1
CASSLTGGETEAFF	0.000277288838521448	3.33466720021342e-05	0	0.000277288838521448	2
CASSPNKNTEAFF	0.000277288838521448	0	0	0.000277288838521448	1
CASSQPGTGREKLFF	0.000277288838521448	0	0.000192791852843113	0.000277288838521448	2
CASSQVQATNEKLFF	0.000277288838521448	0.000266773376017073	0.000147429063938851	0.000277288838521448	3
CASSSNNEQFF	0.000277288838521448	0	0	0.000277288838521448	1
CATSRERGLLAGGKGTQYF	0.000277288838521448	0	0	0.000277288838521448	1
CATSVRRDPYEQYF	0.000277288838521448	0	0	0.000277288838521448	1
CSARDSLAGVTQYF	0.000277288838521448	0	0	0.000277288838521448	1
CSVTGGRNTEAFF	0.000277288838521448	0	0	0.000277288838521448	1
CAISAGTSGKKVGELFF	0	0	0.000272176733425571	0.000272176733425571	1
CAISVGRTGNTIYF	8.43922552021797e-05	0	0.000272176733425571	0.000272176733425571	2
CASGFWGSTEAFF	0	0	0.000272176733425571	0.000272176733425571	1
CASRKTAGVEKETQYF	0.000108504328117088	0	0.000272176733425571	0.000272176733425571	2
CASSEGGTGELFF	0	0	0.000272176733425571	0.000272176733425571	1
CASSESAYNSPLHF	0	0	0.000272176733425571	0.000272176733425571	1
CASSFDGSYRYEQYF	0	0	0.000272176733425571	0.000272176733425571	1
CASSIASGSYNEQFF	3.61681093723627e-05	0.000150060024009604	0.000272176733425571	0.000272176733425571	3
CASSLLSGSDYGYTF	0	0	0.000272176733425571	0.000272176733425571	1
CASSLNVGWNEQFF	0	0	0.000272176733425571	0.000272176733425571	1
CASSLVGRAEAFF	9.6448291659634e-05	0.000166733360010671	0.000272176733425571	0.000272176733425571	3
CASSLVGSPDTQYF	8.43922552021797e-05	0	0.000272176733425571	0.000272176733425571	2
CASSLVGTSPYEQYF	0	0	0.000272176733425571	0.000272176733425571	1
CASSNSGANVLTF	0	0	0.000272176733425571	0.000272176733425571	1
CASSPAASGYEQYF	0	0	0.000272176733425571	0.000272176733425571	1
CASSPENRDTEAFF	0	0	0.000272176733425571	0.000272176733425571	1
CASSPPNTGELFF	0	0	0.000272176733425571	0.000272176733425571	1
CASSPPVAPWLGELFF	0	0	0.000272176733425571	0.000272176733425571	1
CASSPQSGIYEQYF	0	0	0.000272176733425571	0.000272176733425571	1
CASSPRGGKNTEAFF	0	0	0.000272176733425571	0.000272176733425571	1
CASSPRIRYGYTF	0	0	0.000272176733425571	0.000272176733425571	1
CASSQDEALPYEQYF	0	0	0.000272176733425571	0.000272176733425571	1
CASSQDFLEVNTEAFF	0	0	0.000272176733425571	0.000272176733425571	1
CASSQDGLVRGELFF	0	0	0.000272176733425571	0.000272176733425571	1
CASSQDGTDTQYF	0	0	0.000272176733425571	0.000272176733425571	1
CASSQEGFSTGSYNEQFF	0	0	0.000272176733425571	0.000272176733425571	1
CASSQGGASGVYEQYF	0	0	0.000272176733425571	0.000272176733425571	1
CASSQGGGTYEQYF	0	0	0.000272176733425571	0.000272176733425571	1
CASSQVGAEETQYF	0	0	0.000272176733425571	0.000272176733425571	1
CASSQVRRDDIEQYF	0.000253176765606539	0	0.000272176733425571	0.000272176733425571	2
CASSWGHRTSGRLTGELFF	0	0	0.000272176733425571	0.000272176733425571	1
CASSYSGRTYEQYF	2.41120729149085e-05	0	0.000272176733425571	0.000272176733425571	2
CASSYSRRGTETQYF	0.000120560364574542	0	0.000272176733425571	0.000272176733425571	2
CATSETSVRNEQFF	0	0	0.000272176733425571	0.000272176733425571	1
CATSRDRYRGIQETQYF	0	0	0.000272176733425571	0.000272176733425571	1
CATTRGGGGNQPQHF	0	0	0.000272176733425571	0.000272176733425571	1
CSAGDGTYEQYF	2.41120729149085e-05	0	0.000272176733425571	0.000272176733425571	2
CSALTGAGNQPQHF	7.23362187447255e-05	0	0.000272176733425571	0.000272176733425571	2
CSARVDRVRTEAFF	0	0	0.000272176733425571	0.000272176733425571	1
CSGGDGWYEQYF	0	0	0.000272176733425571	0.000272176733425571	1
CSVDLGSYGYTF	0	0	0.000272176733425571	0.000272176733425571	1
CSVERGTGYTF	0	0	0.000272176733425571	0.000272176733425571	1
CSVGSVFDTF	0	0	0.000272176733425571	0.000272176733425571	1
CSVGTGRMDEQYF	0	0	0.000272176733425571	0.000272176733425571	1
CSVPGAGGTEAFF	0	0	0.000272176733425571	0.000272176733425571	1
CAIRGISGRKGYEQYF	0	0.000266773376017073	0	0.000266773376017073	1
CAISESIYTEAFF	0.000120560364574542	0.000266773376017073	0	0.000266773376017073	2
CAITLAGGDEQFF	0	0.000266773376017073	0	0.000266773376017073	1
CASIRTSGRGSYEQYF	0	0.000266773376017073	0	0.000266773376017073	1
CASSEWPGNGYTF	0	0.000266773376017073	0	0.000266773376017073	1
CASSFGAAYEQYF	0.000132616401031997	0.000266773376017073	0	0.000266773376017073	2
CASSFGQGRETQYF	0	0.000266773376017073	0	0.000266773376017073	1
CASSLDRGNQPQHF	0	0.000266773376017073	0	0.000266773376017073	1
CASSLEQGPDQPQHF	3.61681093723627e-05	0.000266773376017073	0.00024949533897344	0.000266773376017073	3
CASSLGGLAEMREQYF	0	0.000266773376017073	0	0.000266773376017073	1
CASSLGTGMAGELFF	0	0.000266773376017073	0	0.000266773376017073	1
CASSLSSNEQFF	6.02801822872712e-05	0.000266773376017073	0	0.000266773376017073	2
CASSLTGTSGNNEQFF	0.000217008656234176	0.000266773376017073	0	0.000266773376017073	2
CASSLVGNWETQYF	0	0.000266773376017073	0	0.000266773376017073	1
CASSNVPAGGETQYF	0.000144672437489451	0.000266773376017073	9.07255778085237e-05	0.000266773376017073	3
CASSRQEQYEQYF	0	0.000266773376017073	0	0.000266773376017073	1
CASSSLAPDLQETQYF	0	0.000266773376017073	5.67034861303273e-05	0.000266773376017073	2
CASSSRKVADTQYF	6.02801822872712e-05	0.000266773376017073	5.67034861303273e-05	0.000266773376017073	3
CASSSRLRGRTEAFF	6.02801822872712e-05	0.000266773376017073	0	0.000266773376017073	2
CASSWAGGRDEQYF	2.41120729149085e-05	0.000266773376017073	0	0.000266773376017073	2
CASSYAGGGRDYEQYF	0.000120560364574542	0.000266773376017073	0.00012474766948672	0.000266773376017073	3
CASSYSTGAYEQYF	0	0.000266773376017073	0	0.000266773376017073	1
CATSRGNGRDSDTQYF	0	0.000266773376017073	0	0.000266773376017073	1
CSAGLAGDTGELFF	0	0.000266773376017073	0	0.000266773376017073	1
CSAKRGEQYF	0.000241120729149085	0.000266773376017073	3.40220916781964e-05	0.000266773376017073	3
CSARDIYYEQYF	0	0.000266773376017073	0	0.000266773376017073	1
CSARDLPGLASNEQFF	0	0.000266773376017073	0	0.000266773376017073	1
CSAREDINYGYTF	0.000265232802063993	0.000266773376017073	0.000215473247295244	0.000266773376017073	3
CSVDDLDRGLYNEQFF	0	0.000266773376017073	0	0.000266773376017073	1
CSVDTSGNNEQFF	0	0.000266773376017073	0	0.000266773376017073	1
CSVERTPRNQRSF	0	0.000266773376017073	0	0.000266773376017073	1
CAISEDLNYGYTF	0.000265232802063993	0	0	0.000265232802063993	1
CAISEGLQETQYF	0.000265232802063993	0	0	0.000265232802063993	1
CASANRDRVYEQYF	0.000265232802063993	0	0	0.000265232802063993	1
CASRQTRQYSGANVLTF	0.000265232802063993	0	0	0.000265232802063993	1
CASRWVGARPEAFF	0.000265232802063993	0	0.000147429063938851	0.000265232802063993	2
CASSDKWGAETQYF	0.000265232802063993	0	0	0.000265232802063993	1
CASSEGNQPQHF	0.000265232802063993	0	0	0.000265232802063993	1
CASSFPDYGYTF	0.000265232802063993	0	0	0.000265232802063993	1
CASSGRGTEAFF	0.000265232802063993	0	0	0.000265232802063993	1
CASSLEKSNGYTF	0.000265232802063993	0	0	0.000265232802063993	1
CASSLGSGELRNTEAFF	0.000265232802063993	0	0	0.000265232802063993	1
CASSLGTLAEAFF	0.000265232802063993	0	0.00024949533897344	0.000265232802063993	2
CASSLIAGGDEQYF	0.000265232802063993	0	0	0.000265232802063993	1
CASSLVHRGLVGYTF	0.000265232802063993	0	0	0.000265232802063993	1
CASSLVRVDNSPLHF	0.000265232802063993	0	0	0.000265232802063993	1
CASSLVTGGGYTF	0.000265232802063993	0	0	0.000265232802063993	1
CASSPGLSSGNTIYF	0.000265232802063993	0	0	0.000265232802063993	1
CASSPQGASNQPQHF	0.000265232802063993	0	0	0.000265232802063993	1
CASSQEWETNEKLFF	0.000265232802063993	0	0	0.000265232802063993	1
CASSQGLKETQYF	0.000265232802063993	0	0.000170110458390982	0.000265232802063993	2
CASSQIQGAYEQYF	0.000265232802063993	0	0	0.000265232802063993	1
CSVRTGGHYGYTF	0.000265232802063993	0	0	0.000265232802063993	1
CSVVGDNYGYTF	0.000265232802063993	0	0	0.000265232802063993	1
CASSPGHRQETQYF	0.000265232802063993	0	0	0.000265232802063993	1
CASSQEKYEQYF	0.000265232802063993	0	0	0.000265232802063993	1
CASSQVEGKGEQYF	0.000265232802063993	0	0	0.000265232802063993	1
CASTRDRINQPQHF	0.000265232802063993	0	0	0.000265232802063993	1
CAISPPGGYEQYF	0	0	0.000260836036199506	0.000260836036199506	1
CASGLGTGTGRELFF	0	0	0.000260836036199506	0.000260836036199506	1
CASRASGRAGEQYF	0	0	0.000260836036199506	0.000260836036199506	1
CASSFAGGPSEQYF	0	0	0.000260836036199506	0.000260836036199506	1
CASSHPLQGHRGELFF	0	0	0.000260836036199506	0.000260836036199506	1
CASSLEPENTGELFF	0	0	0.000260836036199506	0.000260836036199506	1
CASSLFGAEDTQYF	6.02801822872712e-05	0	0.000260836036199506	0.000260836036199506	2
CASSLGLPQGEQFF	0	0	0.000260836036199506	0.000260836036199506	1
CASSLGTGGPYEQYF	0	0	0.000260836036199506	0.000260836036199506	1
CASSLNVSWVSKTEAFF	0	0	0.000260836036199506	0.000260836036199506	1
CASSLRGAYGYTF	0	0	0.000260836036199506	0.000260836036199506	1
CASSPAYSAHYGYTF	0.000217008656234176	0.000250100040016006	0.000260836036199506	0.000260836036199506	3
CASSPGLAETQYF	0	0	0.000260836036199506	0.000260836036199506	1
CASSPGLAGGHYEQYF	0	0	0.000260836036199506	0.000260836036199506	1
CASSQEAGLGRELFF	7.23362187447255e-05	0	0.000260836036199506	0.000260836036199506	2
CASSQFTGVETQYF	0	0	0.000260836036199506	0.000260836036199506	1
CASSQGGITEAFF	0	0	0.000260836036199506	0.000260836036199506	1
CASSRLAGASRELFF	0	0	0.000260836036199506	0.000260836036199506	1
CASSRVRDEQFF	0	0	0.000260836036199506	0.000260836036199506	1
CASSSAANTGELFF	0	0	0.000260836036199506	0.000260836036199506	1
CASSSANTGELFF	0	0	0.000260836036199506	0.000260836036199506	1
CASSSSGTSGYTF	0	0	0.000260836036199506	0.000260836036199506	1
CASSWLYEQYF	1.20560364574542e-05	0	0.000260836036199506	0.000260836036199506	2
CSAFRNRRNTEAFF	0	0	0.000260836036199506	0.000260836036199506	1
CSVGVDGANVLTF	0	0.000216753368013872	0.000260836036199506	0.000260836036199506	2
CSVVGSGYEQYF	0	0	0.000260836036199506	0.000260836036199506	1
CASSANIGVNTEAFF	0.000253176765606539	0	0	0.000253176765606539	1
CASSFRGQAFGYTF	0.000253176765606539	0	0	0.000253176765606539	1
CASSHPTDSAGGDEQYF	0.000253176765606539	0	0	0.000253176765606539	1
CASSHSGQGAGNSPLHF	0.000253176765606539	0	0	0.000253176765606539	1
CASSIDGRGIHYGYTF	0.000253176765606539	0	0.000136088366712785	0.000253176765606539	2
CASSIGLEQYF	0.000253176765606539	0	0	0.000253176765606539	1
CASSMGGFNEQFF	0.000253176765606539	0.00011671335200747	0	0.000253176765606539	2
CASSPLETDTQYF	0.000253176765606539	0	0.000136088366712785	0.000253176765606539	2
CASSPLGPGELFF	0.000253176765606539	0	0	0.000253176765606539	1
CASSPRVTGGRKNTGELFF	0.000253176765606539	0	0.000226813944521309	0.000253176765606539	2
CASSPTGATLEFF	0.000253176765606539	0	0	0.000253176765606539	1
CASSPWTGGRNEQFF	0.000253176765606539	0	0	0.000253176765606539	1
CASSQAGAEETQYF	0.000253176765606539	0	0	0.000253176765606539	1
CASSQVAGDNEQFF	0.000253176765606539	0	0.00012474766948672	0.000253176765606539	2
CASSRDNNYGYTF	0.000253176765606539	0	0	0.000253176765606539	1
CASSRSDRHGYTF	0.000253176765606539	0	0	0.000253176765606539	1
CASSVTGTSGLSSYNEQFF	0.000253176765606539	0	1.13406972260655e-05	0.000253176765606539	2
CATKSSGSSGELFF	0.000253176765606539	0	0	0.000253176765606539	1
CATSKGKAGPTYNEQFF	0.000253176765606539	0	0	0.000253176765606539	1
CSVAGTDQETQYF	0.000253176765606539	0	0	0.000253176765606539	1
CASGSGDTGELFF	0	0.000250100040016006	0	0.000250100040016006	1
CASKWSTNYGYTF	0	0.000250100040016006	0	0.000250100040016006	1
CASNPGGQTYNEQFF	0	0.000250100040016006	0	0.000250100040016006	1
CASRDGLYYTGELFF	0	0.000250100040016006	0	0.000250100040016006	1
CASRQGGAGELFF	0	0.000250100040016006	0	0.000250100040016006	1
CASRSGTDYNEQFF	0.000108504328117088	0.000250100040016006	0	0.000250100040016006	2
CASSEVKRYTF	0.000204952619776722	0.000250100040016006	0	0.000250100040016006	2
CASSFGQGDTYEQYF	9.6448291659634e-05	0.000250100040016006	3.40220916781964e-05	0.000250100040016006	3
CASSFTYSPLHF	0	0.000250100040016006	0	0.000250100040016006	1
CASSIDSGLGTGELFF	0	0.000250100040016006	0	0.000250100040016006	1
CASSLDRSNTGELFF	0	0.000250100040016006	0	0.000250100040016006	1
CASSLLRGGGELFF	0	0.000250100040016006	0	0.000250100040016006	1
CASSLWGWETQYF	1.20560364574542e-05	0.000250100040016006	0	0.000250100040016006	2
CASSPRWDEQFF	0	0.000250100040016006	0	0.000250100040016006	1
CASSPTAGPLYEQYF	0	0.000250100040016006	0	0.000250100040016006	1
CASSQDAGVQPQHF	0	0.000250100040016006	0	0.000250100040016006	1
CASSQVGGSGTGELFF	0	0.000250100040016006	0	0.000250100040016006	1
CASSSLAGGYEQYF	0	0.000250100040016006	0	0.000250100040016006	1
CASSYRWGLSSYEQYF	0	0.000250100040016006	0	0.000250100040016006	1
CASTSYSTEAFF	0	0.000250100040016006	0	0.000250100040016006	1
CSARARGRTEAFF	0	0.000250100040016006	0	0.000250100040016006	1
CSARDQELSSYEQYF	0	0.000250100040016006	0	0.000250100040016006	1
CSARREGVTAEQYF	0	0.000250100040016006	0	0.000250100040016006	1
CSASQGVDSPLHF	0	0.000250100040016006	0	0.000250100040016006	1
CAISATDSEAYEQYF	0	0	0.00024949533897344	0.00024949533897344	1
CASRGGGLGGGGYTF	0	0	0.00024949533897344	0.00024949533897344	1
CASRRTGNTEAFF	0.000132616401031997	0	0.00024949533897344	0.00024949533897344	2
CASSAGLTGELFF	0	0	0.00024949533897344	0.00024949533897344	1
CASSESRGRSQPQHF	1.20560364574542e-05	0	0.00024949533897344	0.00024949533897344	2
CASSFAGGETQYF	0	0	0.00024949533897344	0.00024949533897344	1
CASSFRPSSYNSPLHF	0	0	0.00024949533897344	0.00024949533897344	1
CASSFYRGQDTEAFF	0	0	0.00024949533897344	0.00024949533897344	1
CASSIGQQPQHF	0	0	0.00024949533897344	0.00024949533897344	1
CASSIVPPGQGTSPLHF	0	0	0.00024949533897344	0.00024949533897344	1
CASSLGPGGAGELFF	0	0	0.00024949533897344	0.00024949533897344	1
CASSLGQANTEAFF	0	5.00200080032013e-05	0.00024949533897344	0.00024949533897344	2
CASSLGQGPGETQYF	6.02801822872712e-05	0	0.00024949533897344	0.00024949533897344	2
CASSLGTAVSNQPQHF	0	0	0.00024949533897344	0.00024949533897344	1
CASSLNPGQGRRGYTF	0	0	0.00024949533897344	0.00024949533897344	1
CASSLPTGSGNTIYF	0	0	0.00024949533897344	0.00024949533897344	1
CASSLRQGSYQGRNQPQHF	0	0	0.00024949533897344	0.00024949533897344	1
CASSLTGTGGQYF	9.6448291659634e-05	3.33466720021342e-05	0.00024949533897344	0.00024949533897344	3
CASSLVGGQTYGYTF	0	0	0.00024949533897344	0.00024949533897344	1
CASSPQNTGELFF	0	0	0.00024949533897344	0.00024949533897344	1
CASSPRTDTQYF	3.61681093723627e-05	0	0.00024949533897344	0.00024949533897344	2
CASSPSGSGNTIYF	0	0	0.00024949533897344	0.00024949533897344	1
CASSPTGAGANVLTF	0	0	0.00024949533897344	0.00024949533897344	1
CASSPVASYEQYF	0	0	0.00024949533897344	0.00024949533897344	1
CASSQAGGTTPTDTQYF	0.000204952619776722	1.66733360010671e-05	0.00024949533897344	0.00024949533897344	3
CASSQAPTGINSPLHF	0	0	0.00024949533897344	0.00024949533897344	1
CASSQAVPGQYNSPLHF	0	0	0.00024949533897344	0.00024949533897344	1
CASSQDAANQPQHF	0	0	0.00024949533897344	0.00024949533897344	1
CASSQDKAGGPEETQYF	0	0	0.00024949533897344	0.00024949533897344	1
CASSQERYQETQYF	0	0	0.00024949533897344	0.00024949533897344	1
CASSQGAQNTEAFF	2.41120729149085e-05	0	0.00024949533897344	0.00024949533897344	2
CASSQPGVSAGYTF	0.000204952619776722	0	0.00024949533897344	0.00024949533897344	2
CASSQRTGREQYF	0	0	0.00024949533897344	0.00024949533897344	1
CASSQVDRGSRNSPLHF	0	0	0.00024949533897344	0.00024949533897344	1
CASSRNQGGGGDEQFF	0	0	0.00024949533897344	0.00024949533897344	1
CASSSASSYNSPLHF	0	0	0.00024949533897344	0.00024949533897344	1
CASSVDGRSYEQYF	2.41120729149085e-05	0	0.00024949533897344	0.00024949533897344	2
CASSYGGGNQPQHF	0	0	0.00024949533897344	0.00024949533897344	1
CATGDRRSQPQHF	0	0	0.00024949533897344	0.00024949533897344	1
CATGLAGSNTGELFF	0	0	0.00024949533897344	0.00024949533897344	1
CATSPYITGLNTEAFF	0	0	0.00024949533897344	0.00024949533897344	1
CATSRLNNEQFF	1.20560364574542e-05	0	0.00024949533897344	0.00024949533897344	2
CSVVGLAGQETQYF	0	0	0.00024949533897344	0.00024949533897344	1
CAISEDRDYGYTF	0.000241120729149085	0	0	0.000241120729149085	1
CAISTGTGELFF	0.000241120729149085	0	0	0.000241120729149085	1
CASAGTRHNEQFF	0.000241120729149085	0	0	0.000241120729149085	1
CASGLDGANVLTF	0.000241120729149085	0	0	0.000241120729149085	1
CASGRTGSEQFF	0.000241120729149085	0	0	0.000241120729149085	1
CASSDPYTGELFF	0.000241120729149085	0	0	0.000241120729149085	1
CASSEGAGSSPDTQYF	0.000241120729149085	0.000216753368013872	0	0.000241120729149085	2
CASSFGSNQPQHF	0.000241120729149085	0	0.000226813944521309	0.000241120729149085	2
CASSHRVSGANVLTF	0.000241120729149085	0	0	0.000241120729149085	1
CASSHVAGGSYEQYF	0.000241120729149085	0	0	0.000241120729149085	1
CASSIDGIYEQYF	0.000241120729149085	0	4.53627889042618e-05	0.000241120729149085	2
CASSLALSNQPQHF	0.000241120729149085	0	0	0.000241120729149085	1
CASSLDRGTEAFF	0.000241120729149085	0	0	0.000241120729149085	1
CASSLFYRIAGWADTQYF	0.000241120729149085	0	3.40220916781964e-05	0.000241120729149085	2
CASSLGGAGELFF	0.000241120729149085	0	0	0.000241120729149085	1
CASSLILVDYTF	0.000241120729149085	0	0	0.000241120729149085	1
CASSLKVWTEAFF	0.000241120729149085	0	0	0.000241120729149085	1
CASSLLGQGAEYEQYF	0.000241120729149085	0	0	0.000241120729149085	1
CASSLRGTGELFF	0.000241120729149085	0	0	0.000241120729149085	1
CASSLTQGLAGTNTGELFF	0.000241120729149085	0	0	0.000241120729149085	1
CASSNYGLNTEAFF	0.000241120729149085	0	0	0.000241120729149085	1
CASSPDTNTEAFF	0.000241120729149085	0	0	0.000241120729149085	1
CASSPGTQETQYF	0.000241120729149085	0	0	0.000241120729149085	1
CASSPPRTGMNTEAFF	0.000241120729149085	0	0	0.000241120729149085	1
CASSPRQGTEAEQFF	0.000241120729149085	0	0	0.000241120729149085	1
CASSPTGDSPEQYF	0.000241120729149085	0	0	0.000241120729149085	1
CASSPYFQGGGYTF	0.000241120729149085	0	0	0.000241120729149085	1
CASSQDGRQYGYTF	0.000241120729149085	0	0	0.000241120729149085	1
CASSQDTSGSGRELFF	0.000241120729149085	0	0	0.000241120729149085	1
CASSQESRASPLHF	0.000241120729149085	0	0	0.000241120729149085	1
CASSQGLETQYF	0.000241120729149085	0	0	0.000241120729149085	1
CASSSGGLQPQHF	0.000241120729149085	0	0	0.000241120729149085	1
CASTTGPEQYF	0.000241120729149085	0	0	0.000241120729149085	1
CSVEDLYRGPGTEAFF	0.000241120729149085	0	0	0.000241120729149085	1
CSVGDRISYEQYF	0.000241120729149085	0	0	0.000241120729149085	1
CAISELGNTGELFF	0	0	0.000238154641747375	0.000238154641747375	1
CASRKAGSAYEQYF	0	0	0.000238154641747375	0.000238154641747375	1
CASRPRTSPYEQYF	0	0	0.000238154641747375	0.000238154641747375	1
CASRPSGMNTGELFF	0	0	0.000238154641747375	0.000238154641747375	1
CASSAIGGSGANVLTF	0	0	0.000238154641747375	0.000238154641747375	1
CASSAVAGSIYEQFF	3.61681093723627e-05	0	0.000238154641747375	0.000238154641747375	2
CASSDSSRQGTSLPQHF	0	0	0.000238154641747375	0.000238154641747375	1
CASSEQGNYGYTF	0	0	0.000238154641747375	0.000238154641747375	1
CASSEWVMNTEAFF	0	0	0.000238154641747375	0.000238154641747375	1
CASSFNRIYEQYF	0	0	0.000238154641747375	0.000238154641747375	1
CASSISVRETQYF	0	0.000133386688008537	0.000238154641747375	0.000238154641747375	2
CASSLDRSRAFEQYF	0.000180840546861814	0	0.000238154641747375	0.000238154641747375	2
CASSLGQGGTEAFF	0.000120560364574542	0	0.000238154641747375	0.000238154641747375	2
CASSLISWLQHNQPQHF	0	0	0.000238154641747375	0.000238154641747375	1
CASSLVGGLRNEQYF	0	0	0.000238154641747375	0.000238154641747375	1
CASSLWTAGETQYF	0	0	0.000238154641747375	0.000238154641747375	1
CASSPGIGGNANYGYTF	0	0	0.000238154641747375	0.000238154641747375	1
CASSPGQGGVGQPQHF	0	0	0.000238154641747375	0.000238154641747375	1
CASSPGQGIGEKLFF	0	0	0.000238154641747375	0.000238154641747375	1
CASSPRTGTQYF	0	0	0.000238154641747375	0.000238154641747375	1
CASSPRTLQETQYF	0	0	0.000238154641747375	0.000238154641747375	1
CASSQDNVLLGGPPYEQYF	6.02801822872712e-05	0	0.000238154641747375	0.000238154641747375	2
CASSQGGAYGYTF	0	0	0.000238154641747375	0.000238154641747375	1
CASSSGPTAYEQYF	0	0	0.000238154641747375	0.000238154641747375	1
CASSTLRETGQPQHF	0	0	0.000238154641747375	0.000238154641747375	1
CASSTRQTGRTYNEQFF	0	0	0.000238154641747375	0.000238154641747375	1
CASSVRSGGNTGELFF	0	0	0.000238154641747375	0.000238154641747375	1
CASSVSGTSIRGTQYF	0	0	0.000238154641747375	0.000238154641747375	1
CASSYRLGRTYEQYF	4.8224145829817e-05	0	0.000238154641747375	0.000238154641747375	2
CASTPTRVSSVSNEQFF	0	0	0.000238154641747375	0.000238154641747375	1
CATQELAGFQETQYF	0	0	0.000238154641747375	0.000238154641747375	1
CATSSRAGDSEQFF	0	0	0.000238154641747375	0.000238154641747375	1
CSAGQYF	2.41120729149085e-05	0	0.000238154641747375	0.000238154641747375	2
CSAGRDSYGYTF	0	0	0.000238154641747375	0.000238154641747375	1
CSAPQQGPKYGYTF	0.000108504328117088	0	0.000238154641747375	0.000238154641747375	2
CSARGRKGASDEQYF	0	0	0.000238154641747375	0.000238154641747375	1
CSARTGNTEAFF	0	0	0.000238154641747375	0.000238154641747375	1
CSVAGVRLARLQFQETQYF	0	0	0.000238154641747375	0.000238154641747375	1
CSVGLAGGELFF	0	0	0.000238154641747375	0.000238154641747375	1
CSVQDRASSYGYTF	0	0	0.000238154641747375	0.000238154641747375	1
CAAGPGLVPYEQYF	0	0.000233426704014939	0	0.000233426704014939	1
CAIKTGQENTGELFF	0	0.000233426704014939	0	0.000233426704014939	1
CASGLGTSLAEAFF	9.6448291659634e-05	0.000233426704014939	0	0.000233426704014939	2
CASGNIYEQYF	0	0.000233426704014939	0	0.000233426704014939	1
CASRGTGGTGELFF	0	0.000233426704014939	2.26813944521309e-05	0.000233426704014939	2
CASRNRGTEAFF	0	0.000233426704014939	0	0.000233426704014939	1
CASRPGQLYEQYF	0	0.000233426704014939	0	0.000233426704014939	1
CASSAPVNQKSYEQYF	0	0.000233426704014939	0	0.000233426704014939	1
CASSENGGLWFNEQFF	0	0.000233426704014939	0	0.000233426704014939	1
CASSFGAQEQYF	0	0.000233426704014939	0.000113406972260655	0.000233426704014939	2
CASSGSSYIYNEQFF	0	0.000233426704014939	0	0.000233426704014939	1
CASSPGLAEYNEQFF	0	0.000233426704014939	0	0.000233426704014939	1
CASSPGQNEQYF	0	0.000233426704014939	0	0.000233426704014939	1
CASSPNPKSYEQYF	0	0.000233426704014939	0	0.000233426704014939	1
CASSPSFTRGHQPQHF	0	0.000233426704014939	0	0.000233426704014939	1
CASSPTGRSSYNEQFF	0	0.000233426704014939	0	0.000233426704014939	1
CASSQAQDRGNEKLFF	0	0.000233426704014939	0	0.000233426704014939	1
CASSQGKGVNTEAFF	0	0.000233426704014939	0	0.000233426704014939	1
CASSQNRGRGYGYTF	0	0.000233426704014939	0	0.000233426704014939	1
CASSQVGGSGIGELFF	0	0.000233426704014939	0	0.000233426704014939	1
CASSRLAGTGFFGYTF	0	0.000233426704014939	0	0.000233426704014939	1
CASSRNSGRIGSYEQYF	8.43922552021797e-05	0.000233426704014939	0.000192791852843113	0.000233426704014939	3
CASSYPRTSGRYEYF	0	0.000233426704014939	0	0.000233426704014939	1
CASSYSIRRETQYF	0	0.000233426704014939	0	0.000233426704014939	1
CASSYYRSNTEAFF	0	0.000233426704014939	0	0.000233426704014939	1
CATSDFRGRSRETQYF	0	0.000233426704014939	0	0.000233426704014939	1
CSAIGGSGGSEAFF	6.02801822872712e-05	0.000233426704014939	0	0.000233426704014939	2
CSARAKQGFYF	0	0.000233426704014939	0	0.000233426704014939	1
CSARGLDRGGYEQYF	0	0.000233426704014939	0	0.000233426704014939	1
CSARGTSGRFYNEQFF	0	0.000233426704014939	0	0.000233426704014939	1
CSARKGSENTEAFF	0	0.000233426704014939	0	0.000233426704014939	1
CSARMEGGRRYNEQFF	0	0.000233426704014939	0	0.000233426704014939	1
CASRRGQGNSPLHF	0.000229064692691631	0	0	0.000229064692691631	1
CASSIFSAADTEAFF	0.000229064692691631	0	1.13406972260655e-05	0.000229064692691631	2
CASSLDRGRGTEAFF	0.000229064692691631	0	0	0.000229064692691631	1
CASSLGLLAGDETQYF	0.000229064692691631	0	0	0.000229064692691631	1
CASSLQVNYGYTF	0.000229064692691631	0	0	0.000229064692691631	1
CSVGGGRPLYEQYF	0.000229064692691631	0	0	0.000229064692691631	1
CAISAISAAVYGYTF	0.000229064692691631	0	0	0.000229064692691631	1
CASGLGQGNTGELFF	0.000229064692691631	0	0	0.000229064692691631	1
CASGLVQPRRTDTEAFF	0.000229064692691631	0	0	0.000229064692691631	1
CASRGCRGREEQYF	0.000229064692691631	0	0	0.000229064692691631	1
CASRNAGGEQYF	0.000229064692691631	0	0	0.000229064692691631	1
CASRPLGGNSGYTF	0.000229064692691631	0	0	0.000229064692691631	1
CASSDDYNEQFF	0.000229064692691631	8.33666800053355e-05	0	0.000229064692691631	2
CASSDNLDMRGSDTQYF	0.000229064692691631	0	0	0.000229064692691631	1
CASSEIVILARRANYGYTF	0.000229064692691631	0	0	0.000229064692691631	1
CASSESGRGTQYF	0.000229064692691631	0	0	0.000229064692691631	1
CASSFGTSFEQYF	0.000229064692691631	0	0	0.000229064692691631	1
CASSFSDRADGYTF	0.000229064692691631	0	0	0.000229064692691631	1
CASSGIPTSGPYNEQFF	0.000229064692691631	0	0	0.000229064692691631	1
CASSIAGTGYEQYF	0.000229064692691631	0.00011671335200747	0.000192791852843113	0.000229064692691631	3
CASSKMHGELFF	0.000229064692691631	0	0	0.000229064692691631	1
CASSLDGARTEAFF	0.000229064692691631	0	0	0.000229064692691631	1
CASSLEGTGAYEQYF	0.000229064692691631	0	0	0.000229064692691631	1
CASSLGQGDYEQYF	0.000229064692691631	0.000133386688008537	3.40220916781964e-05	0.000229064692691631	3
CASSLGTGKWNYGYTF	0.000229064692691631	0	0	0.000229064692691631	1
CASSLSRGNTGELFF	0.000229064692691631	0	0	0.000229064692691631	1
CASSLTWGLRLRYTF	0.000229064692691631	0	2.26813944521309e-05	0.000229064692691631	2
CASSPDDYEQYF	0.000229064692691631	0	0	0.000229064692691631	1
CASSPLAGGPTDTQYF	0.000229064692691631	5.00200080032013e-05	0.000226813944521309	0.000229064692691631	3
CASSPPVEARTNEQFF	0.000229064692691631	0	2.26813944521309e-05	0.000229064692691631	2
CASSPQRLIQETQYF	0.000229064692691631	0	0	0.000229064692691631	1
CASSPRATSGRDSSYNEQFF	0.000229064692691631	0	6.80441833563927e-05	0.000229064692691631	2
CASSPRSGANVLTF	0.000229064692691631	0	0	0.000229064692691631	1
CASSPRTVEAFF	0.000229064692691631	0	0.000181451155617047	0.000229064692691631	2
CASSPSEGSYGYTF	0.000229064692691631	0.00011671335200747	0	0.000229064692691631	2
CASSPWDTPNYGYTF	0.000229064692691631	0	0	0.000229064692691631	1
CASSQDLGGGAYNEQFF	0.000229064692691631	0	0	0.000229064692691631	1
CASSQEFSTSSPLHF	0.000229064692691631	0	0	0.000229064692691631	1
CASSQEVGTARLAGSYEQYF	0.000229064692691631	0	0	0.000229064692691631	1
CASSQGDETQYF	0.000229064692691631	0	0	0.000229064692691631	1
CASSQGLGGGNQPQHF	0.000229064692691631	0	0	0.000229064692691631	1
CASSQWGRGKNYEQYF	0.000229064692691631	0	0	0.000229064692691631	1
CASSRGGEYGYTF	0.000229064692691631	0	0	0.000229064692691631	1
CASSRQGTYEQYF	0.000229064692691631	0	0	0.000229064692691631	1
CASSRRSMSGRGSEQYF	0.000229064692691631	0	0.000181451155617047	0.000229064692691631	2
CASSTRTENTGELFF	0.000229064692691631	0	0	0.000229064692691631	1
CASSTVGTGLTGELFF	0.000229064692691631	0	0	0.000229064692691631	1
CASTQGRGQGSYEQYF	0.000229064692691631	0	0	0.000229064692691631	1
CATGTGGLNTEAFF	0.000229064692691631	0	0	0.000229064692691631	1
CSANRRESRNTGELFF	0.000229064692691631	0	0	0.000229064692691631	1
CSVETPRQMGTEAFF	0.000229064692691631	0	0	0.000229064692691631	1
CAIMVQETQYF	0	0	0.000226813944521309	0.000226813944521309	1
CAISRQGMNSPLHF	0	0	0.000226813944521309	0.000226813944521309	1
CASKFSGFLDEQFF	0	0	0.000226813944521309	0.000226813944521309	1
CASSAGTDYYGYTF	0	0	0.000226813944521309	0.000226813944521309	1
CASSAGYEAFF	0	0	0.000226813944521309	0.000226813944521309	1
CASSDSLEQFF	0	0	0.000226813944521309	0.000226813944521309	1
CASSFTSGTPYEQYF	0	0	0.000226813944521309	0.000226813944521309	1
CASSLAEPSYEQYF	0	0	0.000226813944521309	0.000226813944521309	1
CASSLAGSYNEQFF	0	5.00200080032013e-05	0.000226813944521309	0.000226813944521309	2
CASSLEFTVPGNQPQHF	0	0	0.000226813944521309	0.000226813944521309	1
CASSLGTSGSSYEQYF	0	0	0.000226813944521309	0.000226813944521309	1
CASSLLVGETQYF	0	0	0.000226813944521309	0.000226813944521309	1
CASSNGFQETQYF	0	0	0.000226813944521309	0.000226813944521309	1
CASSPGGADGANVLTF	0	0	0.000226813944521309	0.000226813944521309	1
CASSPGSYGYTF	0	0	0.000226813944521309	0.000226813944521309	1
CASSPGYRVVEAFF	0	0	0.000226813944521309	0.000226813944521309	1
CASSPLKGEEKLFF	0	0	0.000226813944521309	0.000226813944521309	1
CASSPLNGLTGELFF	0	0	0.000226813944521309	0.000226813944521309	1
CASSPPGSSYNEQFF	0	0	0.000226813944521309	0.000226813944521309	1
CASSPRGRGEQYF	0	0	0.000226813944521309	0.000226813944521309	1
CASSPRVLTEAFF	0	0	0.000226813944521309	0.000226813944521309	1
CASSQDLGRAPLHF	0	0	0.000226813944521309	0.000226813944521309	1
CASSQDNLDRVGNTGELFF	0	0	0.000226813944521309	0.000226813944521309	1
CASSQDSAGVPTRETQYF	0	0	0.000226813944521309	0.000226813944521309	1
CASSQEQGSEAFF	0	0	0.000226813944521309	0.000226813944521309	1
CASSQESVSTYEQYF	0	0	0.000226813944521309	0.000226813944521309	1
CASSQGRVNTGELFF	0	0	0.000226813944521309	0.000226813944521309	1
CASSQTQGAGEAFF	0	0	0.000226813944521309	0.000226813944521309	1
CASSQTRQGAYEQYF	0	0	0.000226813944521309	0.000226813944521309	1
CASSQVGFGEQYF	0	0	0.000226813944521309	0.000226813944521309	1
CASSRRLAGLLTDTQYF	0	5.00200080032013e-05	0.000226813944521309	0.000226813944521309	2
CASSTGQAQPQHF	0	0	0.000226813944521309	0.000226813944521309	1
CASSYSGFATEAFF	0	0	0.000226813944521309	0.000226813944521309	1
CASSYWTVSPLHF	4.8224145829817e-05	0	0.000226813944521309	0.000226813944521309	2
CATGTNYGYTF	1.20560364574542e-05	0	0.000226813944521309	0.000226813944521309	2
CATSDHGAPDGYTF	0	0	0.000226813944521309	0.000226813944521309	1
CATSRRRKKTNEQFF	0	0	0.000226813944521309	0.000226813944521309	1
CSAREVLATYNEQFF	7.23362187447255e-05	0	0.000226813944521309	0.000226813944521309	2
CSARPRLGEVYEQYF	0.000204952619776722	0	0.000226813944521309	0.000226813944521309	2
CSARPRQGLTYEQYF	3.61681093723627e-05	0	0.000226813944521309	0.000226813944521309	2
CSARTEFNTEAFF	0	0.000183406696011738	0.000226813944521309	0.000226813944521309	2
CSASRNTEAFF	0	0	0.000226813944521309	0.000226813944521309	1
CAISEIPDSEETQYF	0.000217008656234176	0	0	0.000217008656234176	1
CASNQDHYGYTF	0.000217008656234176	0	0	0.000217008656234176	1
CASRLGTANTEAFF	0.000217008656234176	0	0	0.000217008656234176	1
CASSATGTLNTEAFF	0.000217008656234176	0	0	0.000217008656234176	1
CASSDPRKDQANQETQYF	0.000217008656234176	0	0	0.000217008656234176	1
CASSDRGTGELFF	0.000217008656234176	0	9.07255778085237e-05	0.000217008656234176	2
CASSENEDRGTFF	0.000217008656234176	0	0	0.000217008656234176	1
CASSFGGGTEAFF	0.000217008656234176	0	0	0.000217008656234176	1
CASSFTTPSSGSINEQFF	0.000217008656234176	0	0	0.000217008656234176	1
CASSHGGWGEQYF	0.000217008656234176	0	0	0.000217008656234176	1
CASSLGGTTNTGELFF	0.000217008656234176	0	0	0.000217008656234176	1
CASSLGHPQGEQYF	0.000217008656234176	0	0.000181451155617047	0.000217008656234176	2
CASSLGRTSKNYEQYF	0.000217008656234176	0	0	0.000217008656234176	1
CASSLKGNEKLFF	0.000217008656234176	0	0	0.000217008656234176	1
CASSLNGTPLYAFQEQYF	0.000217008656234176	0	0	0.000217008656234176	1
CASSLNPTNTEAFF	0.000217008656234176	0	0	0.000217008656234176	1
CASSLRAGGLNEQFF	0.000217008656234176	0	0	0.000217008656234176	1
CASSLVQGNTEAFF	0.000217008656234176	0	0	0.000217008656234176	1
CASSPGVSNQPQHF	0.000217008656234176	5.00200080032013e-05	0	0.000217008656234176	2
CASSPRGAYNEKLFF	0.000217008656234176	0	0	0.000217008656234176	1
CASSQASPSGTGEAFF	0.000217008656234176	0	0	0.000217008656234176	1
CASSQPLAPSYEQYF	0.000217008656234176	0	0	0.000217008656234176	1
CASSRLASGISGELFF	0.000217008656234176	0	0	0.000217008656234176	1
CASSRVAGDYGYTF	0.000217008656234176	0	0	0.000217008656234176	1
CASSYSGIYEQYF	0.000217008656234176	0	0	0.000217008656234176	1
CASSYTKGAKETQYF	0.000217008656234176	0	0	0.000217008656234176	1
CATSGGGQETQYF	0.000217008656234176	0	0	0.000217008656234176	1
CATSRVDSYEQYF	0.000217008656234176	0	0	0.000217008656234176	1
CSAGTRNTQYF	0.000217008656234176	0	6.80441833563927e-05	0.000217008656234176	2
CSANKLGSEQYF	0.000217008656234176	0	0	0.000217008656234176	1
CSARKGNMNTEAFF	0.000217008656234176	0	0	0.000217008656234176	1
CSARPLGQGSQPQHF	0.000217008656234176	0	0	0.000217008656234176	1
CSATPGFEGGREQYF	0.000217008656234176	0	0	0.000217008656234176	1
CSVVAGQNYGYTF	0.000217008656234176	0	0	0.000217008656234176	1
CASGSSYTEAFF	3.61681093723627e-05	0.000216753368013872	0	0.000216753368013872	2
CASHGNNEQFF	0	0.000216753368013872	1.13406972260655e-05	0.000216753368013872	2
CASRIAGFTGELFF	3.61681093723627e-05	0.000216753368013872	0.000113406972260655	0.000216753368013872	3
CASSDRGYGYTF	4.8224145829817e-05	0.000216753368013872	0	0.000216753368013872	2
CASSEAGALDPYNEQFF	0	0.000216753368013872	0	0.000216753368013872	1
CASSEGGQGVGGYTF	0	0.000216753368013872	0	0.000216753368013872	1
CASSFSRQETQYF	0	0.000216753368013872	0	0.000216753368013872	1
CASSGGVAGLYNEQFF	0	0.000216753368013872	0	0.000216753368013872	1
CASSHPGTSGNPASYNEQFF	0	0.000216753368013872	0	0.000216753368013872	1
CASSLWTSGSSFSGELFF	0	0.000216753368013872	0	0.000216753368013872	1
CASSPPRQLSYNEQFF	7.23362187447255e-05	0.000216753368013872	0.000113406972260655	0.000216753368013872	3
CASSQDGTLTSPLHF	2.41120729149085e-05	0.000216753368013872	0	0.000216753368013872	2
CASSQGPHNEQFF	0	0.000216753368013872	0	0.000216753368013872	1
CASSQVSHGTGELFF	0	0.000216753368013872	0	0.000216753368013872	1
CASSVGSSYEQYF	8.43922552021797e-05	0.000216753368013872	0	0.000216753368013872	2
CASSYSEFSGRAGGILHF	0	0.000216753368013872	0	0.000216753368013872	1
CASSYSHWGTYEQYF	0	0.000216753368013872	0.000136088366712785	0.000216753368013872	2
CASTFPGAGATNEKLFF	0	0.000216753368013872	0	0.000216753368013872	1
CASTRGYNEQFF	0	0.000216753368013872	0	0.000216753368013872	1
CATSDLGVPETQYF	0	0.000216753368013872	0.000136088366712785	0.000216753368013872	2
CATSRDLGEGEQFF	0	0.000216753368013872	0	0.000216753368013872	1
CSAIMTGVVLHSPLHF	0	0.000216753368013872	0	0.000216753368013872	1
CSAMTGWGTGELFF	0	0.000216753368013872	0	0.000216753368013872	1
CSARGRRGHSYEQYF	0	0.000216753368013872	0	0.000216753368013872	1
CSARVIWDRGVAAQYF	0	0.000216753368013872	0	0.000216753368013872	1
CSARYGGSYEQYF	6.02801822872712e-05	0.000216753368013872	0	0.000216753368013872	2
CSASGLYEQYF	0	0.000216753368013872	0	0.000216753368013872	1
CSATLAGVKETQYF	0	0.000216753368013872	0	0.000216753368013872	1
CSAVGLAVSYEQYF	3.61681093723627e-05	0.000216753368013872	7.93848805824582e-05	0.000216753368013872	3
CSARLPGTPTYEQYF	0	0	0.000215473247295244	0.000215473247295244	1
CASGLPGTYTSYEQYF	0	0	0.000215473247295244	0.000215473247295244	1
CASRGTDYGYTF	0	0	0.000215473247295244	0.000215473247295244	1
CASRRQGADTEAFF	0	0	0.000215473247295244	0.000215473247295244	1
CASRYTGELFF	8.43922552021797e-05	0	0.000215473247295244	0.000215473247295244	2
CASSAGTFYEQYF	0.000156728473946905	0	0.000215473247295244	0.000215473247295244	2
CASSDYINTEAFF	0	0	0.000215473247295244	0.000215473247295244	1
CASSENIRTGVNYGYTF	0	3.33466720021342e-05	0.000215473247295244	0.000215473247295244	2
CASSFGTSGSGELFF	0	0	0.000215473247295244	0.000215473247295244	1
CASSFPGELFF	0	0	0.000215473247295244	0.000215473247295244	1
CASSGLSGVSYEQYF	0	0	0.000215473247295244	0.000215473247295244	1
CASSIASGDYEQYF	9.6448291659634e-05	0	0.000215473247295244	0.000215473247295244	2
CASSITGGGYTF	1.20560364574542e-05	0	0.000215473247295244	0.000215473247295244	2
CASSLARGKQYF	0	0	0.000215473247295244	0.000215473247295244	1
CASSLFTAGGQATDEQFF	0	0	0.000215473247295244	0.000215473247295244	1
CASSLGGTDTQYF	2.41120729149085e-05	0	0.000215473247295244	0.000215473247295244	2
CASSLGLAGGTDTQYF	0	0	0.000215473247295244	0.000215473247295244	1
CASSLGRGYQPQHF	0	0	0.000215473247295244	0.000215473247295244	1
CASSLGVGELFF	0	0	0.000215473247295244	0.000215473247295244	1
CASSLLEEGTQYF	0	0	0.000215473247295244	0.000215473247295244	1
CASSLPSGRGGGQETQYF	0	0	0.000215473247295244	0.000215473247295244	1
CASSLSPRQGSGANVLTF	0	0	0.000215473247295244	0.000215473247295244	1
CASSLVGSNYGYTF	0	0	0.000215473247295244	0.000215473247295244	1
CASSMYRGTDTQYF	0	0	0.000215473247295244	0.000215473247295244	1
CASSPGTDYGYTF	0	0	0.000215473247295244	0.000215473247295244	1
CASSPKEQNYGYTF	0	0	0.000215473247295244	0.000215473247295244	1
CASSPQQGIYTEAFF	0	0	0.000215473247295244	0.000215473247295244	1
CASSPSGQGEQYF	0	0	0.000215473247295244	0.000215473247295244	1
CASSPVQGLNQPQHF	0.000120560364574542	0	0.000215473247295244	0.000215473247295244	2
CASSQAKKQETQYF	0	0	0.000215473247295244	0.000215473247295244	1
CASSQERESPYEQYF	0	0	0.000215473247295244	0.000215473247295244	1
CASSQGLAGAAGELFF	0	0	0.000215473247295244	0.000215473247295244	1
CASSQVSDSGNTIYF	0	0	0.000215473247295244	0.000215473247295244	1
CASSRDQNTEAFF	0	0	0.000215473247295244	0.000215473247295244	1
CASSREDIRTLAFYGYTF	0	0	0.000215473247295244	0.000215473247295244	1
CASSRGLRGDYEQYF	4.8224145829817e-05	0	0.000215473247295244	0.000215473247295244	2
CASSSGTGGRGEKLFF	2.41120729149085e-05	0	0.000215473247295244	0.000215473247295244	2
CASSSTTGNQPQHF	0	0	0.000215473247295244	0.000215473247295244	1
CASSVGQETQYF	0	0	0.000215473247295244	0.000215473247295244	1
CASSWTTSQETQYF	0	0	0.000215473247295244	0.000215473247295244	1
CASSYANGNTEAFF	0	0	0.000215473247295244	0.000215473247295244	1
CASTGDGKLFF	4.8224145829817e-05	0	0.000215473247295244	0.000215473247295244	2
CASTLGDFTGELFF	0	0	0.000215473247295244	0.000215473247295244	1
CATRQVLYGYTF	0	0	0.000215473247295244	0.000215473247295244	1
CATSRGGLARNEQFF	0	0	0.000215473247295244	0.000215473247295244	1
CSARDLDVNNEQFF	0	0	0.000215473247295244	0.000215473247295244	1
CSARDLGTEQFF	0	0	0.000215473247295244	0.000215473247295244	1
CSARRGVLAGGETQYF	0	0	0.000215473247295244	0.000215473247295244	1
CSARTGGNTEAFF	0	0	0.000215473247295244	0.000215473247295244	1
CSATGLAGPYEQYF	0	0	0.000215473247295244	0.000215473247295244	1
CSATPENTEAFF	0	0	0.000215473247295244	0.000215473247295244	1
CASIWEDNPLYEQYF	0.000204952619776722	0	0	0.000204952619776722	1
CASSAGHEQYF	0.000204952619776722	0	0	0.000204952619776722	1
CASSEYRTEKPEQYF	0.000204952619776722	0	0	0.000204952619776722	1
CASSHPRLVRSGELFF	0.000204952619776722	0	0	0.000204952619776722	1
CASSLAAGGGYTF	0.000204952619776722	0	0	0.000204952619776722	1
CASSLAGGPHEQYF	0.000204952619776722	0	0	0.000204952619776722	1
CASSLGGRPNTGELFF	0.000204952619776722	0	0	0.000204952619776722	1
CASSLGVGEQYF	0.000204952619776722	0	0	0.000204952619776722	1
CASSLIGFGYTF	0.000204952619776722	0	0	0.000204952619776722	1
CASSLRQELTDTQYF	0.000204952619776722	0	3.40220916781964e-05	0.000204952619776722	2
CASSLVREQYF	0.000204952619776722	0	0	0.000204952619776722	1
CASSLYQGTNGYTF	0.000204952619776722	0	0	0.000204952619776722	1
CASSPGGTTNEKLFF	0.000204952619776722	0	7.93848805824582e-05	0.000204952619776722	2
CASSPGLAGEAGELFF	0.000204952619776722	0	0	0.000204952619776722	1
CASSPNGQGIYEQYF	0.000204952619776722	0	0	0.000204952619776722	1
CASSQEPGVGWTQYF	0.000204952619776722	0	0	0.000204952619776722	1
CASSQGGPRTEAFF	0.000204952619776722	0	0	0.000204952619776722	1
CASSQGQGIYNEQFF	0.000204952619776722	0	0	0.000204952619776722	1
CASSQVGLAGGEQYF	0.000204952619776722	0	0	0.000204952619776722	1
CASSQVRTAGYTF	0.000204952619776722	0	0	0.000204952619776722	1
CASSRDRFYEQYF	0.000204952619776722	0	0	0.000204952619776722	1
CASSRNGNTGELFF	0.000204952619776722	0	0	0.000204952619776722	1
CASSRPDGTGSYNEQFF	0.000204952619776722	0	0.00012474766948672	0.000204952619776722	2
CASSSAQGAKGYTF	0.000204952619776722	0	0.000192791852843113	0.000204952619776722	2
CASSSRQGAGSPLHF	0.000204952619776722	0	0	0.000204952619776722	1
CATSRGQGASYNEQFF	0.000204952619776722	0	0	0.000204952619776722	1
CATSRGQPKETQYF	0.000204952619776722	0	0	0.000204952619776722	1
CAIRDRETNTGELFF	0	0	0.000204132550069178	0.000204132550069178	1
CAIRRQGDNQPQHF	0	0	0.000204132550069178	0.000204132550069178	1
CAISDGRGSGGSPLHF	0	0	0.000204132550069178	0.000204132550069178	1
CAISEQTGGTEKLFF	0	0	0.000204132550069178	0.000204132550069178	1
CAISERAGGPNWQYF	0	0	0.000204132550069178	0.000204132550069178	1
CAISESTQSSTGGYGYTF	0	0	0.000204132550069178	0.000204132550069178	1
CASGQGSGNEQFF	0	0	0.000204132550069178	0.000204132550069178	1
CASGSGWQETQYF	0	0	0.000204132550069178	0.000204132550069178	1
CASHGQGIVAGKDNEQFF	0	0	0.000204132550069178	0.000204132550069178	1
CASKGGINTEAFF	0	0	0.000204132550069178	0.000204132550069178	1
CASNPTSSSYNEQFF	0	0	0.000204132550069178	0.000204132550069178	1
CASQEIGFRRVETQYF	0	0	0.000204132550069178	0.000204132550069178	1
CASRGNPRRTNSYEQYF	0	0	0.000204132550069178	0.000204132550069178	1
CASRLTGTSGRAYEQFF	9.6448291659634e-05	0	0.000204132550069178	0.000204132550069178	2
CASRPGPGGANYGYTF	0	0	0.000204132550069178	0.000204132550069178	1
CASSDPGQGTYEQYF	0	0	0.000204132550069178	0.000204132550069178	1
CASSFDEAYEQYF	0	0	0.000204132550069178	0.000204132550069178	1
CASSFDKLNTEAFF	0	0	0.000204132550069178	0.000204132550069178	1
CASSFGETQYF	0	0	0.000204132550069178	0.000204132550069178	1
CASSFLGTNYGYTF	0	0	0.000204132550069178	0.000204132550069178	1
CASSFLSPGQGGEQYF	0	0	0.000204132550069178	0.000204132550069178	1
CASSFRAPGELFF	0	0	0.000204132550069178	0.000204132550069178	1
CASSFSADANYGYTF	0	0	0.000204132550069178	0.000204132550069178	1
CASSHGISYEQYF	0	0	0.000204132550069178	0.000204132550069178	1
CASSIGQGPYEQYF	0	0	0.000204132550069178	0.000204132550069178	1
CASSKAREQFF	0	0	0.000204132550069178	0.000204132550069178	1
CASSKRQGLNTEAFF	0	0	0.000204132550069178	0.000204132550069178	1
CASSLADVSFNEQFF	0	0	0.000204132550069178	0.000204132550069178	1
CASSLAPGGGHEQFF	0	0	0.000204132550069178	0.000204132550069178	1
CASSLDVGTTYNEQFF	0	0	0.000204132550069178	0.000204132550069178	1
CASSLDYSYNSPLHF	0	0	0.000204132550069178	0.000204132550069178	1
CASSLMIQETQYF	0	0	0.000204132550069178	0.000204132550069178	1
CASSLRPNTEAFF	0	0	0.000204132550069178	0.000204132550069178	1
CASSLRQGGAFF	0	0	0.000204132550069178	0.000204132550069178	1
CASSLRQLEGYTF	0	0	0.000204132550069178	0.000204132550069178	1
CASSLSEATYNEQFF	6.02801822872712e-05	0	0.000204132550069178	0.000204132550069178	2
CASSLVFRDTEAFF	0	0	0.000204132550069178	0.000204132550069178	1
CASSLYEQYF	0	0	0.000204132550069178	0.000204132550069178	1
CASSNTKIRFQPQHF	0	0	0.000204132550069178	0.000204132550069178	1
CASSPGQGSPTTPTNSNQPQHF	0	0	0.000204132550069178	0.000204132550069178	1
CASSPGTLEAFF	0	0	0.000204132550069178	0.000204132550069178	1
CASSPGYQETQYF	0	0	0.000204132550069178	0.000204132550069178	1
CASSPKTGANTEAFF	0	0	0.000204132550069178	0.000204132550069178	1
CASSPLQGTTNEKLFF	0	0	0.000204132550069178	0.000204132550069178	1
CASSPQLGDTEAFF	0	0	0.000204132550069178	0.000204132550069178	1
CASSPQSARRPEAFF	0	0	0.000204132550069178	0.000204132550069178	1
CASSPRRGLDEQYF	0	0	0.000204132550069178	0.000204132550069178	1
CASSQDLMNTEAFF	0	0	0.000204132550069178	0.000204132550069178	1
CASSQFDRSNQPQHF	0	0	0.000204132550069178	0.000204132550069178	1
CASSQGMSGANVLTF	0.000168784510404359	0	0.000204132550069178	0.000204132550069178	2
CASSQGQSSGNTIYF	0	0	0.000204132550069178	0.000204132550069178	1
CASSQGTGELFF	0	0	0.000204132550069178	0.000204132550069178	1
CASSQSGLAKQETQYF	0	0	0.000204132550069178	0.000204132550069178	1
CASSRPNSPLHF	9.6448291659634e-05	0	0.000204132550069178	0.000204132550069178	2
CASSRPTATNEKLFF	0	0	0.000204132550069178	0.000204132550069178	1
CASSRRAGEVADTQYF	0	0	0.000204132550069178	0.000204132550069178	1
CASSRRPGELFF	0	0	0.000204132550069178	0.000204132550069178	1
CASSSGGPPYEQYF	0	0	0.000204132550069178	0.000204132550069178	1
CASSWTRAGGAYGYTF	0	0	0.000204132550069178	0.000204132550069178	1
CASSYPGDFQETQYF	0	0	0.000204132550069178	0.000204132550069178	1
CASSYSSFPSGRRETQYF	0	0	0.000204132550069178	0.000204132550069178	1
CASTRVGGVYGYTF	0	0	0.000204132550069178	0.000204132550069178	1
CASVDVPGGYTF	0	0	0.000204132550069178	0.000204132550069178	1
CATSRDRGKGEQFF	0	0	0.000204132550069178	0.000204132550069178	1
CSADTGRGTEAFF	0	0	0.000204132550069178	0.000204132550069178	1
CSAEPTGNSYEQYF	7.23362187447255e-05	0	0.000204132550069178	0.000204132550069178	2
CSAKTGGVYEQYF	0.000192896583319268	0	0.000204132550069178	0.000204132550069178	2
CSALAGLAVTQYF	2.41120729149085e-05	0	0.000204132550069178	0.000204132550069178	2
CSARDSRRYGYTF	0	0	0.000204132550069178	0.000204132550069178	1
CSVHRSGSYEQYF	0	0	0.000204132550069178	0.000204132550069178	1
CAISPGLAGKGTQYF	0	0.000200080032012805	0	0.000200080032012805	1
CASGMTSGRIGGELFF	9.6448291659634e-05	0.000200080032012805	0	0.000200080032012805	2
CASIPDRDNQPQHF	0	0.000200080032012805	0	0.000200080032012805	1
CASRPGLATNEQFF	0	0.000200080032012805	0	0.000200080032012805	1
CASRTGTRNEQFF	0	0.000200080032012805	4.53627889042618e-05	0.000200080032012805	2
CASRYSGYSTNEKLFF	3.61681093723627e-05	0.000200080032012805	0.000147429063938851	0.000200080032012805	3
CASSESGHHEQYF	0	0.000200080032012805	0	0.000200080032012805	1
CASSFSIFLTGGRHGYTF	0.000120560364574542	0.000200080032012805	0	0.000200080032012805	2
CASSFSTGGSTEAFF	0	0.000200080032012805	0	0.000200080032012805	1
CASSGTGAGDYEQYF	0	0.000200080032012805	0	0.000200080032012805	1
CASSIEGGPMNTEAFF	0	0.000200080032012805	0	0.000200080032012805	1
CASSKAGAGTGELFF	0	0.000200080032012805	0	0.000200080032012805	1
CASSLDSVPRNTIYF	0	0.000200080032012805	0	0.000200080032012805	1
CASSLGHLGNTIYF	0	0.000200080032012805	0	0.000200080032012805	1
CASSLGSTDTQYF	7.23362187447255e-05	0.000200080032012805	0	0.000200080032012805	2
CASSLIIGAYEQYF	0	0.000200080032012805	0	0.000200080032012805	1
CASSLLGGQTYEQYF	0	0.000200080032012805	0	0.000200080032012805	1
CASSLLKLFSYNEQFF	0	0.000200080032012805	0	0.000200080032012805	1
CASSLLLAGINEQFF	2.41120729149085e-05	0.000200080032012805	2.26813944521309e-05	0.000200080032012805	3
CASSLVSGPLTGNTIYF	4.8224145829817e-05	0.000200080032012805	0	0.000200080032012805	2
CASSNTGFHQPQHF	0	0.000200080032012805	0	0.000200080032012805	1
CASSPLGGTDTQYF	0	0.000200080032012805	0.000102066275034589	0.000200080032012805	2
CASSPPSTAGNTIYF	0	0.000200080032012805	0	0.000200080032012805	1
CASSPSAGGGYYGYTF	0	0.000200080032012805	0	0.000200080032012805	1
CASSRPGTNQPQHF	4.8224145829817e-05	0.000200080032012805	5.67034861303273e-05	0.000200080032012805	3
CASSRSTDQARETQYF	0	0.000200080032012805	0.000113406972260655	0.000200080032012805	2
CASSSPSGAWNEQFF	2.41120729149085e-05	0.000200080032012805	0	0.000200080032012805	2
CASSYSSYEQYF	3.61681093723627e-05	0.000200080032012805	0	0.000200080032012805	2
CASTLAGVGQWEQFF	0	0.000200080032012805	0	0.000200080032012805	1
CATSVANPLDEQFF	0	0.000200080032012805	0	0.000200080032012805	1
CATSVHLTDYEQYF	0	0.000200080032012805	0	0.000200080032012805	1
CSADPGGPVYNEQFF	0	0.000200080032012805	0	0.000200080032012805	1
CSAMNTGELFF	0	0.000200080032012805	0	0.000200080032012805	1
CSAPGTGGNQPQHF	0	0.000200080032012805	0	0.000200080032012805	1
CSARDQFSDSYNEQFF	0	0.000200080032012805	0	0.000200080032012805	1
CSARTSGSYNEQFF	0	0.000200080032012805	0.000147429063938851	0.000200080032012805	2
CSATGTSGRSTGELFF	0	0.000200080032012805	0	0.000200080032012805	1
CSATPGGPRGEYF	0	0.000200080032012805	2.26813944521309e-05	0.000200080032012805	2
CSGRGRALYEQYF	0	0.000200080032012805	0	0.000200080032012805	1
CSVEDLGRGRGNTIYF	0	0.000200080032012805	0	0.000200080032012805	1
CASSHTGLAGAYEQYF	0	0.000200080032012805	0	0.000200080032012805	1
CASSLGVLAGGGPYNEQFF	0	0.000200080032012805	0	0.000200080032012805	1
CAIKGTSGTGELFF	0.000192896583319268	0	0	0.000192896583319268	1
CAISVAGGRDYGYTF	0.000192896583319268	0	0	0.000192896583319268	1
CAISVDRGRTEAFF	0.000192896583319268	0	0	0.000192896583319268	1
CASAYEETQYF	0.000192896583319268	0	0	0.000192896583319268	1
CASCLGTSWDMNTEAFF	0.000192896583319268	0	0	0.000192896583319268	1
CASRDTNTGELFF	0.000192896583319268	0	0	0.000192896583319268	1
CASRRTSGRSTGANVLTF	0.000192896583319268	0	0	0.000192896583319268	1
CASRSTDRYTEAFF	0.000192896583319268	0	0	0.000192896583319268	1
CASRTRQGVKDTEAFF	0.000192896583319268	0	0	0.000192896583319268	1
CASRTSGVYEQYF	0.000192896583319268	0	0	0.000192896583319268	1
CASRVRLAGGLNEQFF	0.000192896583319268	1.66733360010671e-05	6.80441833563927e-05	0.000192896583319268	3
CASSAGQGVTYEQYF	0.000192896583319268	1.66733360010671e-05	0.000170110458390982	0.000192896583319268	3
CASSAMWGRAGYTGELFF	0.000192896583319268	0	0	0.000192896583319268	1
CASSDPEQNTGELFF	0.000192896583319268	0	0	0.000192896583319268	1
CASSEIISQGSDQPQHF	0.000192896583319268	0	0	0.000192896583319268	1
CASSESWETQYF	0.000192896583319268	0	0	0.000192896583319268	1
CASSFRGYSQNF	0.000192896583319268	0	0	0.000192896583319268	1
CASSGLAGGVRETQYF	0.000192896583319268	0	0	0.000192896583319268	1
CASSHYEGPEQYF	0.000192896583319268	0	0	0.000192896583319268	1
CASSLAGANYGYTF	0.000192896583319268	0	0	0.000192896583319268	1
CASSLAGSSYEQYF	0.000192896583319268	0	0	0.000192896583319268	1
CASSLASGITGELFF	0.000192896583319268	0	0	0.000192896583319268	1
CASSLATGANSPLHF	0.000192896583319268	0	2.26813944521309e-05	0.000192896583319268	2
CASSLEVRLAGNTGELFF	0.000192896583319268	0	0	0.000192896583319268	1
CASSLGLAGSGTNEQFF	0.000192896583319268	0	0	0.000192896583319268	1
CASSLRRTVNQPQHF	0.000192896583319268	0	0	0.000192896583319268	1
CASSLSETGLSEQYF	0.000192896583319268	0	0	0.000192896583319268	1
CASSLTVGFRGYTF	0.000192896583319268	0	0	0.000192896583319268	1
CASSLVPPSAYEQYF	0.000192896583319268	0	0	0.000192896583319268	1
CASSPGGPGRREQFF	0.000192896583319268	0	0	0.000192896583319268	1
CASSPGTGINSPLHF	0.000192896583319268	0	0	0.000192896583319268	1
CASSPQRYEQYF	0.000192896583319268	0	0	0.000192896583319268	1
CASSPRGGPGNVLTF	0.000192896583319268	0	0	0.000192896583319268	1
CASSPRGQGEQYF	0.000192896583319268	0	0	0.000192896583319268	1
CASSPRQVGIQYF	0.000192896583319268	0	0	0.000192896583319268	1
CASSPRSSATGELFF	0.000192896583319268	0	0	0.000192896583319268	1
CASSPYRETEAFF	0.000192896583319268	0	0	0.000192896583319268	1
CASSQGDRESYEQYF	0.000192896583319268	0	0	0.000192896583319268	1
CASSQPTGSSYEQYF	0.000192896583319268	0	0	0.000192896583319268	1
CASSQVPPGGGIETQYF	0.000192896583319268	0	0	0.000192896583319268	1
CASSRQQGNEKLFF	0.000192896583319268	0	0	0.000192896583319268	1
CASSSGAGVSYEQYF	0.000192896583319268	0	0	0.000192896583319268	1
CASSVLAGEPGELFF	0.000192896583319268	0	0	0.000192896583319268	1
CASSVQETQYF	0.000192896583319268	0	0	0.000192896583319268	1
CASTARDRGLYEQYF	0.000192896583319268	0	0	0.000192896583319268	1
CATRAPPQNNEQFF	0.000192896583319268	0	0	0.000192896583319268	1
CATSRDRTSGETQYF	0.000192896583319268	0	0	0.000192896583319268	1
CSAERQPTSNEQFF	0.000192896583319268	0	0	0.000192896583319268	1
CSAMNPVGYGYTF	0.000192896583319268	0	0	0.000192896583319268	1
CSVGDGVLGNQPQHF	0.000192896583319268	0	0	0.000192896583319268	1
CAIQGTVTDTQYF	0	0	0.000192791852843113	0.000192791852843113	1
CAIRGDSANYGYTF	0	0	0.000192791852843113	0.000192791852843113	1
CAISATASTGELFF	0.000132616401031997	0	0.000192791852843113	0.000192791852843113	2
CAISESTRRDRTGELFF	0	0	0.000192791852843113	0.000192791852843113	1
CAISESVQETQYF	0	0	0.000192791852843113	0.000192791852843113	1
CAISHRQGDYGYTF	0	0	0.000192791852843113	0.000192791852843113	1
CASAIRLAGNEQFF	0	0	0.000192791852843113	0.000192791852843113	1
CASKGTSGITGELFF	0	0	0.000192791852843113	0.000192791852843113	1
CASNRAAQYEQYF	1.20560364574542e-05	0	0.000192791852843113	0.000192791852843113	2
CASRLWGTGNEKLFF	0	0	0.000192791852843113	0.000192791852843113	1
CASRPRVEEGYTF	2.41120729149085e-05	0	0.000192791852843113	0.000192791852843113	2
CASRPSDAERAFF	0	0	0.000192791852843113	0.000192791852843113	1
CASSAGDPHGEQFF	0	0	0.000192791852843113	0.000192791852843113	1
CASSAGLAGAGELFF	0	0	0.000192791852843113	0.000192791852843113	1
CASSESKTGREQYF	0	0	0.000192791852843113	0.000192791852843113	1
CASSFASGFINNEQFF	6.02801822872712e-05	0.00011671335200747	0.000192791852843113	0.000192791852843113	3
CASSFIVGGYEQYF	0	0	0.000192791852843113	0.000192791852843113	1
CASSFRGSGANVLTF	0	0	0.000192791852843113	0.000192791852843113	1
CASSHNLGSGDGANVLTF	7.23362187447255e-05	0	0.000192791852843113	0.000192791852843113	2
CASSLAPPTGSDEQYF	0	0	0.000192791852843113	0.000192791852843113	1
CASSLGGDEQFF	0.000108504328117088	0	0.000192791852843113	0.000192791852843113	2
CASSLGIYYQETQYF	0	0	0.000192791852843113	0.000192791852843113	1
CASSLGRGGGNYEQYF	0	0	0.000192791852843113	0.000192791852843113	1
CASSLISSGTGLSEQYF	0	0	0.000192791852843113	0.000192791852843113	1
CASSLLAGEGETQYF	0	0	0.000192791852843113	0.000192791852843113	1
CASSLLRAGGNTEAFF	0	0	0.000192791852843113	0.000192791852843113	1
CASSLSRVVEGNTIYF	0	0	0.000192791852843113	0.000192791852843113	1
CASSPRGLAGEQYF	0	0	0.000192791852843113	0.000192791852843113	1
CASSPRTGTSSGNTIYF	0	0	0.000192791852843113	0.000192791852843113	1
CASSPRTVNTEAFF	0	0	0.000192791852843113	0.000192791852843113	1
CASSPSGTGGNEQFF	0.000144672437489451	0	0.000192791852843113	0.000192791852843113	2
CASSQAGGRRYEQYF	0	0	0.000192791852843113	0.000192791852843113	1
CASSQGGSGTPYEQYF	0	0	0.000192791852843113	0.000192791852843113	1
CASSQPPGQGVFEQFF	0	0	0.000192791852843113	0.000192791852843113	1
CASSQRGNTEAFF	0	0	0.000192791852843113	0.000192791852843113	1
CASSQRVGEQFF	0	0	0.000192791852843113	0.000192791852843113	1
CASSQTGGVGYTF	0	0	0.000192791852843113	0.000192791852843113	1
CASSRDGNQPQHF	0	0	0.000192791852843113	0.000192791852843113	1
CASSRIGGTAFF	0	0	0.000192791852843113	0.000192791852843113	1
CASSRQGDDEQYF	0	0	0.000192791852843113	0.000192791852843113	1
CASSSFLAGGPNGELFF	0	0	0.000192791852843113	0.000192791852843113	1
CASSSLAPSTDTQYF	0	0	0.000192791852843113	0.000192791852843113	1
CASSTGTSGRRHNEQFF	9.6448291659634e-05	0	0.000192791852843113	0.000192791852843113	2
CASSVVPPGQASYEQYF	0.000144672437489451	0	0.000192791852843113	0.000192791852843113	2
CASSWDRVGTEAFF	0	0	0.000192791852843113	0.000192791852843113	1
CASSWGTNSPLHF	0	0	0.000192791852843113	0.000192791852843113	1
CASSYEGLGQRNTEAFF	0	0	0.000192791852843113	0.000192791852843113	1
CASTFLRAATEAFF	0	0	0.000192791852843113	0.000192791852843113	1
CASTHGAGTYEQYF	3.61681093723627e-05	0	0.000192791852843113	0.000192791852843113	2
CASTLHESNTEAFF	0	0	0.000192791852843113	0.000192791852843113	1
CASTPRRRGDEQFF	0	0	0.000192791852843113	0.000192791852843113	1
CATSRGLALQYF	0	0	0.000192791852843113	0.000192791852843113	1
CAWRDSLNEKLFF	0	0	0.000192791852843113	0.000192791852843113	1
CAWRVKGAYGYTF	0	0	0.000192791852843113	0.000192791852843113	1
CSAANPQPPKLFF	0	0	0.000192791852843113	0.000192791852843113	1
CSAGRVGDTIYF	0	0	0.000192791852843113	0.000192791852843113	1
CSAINQDRGTETQYF	6.02801822872712e-05	0	0.000192791852843113	0.000192791852843113	2
CSAKDPFMNTEAFF	0	0	0.000192791852843113	0.000192791852843113	1
CSALTTSGSTHEQFF	0	0	0.000192791852843113	0.000192791852843113	1
CSARDGREGQYF	0	0	0.000192791852843113	0.000192791852843113	1
CSARDISYEQYF	0	0	0.000192791852843113	0.000192791852843113	1
CSARGVRGRSHEAFF	0	0	0.000192791852843113	0.000192791852843113	1
CSARPTGLRAEAFF	0	0	0.000192791852843113	0.000192791852843113	1
CSARPYTEAFF	0	0	0.000192791852843113	0.000192791852843113	1
CSVEGFDDNEQFF	0	0	0.000192791852843113	0.000192791852843113	1
CSVEGVGGYTF	0	0	0.000192791852843113	0.000192791852843113	1
CSVGQLEYNEQFF	0	0	0.000192791852843113	0.000192791852843113	1
CSVRSAGGPYEQYF	0	0	0.000192791852843113	0.000192791852843113	1
CSYRTGTYGYTF	0	0	0.000192791852843113	0.000192791852843113	1
CASIVLAGAGNEQFF	0	0.000183406696011738	0	0.000183406696011738	1
CASRPELAAYEQYF	0	0.000183406696011738	0	0.000183406696011738	1
CASRPPGWAGAGYTF	0	0.000183406696011738	0	0.000183406696011738	1
CASRRTGDPDEKLFF	0	0.000183406696011738	0	0.000183406696011738	1
CASSEWNRIQETQYF	6.02801822872712e-05	0.000183406696011738	0	0.000183406696011738	2
CASSFLPPPTDTQYF	7.23362187447255e-05	0.000183406696011738	6.80441833563927e-05	0.000183406696011738	3
CASSFSGQGIGEKLFF	0	0.000183406696011738	0	0.000183406696011738	1
CASSFVGNNEQFF	0	0.000183406696011738	0.000102066275034589	0.000183406696011738	2
CASSLWPSGRVYTQYF	0	0.000183406696011738	0	0.000183406696011738	1
CASSQRSLQNYGYTF	0	0.000183406696011738	0	0.000183406696011738	1
CASSRQTHSTDTQYF	0	0.000183406696011738	0	0.000183406696011738	1
CASSVGQGNQPQHF	0	0.000183406696011738	3.40220916781964e-05	0.000183406696011738	2
CASSVLPGLSYEQYF	0	0.000183406696011738	6.80441833563927e-05	0.000183406696011738	2
CASSYGTVNSPLHF	0	0.000183406696011738	0.000102066275034589	0.000183406696011738	2
CASSYLPAGVGAGELFF	0	0.000183406696011738	0	0.000183406696011738	1
CASSYPLGRLHYEQYF	0	0.000183406696011738	0	0.000183406696011738	1
CASSYSGLALVSYEQYF	0	0.000183406696011738	0	0.000183406696011738	1
CASSYSIGAPNEKLFF	0	0.000183406696011738	0	0.000183406696011738	1
CASTTESSYNSPLHF	0	0.000183406696011738	0	0.000183406696011738	1
CASYATAGLAHPGYTF	0	0.000183406696011738	0	0.000183406696011738	1
CATTPGQGPYEQYF	0	0.000183406696011738	0	0.000183406696011738	1
CAWSALAGFTGELFF	0	0.000183406696011738	0	0.000183406696011738	1
CSAESGSSYEQYF	7.23362187447255e-05	0.000183406696011738	0	0.000183406696011738	2
CSARADRTSGRAGEQYF	0	0.000183406696011738	0	0.000183406696011738	1
CSARDGGSHTGELFF	3.61681093723627e-05	0.000183406696011738	0	0.000183406696011738	2
CSARDSSQGEQYF	0	0.000183406696011738	0	0.000183406696011738	1
CSARRDYRREQFF	0	0.000183406696011738	0	0.000183406696011738	1
CSARSGAVSQETQYF	0	0.000183406696011738	0	0.000183406696011738	1
CAIKVARGSGNGELFF	0	0	0.000181451155617047	0.000181451155617047	1
CAISEKGQGNTEAFF	0	0	0.000181451155617047	0.000181451155617047	1
CASGLGLRSRYTF	0	0	0.000181451155617047	0.000181451155617047	1
CASGTPNTGELFF	0	0	0.000181451155617047	0.000181451155617047	1
CASNRQGPNTEAFF	2.41120729149085e-05	0	0.000181451155617047	0.000181451155617047	2
CASRGQAAGEQYF	0	0	0.000181451155617047	0.000181451155617047	1
CASRLPGQISYEQYF	0	0	0.000181451155617047	0.000181451155617047	1
CASRRGLALKQFF	0	0	0.000181451155617047	0.000181451155617047	1
CASRVRGQGTGELFF	0	0	0.000181451155617047	0.000181451155617047	1
CASSDGGPQETQYF	0	0	0.000181451155617047	0.000181451155617047	1
CASSELNTEAFF	0	0	0.000181451155617047	0.000181451155617047	1
CASSFGGQPQHF	0	0	0.000181451155617047	0.000181451155617047	1
CASSFGVDYEQYF	0	0	0.000181451155617047	0.000181451155617047	1
CASSFRGYEQYF	0	0	0.000181451155617047	0.000181451155617047	1
CASSFRLGGRAGDTQYF	1.20560364574542e-05	0	0.000181451155617047	0.000181451155617047	2
CASSFSPRYEQFF	2.41120729149085e-05	0	0.000181451155617047	0.000181451155617047	2
CASSHPLANQETQYF	0	0	0.000181451155617047	0.000181451155617047	1
CASSIGRETQETQYF	0	0	0.000181451155617047	0.000181451155617047	1
CASSIGTANTGELFF	0	0	0.000181451155617047	0.000181451155617047	1
CASSKRAQVVRNYNEQFF	0	1.66733360010671e-05	0.000181451155617047	0.000181451155617047	2
CASSLARSQETQYF	7.23362187447255e-05	0	0.000181451155617047	0.000181451155617047	2
CASSLATGTEAFF	0	0	0.000181451155617047	0.000181451155617047	1
CASSLDNQQETQYF	0	0	0.000181451155617047	0.000181451155617047	1
CASSLEHETQYF	0	0	0.000181451155617047	0.000181451155617047	1
CASSLERELEQFF	0	0	0.000181451155617047	0.000181451155617047	1
CASSLGASYEQYF	0	0	0.000181451155617047	0.000181451155617047	1
CASSLGGGRVNEQFF	0	0	0.000181451155617047	0.000181451155617047	1
CASSLGGLAGAEAQYF	0	0	0.000181451155617047	0.000181451155617047	1
CASSLGGTASSYNEQFF	0	0	0.000181451155617047	0.000181451155617047	1
CASSLGLAGRLDEQFF	9.6448291659634e-05	0	0.000181451155617047	0.000181451155617047	2
CASSLLSGANVLTF	0	0.000166733360010671	0.000181451155617047	0.000181451155617047	2
CASSLSVKQYF	0	0	0.000181451155617047	0.000181451155617047	1
CASSLTVRDEQYF	0	0	0.000181451155617047	0.000181451155617047	1
CASSMTSANTGELFF	2.41120729149085e-05	3.33466720021342e-05	0.000181451155617047	0.000181451155617047	3
CASSPGTRGANVLTF	8.43922552021797e-05	0	0.000181451155617047	0.000181451155617047	2
CASSPRPGYNEQFF	0	0	0.000181451155617047	0.000181451155617047	1
CASSPRRAAYNEQFF	0	0	0.000181451155617047	0.000181451155617047	1
CASSPSYEQYF	0	0	0.000181451155617047	0.000181451155617047	1
CASSQLGQGPNGYTF	0	0	0.000181451155617047	0.000181451155617047	1
CASSQVDLEDRYEQFF	4.8224145829817e-05	0	0.000181451155617047	0.000181451155617047	2
CASSRQGQTQYF	0.000144672437489451	0	0.000181451155617047	0.000181451155617047	2
CASSRTSWSMAQYF	0	0	0.000181451155617047	0.000181451155617047	1
CASSSGRINQPQHF	0	0	0.000181451155617047	0.000181451155617047	1
CASSSNTPRGYTF	0	0	0.000181451155617047	0.000181451155617047	1
CASSSSGVGTEAFF	0	0	0.000181451155617047	0.000181451155617047	1
CASSSTLGGSYEQYF	0	0	0.000181451155617047	0.000181451155617047	1
CASSSVAGGEQYF	0	0	0.000181451155617047	0.000181451155617047	1
CASSTASGSFPGELFF	0	0	0.000181451155617047	0.000181451155617047	1
CASSVEGVGETQYF	0	0	0.000181451155617047	0.000181451155617047	1
CASSVSAASSYNEQFF	0	0	0.000181451155617047	0.000181451155617047	1
CASTPTGERNGYTF	0	0	0.000181451155617047	0.000181451155617047	1
CATLRTPGRITEAFF	0	0	0.000181451155617047	0.000181451155617047	1
CATNTKTRDNTEAFF	0	0	0.000181451155617047	0.000181451155617047	1
CATSRGGLSAKNIQYF	0	0	0.000181451155617047	0.000181451155617047	1
CATSRRVGVRTTNEKLFF	0	0	0.000181451155617047	0.000181451155617047	1
CATTATGELFF	0	0	0.000181451155617047	0.000181451155617047	1
CAWTSQNRGNTEAFF	6.02801822872712e-05	0	0.000181451155617047	0.000181451155617047	2
CSAPGQGDYEQYF	0	0	0.000181451155617047	0.000181451155617047	1
CSAPRDTNSYEQYF	0	0	0.000181451155617047	0.000181451155617047	1
CSARGPGLNTEAFF	0	0	0.000181451155617047	0.000181451155617047	1
CSARRGGGNTEAFF	0	0	0.000181451155617047	0.000181451155617047	1
CSASGVGEKLFF	0	0	0.000181451155617047	0.000181451155617047	1
CSASRSAQETQYF	0	0	0.000181451155617047	0.000181451155617047	1
CSATLAGGHNEQFF	0.000168784510404359	8.33666800053355e-05	0.000181451155617047	0.000181451155617047	3
CSGRDWGRETQYF	0	0	0.000181451155617047	0.000181451155617047	1
CAGGVGTGALAF	0.000180840546861814	0	0	0.000180840546861814	1
CASGLVRPPRGLAASYEQYF	0.000180840546861814	0	0	0.000180840546861814	1
CASGPLGTGELFF	0.000180840546861814	0	0	0.000180840546861814	1
CASNPWGVYTEAFF	0.000180840546861814	0	0	0.000180840546861814	1
CASREGQRNSPLHF	0.000180840546861814	0	0	0.000180840546861814	1
CASREQGRHSPLHF	0.000180840546861814	0	0	0.000180840546861814	1
CASRGSLNTEAFF	0.000180840546861814	0	0	0.000180840546861814	1
CASRPRGALYGYTF	0.000180840546861814	0	0	0.000180840546861814	1
CASSEGPYPETQYF	0.000180840546861814	0	0	0.000180840546861814	1
CASSESKILFRRDTEAFF	0.000180840546861814	0	0	0.000180840546861814	1
CASSEVDSSAYNSPLHF	0.000180840546861814	0	0	0.000180840546861814	1
CASSFFWVTAYEQYF	0.000180840546861814	0	0	0.000180840546861814	1
CASSFGTPTYGYTF	0.000180840546861814	0	0	0.000180840546861814	1
CASSFLQGEVRTEAFF	0.000180840546861814	0	0	0.000180840546861814	1
CASSGEYSNQPQHF	0.000180840546861814	0	0	0.000180840546861814	1
CASSHQELNTEAFF	0.000180840546861814	0	0	0.000180840546861814	1
CASSIQGTNTEAFF	0.000180840546861814	0	0	0.000180840546861814	1
CASSLAGQGSNQPQHF	0.000180840546861814	0	0	0.000180840546861814	1
CASSLDGDQQFF	0.000180840546861814	0	6.80441833563927e-05	0.000180840546861814	2
CASSLERTSGTNEQFF	0.000180840546861814	0	0	0.000180840546861814	1
CASSLGQFAGPEAFF	0.000180840546861814	0	0	0.000180840546861814	1
CASSLGQGYGNTEAFF	0.000180840546861814	0	0	0.000180840546861814	1
CASSLGRQPIQETQYF	0.000180840546861814	0	0	0.000180840546861814	1
CASSLLGDPYYGYTF	0.000180840546861814	0	0	0.000180840546861814	1
CASSLQGIVWGEETQYF	0.000180840546861814	0	0	0.000180840546861814	1
CASSLRAFNTEAFF	0.000180840546861814	0	0	0.000180840546861814	1
CASSLSPQGIGTPLHF	0.000180840546861814	0	0	0.000180840546861814	1
CASSLTGWDSPLHF	0.000180840546861814	0	0	0.000180840546861814	1
CASSLTLYHGYTF	0.000180840546861814	0	0	0.000180840546861814	1
CASSPAGGEIDQPQHF	0.000180840546861814	0	0	0.000180840546861814	1
CASSPGLVLASYNEQFF	0.000180840546861814	0	0	0.000180840546861814	1
CASSPGTGVNEQFF	0.000180840546861814	0	0	0.000180840546861814	1
CASSPNPRGNEQYF	0.000180840546861814	0	0	0.000180840546861814	1
CASSPQPLGNQPQHF	0.000180840546861814	0	0	0.000180840546861814	1
CASSPRLVYEQYF	0.000180840546861814	0	0	0.000180840546861814	1
CASSPSGTGELFF	0.000180840546861814	0	0	0.000180840546861814	1
CASSPVEGHRTNQPQHF	0.000180840546861814	0	0	0.000180840546861814	1
CASSQDAGIGEKLFF	0.000180840546861814	0	0	0.000180840546861814	1
CASSQDAGNYEQYF	0.000180840546861814	0	0	0.000180840546861814	1
CASSQDGDGYNEQFF	0.000180840546861814	0	0	0.000180840546861814	1
CASSQDMDSWAYEQYF	0.000180840546861814	0	0	0.000180840546861814	1
CASSQDVAGIVGELFF	0.000180840546861814	0	0	0.000180840546861814	1
CASSQEPDRILSPGYTF	0.000180840546861814	0	0	0.000180840546861814	1
CASSQVGTSGRDGTQYF	0.000180840546861814	0	0	0.000180840546861814	1
CASSQVPGFTEAFF	0.000180840546861814	0	0	0.000180840546861814	1
CASSRDIYQPQHF	0.000180840546861814	0	0	0.000180840546861814	1
CASSRPTGTAGELFF	0.000180840546861814	0	0	0.000180840546861814	1
CASSRTGTRYEQYF	0.000180840546861814	0	0	0.000180840546861814	1
CASSSPLIGNTGELFF	0.000180840546861814	0	0	0.000180840546861814	1
CASSSSGRAQNEQYF	0.000180840546861814	0	0	0.000180840546861814	1
CASSTDGVYGYTF	0.000180840546861814	0	0	0.000180840546861814	1
CASSTLLSAPGYGYTF	0.000180840546861814	0	0	0.000180840546861814	1
CASSVIGTGNTEAFF	0.000180840546861814	6.66933440042684e-05	0	0.000180840546861814	2
CASSYGSSYEQYF	0.000180840546861814	0	0	0.000180840546861814	1
CASVRQGAMETQYF	0.000180840546861814	0	0	0.000180840546861814	1
CATAGGLGNTIYF	0.000180840546861814	0	0	0.000180840546861814	1
CATAGYADTQYF	0.000180840546861814	0	0.000147429063938851	0.000180840546861814	2
CATDRGYFSGANVLTF	0.000180840546861814	0	0	0.000180840546861814	1
CATSSHGQGSAFF	0.000180840546861814	0	0	0.000180840546861814	1
CSSRDSFSYEQYF	0.000180840546861814	0	0	0.000180840546861814	1
CSVDVRGASSYEQYF	0.000180840546861814	0	0	0.000180840546861814	1
CSVEREDRTTGELFF	0.000180840546861814	0	0	0.000180840546861814	1
CSVLPPSSYEQYF	0.000180840546861814	0	0	0.000180840546861814	1
CSVNRAGTEAFF	0.000180840546861814	0	0	0.000180840546861814	1
CSVQHPGSNYGYTF	0.000180840546861814	0	0	0.000180840546861814	1
CSVVPSGYNEQFF	0.000180840546861814	0	0	0.000180840546861814	1
CASSLGQLNTEAFF	0	0	0.000170110458390982	0.000170110458390982	1
CASSQPGLAGGLGEQYF	0	0	0.000170110458390982	0.000170110458390982	1
CASSRDSPGGYEQYF	0	0	0.000170110458390982	0.000170110458390982	1
CSARRDRHNEKLFF	0	0	0.000170110458390982	0.000170110458390982	1
CAISARSGSANTGELFF	0	0	0.000170110458390982	0.000170110458390982	1
CAISDLVSPLHF	0	0	0.000170110458390982	0.000170110458390982	1
CAISEGLAGIEQYF	0	0	0.000170110458390982	0.000170110458390982	1
CAISFRQDYEQYF	6.02801822872712e-05	0	0.000170110458390982	0.000170110458390982	2
CAISSPVDTEAFF	0	0	0.000170110458390982	0.000170110458390982	1
CASAGGGRSGANVLTF	0	0	0.000170110458390982	0.000170110458390982	1
CASILAPGTSYEQYF	0	0	0.000170110458390982	0.000170110458390982	1
CASPTGGGSYEQYF	0	0	0.000170110458390982	0.000170110458390982	1
CASRREIHNSPLHF	0	0	0.000170110458390982	0.000170110458390982	1
CASSDKWSSTDTQYF	0	0	0.000170110458390982	0.000170110458390982	1
CASSDRMNTEAFF	0	0	0.000170110458390982	0.000170110458390982	1
CASSEGGSYEQYF	0	0	0.000170110458390982	0.000170110458390982	1
CASSETRLAERTGELFF	0	0	0.000170110458390982	0.000170110458390982	1
CASSFGHPLSSYNEQFF	9.6448291659634e-05	0	0.000170110458390982	0.000170110458390982	2
CASSFKTNYGYTF	0	0	0.000170110458390982	0.000170110458390982	1
CASSFSRAEQYF	0	0	0.000170110458390982	0.000170110458390982	1
CASSFTSSGANVLTF	0	0	0.000170110458390982	0.000170110458390982	1
CASSGGGPQHF	0	0	0.000170110458390982	0.000170110458390982	1
CASSIRTGPAGNQPQHF	0	0.00011671335200747	0.000170110458390982	0.000170110458390982	2
CASSKTYYEQYF	0	0	0.000170110458390982	0.000170110458390982	1
CASSLAATEGNEQFF	0	0	0.000170110458390982	0.000170110458390982	1
CASSLARALPVKTQYF	0	0	0.000170110458390982	0.000170110458390982	1
CASSLEQGDLTQYF	0	0	0.000170110458390982	0.000170110458390982	1
CASSLFSYEQYF	0	0	0.000170110458390982	0.000170110458390982	1
CASSLGDRITGELFF	0	0	0.000170110458390982	0.000170110458390982	1
CASSLGGEQYF	0	0	0.000170110458390982	0.000170110458390982	1
CASSLGGLNSGNTIYF	0	0	0.000170110458390982	0.000170110458390982	1
CASSLGSGARYEQYF	0	0	0.000170110458390982	0.000170110458390982	1
CASSLGVVNTEAFF	0	0	0.000170110458390982	0.000170110458390982	1
CASSLHYTEAFF	0	0	0.000170110458390982	0.000170110458390982	1
CASSLKQETQYF	0	0	0.000170110458390982	0.000170110458390982	1
CASSLMRGRVNEQFF	0	0	0.000170110458390982	0.000170110458390982	1
CASSLRSLGSREAEAFF	0	0	0.000170110458390982	0.000170110458390982	1
CASSLSSYNEQFF	0	0	0.000170110458390982	0.000170110458390982	1
CASSLTSGAYEQYF	0	0	0.000170110458390982	0.000170110458390982	1
CASSLVASGRRNEQYF	0	0	0.000170110458390982	0.000170110458390982	1
CASSLVGYNEQFF	0	0	0.000170110458390982	0.000170110458390982	1
CASSLVSSGNTIYF	0	0	0.000170110458390982	0.000170110458390982	1
CASSLVTTGAKNIQYF	0	0	0.000170110458390982	0.000170110458390982	1
CASSPEIGTASYEQYF	0	0	0.000170110458390982	0.000170110458390982	1
CASSPGNYPYNEQFF	0	0	0.000170110458390982	0.000170110458390982	1
CASSPIAGGLTGELFF	0	0	0.000170110458390982	0.000170110458390982	1
CASSPREIAGGELFF	0	0	0.000170110458390982	0.000170110458390982	1
CASSPRGQSPATNEKLFF	0	0	0.000170110458390982	0.000170110458390982	1
CASSPRTSYNEQFF	0	0	0.000170110458390982	0.000170110458390982	1
CASSPTEYNEQFF	0	0	0.000170110458390982	0.000170110458390982	1
CASSPTGTVNTGELFF	0	0	0.000170110458390982	0.000170110458390982	1
CASSPTSGLGEQFF	0	0	0.000170110458390982	0.000170110458390982	1
CASSPTSYEQYF	0	0	0.000170110458390982	0.000170110458390982	1
CASSQGGYGYTF	0	0	0.000170110458390982	0.000170110458390982	1
CASSQGVRRTDTQYF	0	0	0.000170110458390982	0.000170110458390982	1
CASSQSLITNSPLHF	0	0	0.000170110458390982	0.000170110458390982	1
CASSQVQGGETQYF	0	0	0.000170110458390982	0.000170110458390982	1
CASSRDISMNTEAFF	0	0	0.000170110458390982	0.000170110458390982	1
CASSRGLAGSYEQYF	0	0	0.000170110458390982	0.000170110458390982	1
CASSRLAGVAETQYF	0	0	0.000170110458390982	0.000170110458390982	1
CASSRTAFGGNQPQHF	0	0	0.000170110458390982	0.000170110458390982	1
CASSRTGPRNYGYTF	0	0	0.000170110458390982	0.000170110458390982	1
CASSTRQGVMETQYF	0	0	0.000170110458390982	0.000170110458390982	1
CASSVDRNYGYTF	0	0	0.000170110458390982	0.000170110458390982	1
CASSVQTNTEAFF	0	0	0.000170110458390982	0.000170110458390982	1
CASSWIGLGRGKETQYF	0	0	0.000170110458390982	0.000170110458390982	1
CASSYDRDVGFTF	0	0	0.000170110458390982	0.000170110458390982	1
CASTGTPNTGELFF	0.000156728473946905	0	0.000170110458390982	0.000170110458390982	2
CATRGSGNQPQHF	0	0	0.000170110458390982	0.000170110458390982	1
CAVAGTSTGELFF	0	0	0.000170110458390982	0.000170110458390982	1
CAWSPDSNQPQHF	0	0	0.000170110458390982	0.000170110458390982	1
CSAENRVGIQYF	0	0	0.000170110458390982	0.000170110458390982	1
CSAKKPLRGEQYF	0	0	0.000170110458390982	0.000170110458390982	1
CSARATNEKLFF	0	0	0.000170110458390982	0.000170110458390982	1
CSARDRTGDTEAFF	0	0	0.000170110458390982	0.000170110458390982	1
CSARVGGRGNTGELFF	0	0	0.000170110458390982	0.000170110458390982	1
CSASPRQDEQYF	0	0	0.000170110458390982	0.000170110458390982	1
CSATFFGEQYF	0	0	0.000170110458390982	0.000170110458390982	1
CSATGLAGSPYEQYF	0	0	0.000170110458390982	0.000170110458390982	1
CSATGLETGELFF	0	0	0.000170110458390982	0.000170110458390982	1
CSGSGLAGVRSYNEQFF	0	0	0.000170110458390982	0.000170110458390982	1
CSVADEQYF	0	0	0.000170110458390982	0.000170110458390982	1
CSVATANQPQHF	0	0	0.000170110458390982	0.000170110458390982	1
CSVIWGLHEQYF	0	0	0.000170110458390982	0.000170110458390982	1
CSVVLSSYEQYF	0	0	0.000170110458390982	0.000170110458390982	1
CAIRGQNMNSPLHF	0.000168784510404359	0	0	0.000168784510404359	1
CAIRSNYGYTF	0.000168784510404359	0	0	0.000168784510404359	1
CAISESGLAGTGELFF	0.000168784510404359	0	0	0.000168784510404359	1
CAISESTGRNSPLHF	0.000168784510404359	0	0	0.000168784510404359	1
CAISESVASNTGELFF	0.000168784510404359	0	0	0.000168784510404359	1
CAISGTGTGGYEQYF	0.000168784510404359	0	0	0.000168784510404359	1
CASKKQGASYEQYF	0.000168784510404359	0	3.40220916781964e-05	0.000168784510404359	2
CASLPGPQHF	0.000168784510404359	0	0	0.000168784510404359	1
CASNGQGKYGYTF	0.000168784510404359	0	0	0.000168784510404359	1
CASNGRGTNEKLFF	0.000168784510404359	0	0	0.000168784510404359	1
CASQGTVGNTEAFF	0.000168784510404359	0	0	0.000168784510404359	1
CASRGDRVTYEQYF	0.000168784510404359	0	0	0.000168784510404359	1
CASRLKGSTEAFF	0.000168784510404359	0	0	0.000168784510404359	1
CASRRTGVATNEKLFF	0.000168784510404359	0	0	0.000168784510404359	1
CASRVTGANTGELFF	0.000168784510404359	0	5.67034861303273e-05	0.000168784510404359	2
CASSDGLAGVPFTGELFF	0.000168784510404359	0	0	0.000168784510404359	1
CASSESGDPTPQHF	0.000168784510404359	0	0	0.000168784510404359	1
CASSESGRAGNTGELFF	0.000168784510404359	0	0	0.000168784510404359	1
CASSFGVYGANVLTF	0.000168784510404359	0	0	0.000168784510404359	1
CASSFKAGVYEQYF	0.000168784510404359	0	0.000136088366712785	0.000168784510404359	2
CASSFSSGSSIDTQYF	0.000168784510404359	0	0	0.000168784510404359	1
CASSHTVEGRLGGYTF	0.000168784510404359	0	0	0.000168784510404359	1
CASSIESYGSSYNEQFF	0.000168784510404359	0.00011671335200747	0	0.000168784510404359	2
CASSIGPWDSGRGYTF	0.000168784510404359	0	0	0.000168784510404359	1
CASSLAGTVTYEQYF	0.000168784510404359	0	0	0.000168784510404359	1
CASSLDRGQGYTF	0.000168784510404359	0	0	0.000168784510404359	1
CASSLDSPRTSGFFNEQFF	0.000168784510404359	0	1.13406972260655e-05	0.000168784510404359	2
CASSLGDRFYGYTF	0.000168784510404359	0	0	0.000168784510404359	1
CASSLGQGGVAGSYEQYF	0.000168784510404359	0	0	0.000168784510404359	1
CASSLGTDKEQFF	0.000168784510404359	0	0	0.000168784510404359	1
CASSLGTGRAFF	0.000168784510404359	0	0	0.000168784510404359	1
CASSLGVAVYEQYF	0.000168784510404359	0	0	0.000168784510404359	1
CASSLLLGSPLHF	0.000168784510404359	0	0	0.000168784510404359	1
CASSLPVPGELFF	0.000168784510404359	0	0	0.000168784510404359	1
CASSLQGNTEAFF	0.000168784510404359	0	0	0.000168784510404359	1
CASSLTEPQETQYF	0.000168784510404359	0	0	0.000168784510404359	1
CASSLYGTGDTEAFF	0.000168784510404359	0.000150060024009604	0	0.000168784510404359	2
CASSPEPRGSWHSPLHF	0.000168784510404359	0	0	0.000168784510404359	1
CASSPFDILATNEKLFF	0.000168784510404359	0	0	0.000168784510404359	1
CASSPFDRQPVGEQYF	0.000168784510404359	0	0	0.000168784510404359	1
CASSPGQYNSPLHF	0.000168784510404359	0	0	0.000168784510404359	1
CASSPGTGANVLTF	0.000168784510404359	0	0	0.000168784510404359	1
CASSPLGFGEQYF	0.000168784510404359	0	0	0.000168784510404359	1
CASSPNPGQGHSYEQYF	0.000168784510404359	0	0	0.000168784510404359	1
CASSPPGGDKAFF	0.000168784510404359	0	0	0.000168784510404359	1
CASSPSEGYEQYF	0.000168784510404359	0	0	0.000168784510404359	1
CASSQDPWGSYTGELFF	0.000168784510404359	0	4.53627889042618e-05	0.000168784510404359	2
CASSQDRSSSYEQYF	0.000168784510404359	0	0	0.000168784510404359	1
CASSQDVAGGSYEQYF	0.000168784510404359	0	0	0.000168784510404359	1
CASSQEGPYNSPLHF	0.000168784510404359	0	0	0.000168784510404359	1
CASSQGGMSNTEAFF	0.000168784510404359	0	0	0.000168784510404359	1
CASSQVPGLAGSYNEQFF	0.000168784510404359	0	0	0.000168784510404359	1
CASSQVTGLWTGVTGELFF	0.000168784510404359	0	0	0.000168784510404359	1
CASSRTATYGYTF	0.000168784510404359	0	0	0.000168784510404359	1
CASSSMDRYTEAFF	0.000168784510404359	0	0	0.000168784510404359	1
CASSTGTSGTGELFF	0.000168784510404359	0	0	0.000168784510404359	1
CASSWDFTYEQYF	0.000168784510404359	0	0.000113406972260655	0.000168784510404359	2
CASSYGTEQFF	0.000168784510404359	0	0	0.000168784510404359	1
CASSYPTSGRVPGELFF	0.000168784510404359	0	0	0.000168784510404359	1
CASTSQGGTEKAFF	0.000168784510404359	0	0	0.000168784510404359	1
CATMRPYEGQETQYF	0.000168784510404359	0	0	0.000168784510404359	1
CATSRVLAENNEQFF	0.000168784510404359	0	0.000113406972260655	0.000168784510404359	2
CSAGTSGVSYEQYF	0.000168784510404359	0	0.00012474766948672	0.000168784510404359	2
CSATIQGHYGYTF	0.000168784510404359	0	0	0.000168784510404359	1
CSVAGTSVLGFTYEQYF	0.000168784510404359	0	0	0.000168784510404359	1
CSVGGPVTTGELFF	0.000168784510404359	0	0	0.000168784510404359	1
CSVSGYGDEKLFF	0.000168784510404359	0	0	0.000168784510404359	1
CSVVITEAFF	0.000168784510404359	0	0	0.000168784510404359	1
CSVVKLGGAFF	0.000168784510404359	0	0	0.000168784510404359	1
CAISAGTDTQYF	0	0.000166733360010671	1.13406972260655e-05	0.000166733360010671	2
CASRASAHTDTQYF	0	0.000166733360010671	0	0.000166733360010671	1
CASRRSQGENEQFF	0	0.000166733360010671	0	0.000166733360010671	1
CASRSREGNEKLFF	0	0.000166733360010671	0	0.000166733360010671	1
CASRTGTVNTEAFF	0	0.000166733360010671	0	0.000166733360010671	1
CASRTGVLRNQPQHF	0	0.000166733360010671	0	0.000166733360010671	1
CASSDLSDTQYF	0	0.000166733360010671	0	0.000166733360010671	1
CASSEGRWGHNQPQHF	0	0.000166733360010671	0	0.000166733360010671	1
CASSERGQYEQYF	0	0.000166733360010671	0	0.000166733360010671	1
CASSFDLGSYGYTF	0	0.000166733360010671	0	0.000166733360010671	1
CASSFFSETDTQYF	0	0.000166733360010671	0	0.000166733360010671	1
CASSILTSRRYNEQFF	0	0.000166733360010671	0	0.000166733360010671	1
CASSIYRGEQPQHF	0	0.000166733360010671	0	0.000166733360010671	1
CASSLATAGNNEQFF	0	0.000166733360010671	0	0.000166733360010671	1
CASSLGLFGGRTDTQYF	0	0.000166733360010671	0	0.000166733360010671	1
CASSLGQGLANYGYTF	0	0.000166733360010671	0	0.000166733360010671	1
CASSLINEQFF	0	0.000166733360010671	0	0.000166733360010671	1
CASSLRTGGNTIYF	0	0.000166733360010671	0	0.000166733360010671	1
CASSLSPSTGRRLAKNIQYF	0	0.000166733360010671	0	0.000166733360010671	1
CASSLSRAYGYTF	0	0.000166733360010671	9.07255778085237e-05	0.000166733360010671	2
CASSPADSSYNEQFF	3.61681093723627e-05	0.000166733360010671	0	0.000166733360010671	2
CASSQAGNEQFF	0	0.000166733360010671	0	0.000166733360010671	1
CASSSGRSNEQFF	0	0.000166733360010671	0	0.000166733360010671	1
CASSTGQRNSPLHF	0	0.000166733360010671	0	0.000166733360010671	1
CASSWASLYYEQFF	0	0.000166733360010671	0	0.000166733360010671	1
CASSYSSTYEQYF	7.23362187447255e-05	0.000166733360010671	0	0.000166733360010671	2
CASTPGGSSYEQYF	0	0.000166733360010671	0	0.000166733360010671	1
CASTSGTGRSFGTEAFF	0	0.000166733360010671	0.000102066275034589	0.000166733360010671	2
CATWRERTDTQYF	0	0.000166733360010671	0	0.000166733360010671	1
CSAIRQGSHEQYF	0	0.000166733360010671	0	0.000166733360010671	1
CSARTGLNTEAFF	0	0.000166733360010671	0	0.000166733360010671	1
CSASGLAGRSYEQYF	8.43922552021797e-05	0.000166733360010671	9.07255778085237e-05	0.000166733360010671	3
CSATLEDRSYEQYF	0	0.000166733360010671	0	0.000166733360010671	1
CSATLREKLFF	0	0.000166733360010671	3.40220916781964e-05	0.000166733360010671	2
CSVVRGALTDTQYF	0	0.000166733360010671	0	0.000166733360010671	1
CAIGGGLGELFF	0	0	0.000158769761164916	0.000158769761164916	1
CAIKQGADNSPLHF	0	0	0.000158769761164916	0.000158769761164916	1
CAISDGHQPQHF	0	0	0.000158769761164916	0.000158769761164916	1
CAISEDLNDYGYTF	0	0	0.000158769761164916	0.000158769761164916	1
CAISEFGTATEAFF	0	0	0.000158769761164916	0.000158769761164916	1
CAISESLVSNQPQHF	0	0	0.000158769761164916	0.000158769761164916	1
CASALAGGFHEQFF	0	0	0.000158769761164916	0.000158769761164916	1
CASGKAGSSYEQYF	0	0	0.000158769761164916	0.000158769761164916	1
CASIYRENPGQPQHF	0.000120560364574542	0	0.000158769761164916	0.000158769761164916	2
CASKPTGTSNQPQHF	0	0	0.000158769761164916	0.000158769761164916	1
CASQDRGRWDEQFF	0	0	0.000158769761164916	0.000158769761164916	1
CASRDRGLVGELFF	0	0	0.000158769761164916	0.000158769761164916	1
CASRGQRISYNEQFF	4.8224145829817e-05	0	0.000158769761164916	0.000158769761164916	2
CASRTSSNQPQHF	0	0	0.000158769761164916	0.000158769761164916	1
CASSAGTAYGYTF	0	0	0.000158769761164916	0.000158769761164916	1
CASSAPGQVGDYTF	0	0	0.000158769761164916	0.000158769761164916	1
CASSDLAGEDSYNEQFF	0	0	0.000158769761164916	0.000158769761164916	1
CASSEFGGRSPLHF	0	0	0.000158769761164916	0.000158769761164916	1
CASSFATGANTGELFF	0	0	0.000158769761164916	0.000158769761164916	1
CASSFQRDYEQYF	0	0	0.000158769761164916	0.000158769761164916	1
CASSGLGRGYGYTF	0	0	0.000158769761164916	0.000158769761164916	1
CASSGRAANTGELFF	0	0	0.000158769761164916	0.000158769761164916	1
CASSIRAGHRTDTQYF	0	0	0.000158769761164916	0.000158769761164916	1
CASSISSGRARDEQFF	0	0	0.000158769761164916	0.000158769761164916	1
CASSIVGTGATYEQYF	0	0	0.000158769761164916	0.000158769761164916	1
CASSKLTRLTGELFF	0	0	0.000158769761164916	0.000158769761164916	1
CASSLAGELFF	0	0	0.000158769761164916	0.000158769761164916	1
CASSLAGRDYEQYF	0	0	0.000158769761164916	0.000158769761164916	1
CASSLDRQYNEQFF	0	0	0.000158769761164916	0.000158769761164916	1
CASSLFRLAENSYEQYF	0	0	0.000158769761164916	0.000158769761164916	1
CASSLGDAHEQFF	0	0	0.000158769761164916	0.000158769761164916	1
CASSLGQGFNSPLHF	0	0	0.000158769761164916	0.000158769761164916	1
CASSLGQGNNYGYTF	0	0	0.000158769761164916	0.000158769761164916	1
CASSLLVGTANTGELFF	0	0	0.000158769761164916	0.000158769761164916	1
CASSLRIGGLGYTF	0	0	0.000158769761164916	0.000158769761164916	1
CASSLSARREKLFF	0	0	0.000158769761164916	0.000158769761164916	1
CASSLVGTGWVQPQHF	0	0	0.000158769761164916	0.000158769761164916	1
CASSLVSGDNEQFF	7.23362187447255e-05	8.33666800053355e-05	0.000158769761164916	0.000158769761164916	3
CASSLYGEALHF	2.41120729149085e-05	0	0.000158769761164916	0.000158769761164916	2
CASSNRLTSGRNTGELFF	0	0	0.000158769761164916	0.000158769761164916	1
CASSPFREVAYNEQFF	0	0	0.000158769761164916	0.000158769761164916	1
CASSPGLAGGLEQFF	0	0	0.000158769761164916	0.000158769761164916	1
CASSPGTGRSYNSPLHF	0	0	0.000158769761164916	0.000158769761164916	1
CASSPPGYGYTF	0	0	0.000158769761164916	0.000158769761164916	1
CASSPRVPRGSQETQYF	9.6448291659634e-05	0	0.000158769761164916	0.000158769761164916	2
CASSPWTSENTGELFF	0	0	0.000158769761164916	0.000158769761164916	1
CASSQDLTGTEIGSPLHF	0	0	0.000158769761164916	0.000158769761164916	1
CASSQDRVQTEAFF	0.000132616401031997	0	0.000158769761164916	0.000158769761164916	2
CASSQEGVGSGELFF	0.000132616401031997	0	0.000158769761164916	0.000158769761164916	2
CASSQGGYQPQHF	0	0	0.000158769761164916	0.000158769761164916	1
CASSQGTDSYEQYF	0	0	0.000158769761164916	0.000158769761164916	1
CASSQLSSPAGRTGELFF	0	0	0.000158769761164916	0.000158769761164916	1
CASSQQGQVNSPLHF	0	0	0.000158769761164916	0.000158769761164916	1
CASSQTSGATGELFF	0	0	0.000158769761164916	0.000158769761164916	1
CASSQVADLYNEQFF	0	0	0.000158769761164916	0.000158769761164916	1
CASSRPGPGYTF	0	0	0.000158769761164916	0.000158769761164916	1
CASSRTPSSYEQYF	0	0	0.000158769761164916	0.000158769761164916	1
CASSSARTGGGGYTF	0	0	0.000158769761164916	0.000158769761164916	1
CASSSGAGVGYDEQFF	0	0	0.000158769761164916	0.000158769761164916	1
CASSSGVGTGELFF	0	0	0.000158769761164916	0.000158769761164916	1
CASSSRKGDLSGANVLTF	0	0	0.000158769761164916	0.000158769761164916	1
CASSSSGTPYEQYF	0.000132616401031997	0	0.000158769761164916	0.000158769761164916	2
CASSSSTAEQFF	0	0	0.000158769761164916	0.000158769761164916	1
CASSTGRNKETQYF	0	0	0.000158769761164916	0.000158769761164916	1
CASSVGTSGRADTQYF	0	0	0.000158769761164916	0.000158769761164916	1
CASSVTSQVTDTQYF	0.000120560364574542	0	0.000158769761164916	0.000158769761164916	2
CASSYQAGRGEKLFF	0	0	0.000158769761164916	0.000158769761164916	1
CATADLSGANVLTF	0	0	0.000158769761164916	0.000158769761164916	1
CATSRGLAGGPFNEQFF	0	0	0.000158769761164916	0.000158769761164916	1
CAWSAQGARTDTQYF	0	0	0.000158769761164916	0.000158769761164916	1
CAWSRTGTNTEAFF	1.20560364574542e-05	0	0.000158769761164916	0.000158769761164916	2
CSAAGLAGGPHEQYF	0	0	0.000158769761164916	0.000158769761164916	1
CSAPAPLEAFF	0	0	0.000158769761164916	0.000158769761164916	1
CSARDQPGLPYNEQFF	0	0	0.000158769761164916	0.000158769761164916	1
CSARVEGLAGREQYF	0	0	0.000158769761164916	0.000158769761164916	1
CSASILAGRYEQYF	0	0	0.000158769761164916	0.000158769761164916	1
CSASPSGRSYEQYF	0	0	0.000158769761164916	0.000158769761164916	1
CSASRRLAGNTGELFF	0	0	0.000158769761164916	0.000158769761164916	1
CSVEDRFSYEQYF	0	0	0.000158769761164916	0.000158769761164916	1
CSVGGQGIDTQYF	0	0	0.000158769761164916	0.000158769761164916	1
CSVTGGGTEAFF	0	0	0.000158769761164916	0.000158769761164916	1
CAIALGVGGELFF	0.000156728473946905	0	0	0.000156728473946905	1
CAINGGNAGELFF	0.000156728473946905	0	0	0.000156728473946905	1
CAIQGRSNSPLHF	0.000156728473946905	0	0	0.000156728473946905	1
CAISESAGGEKLFF	0.000156728473946905	0	0	0.000156728473946905	1
CAISESGQTYGYTF	0.000156728473946905	0	0	0.000156728473946905	1
CAKGQDF	0.000156728473946905	0	0	0.000156728473946905	1
CASQRTSGTMASYNEQFF	0.000156728473946905	0	0	0.000156728473946905	1
CASRGTNIYYNEQFF	0.000156728473946905	0	0	0.000156728473946905	1
CASRQEVNTEAFF	0.000156728473946905	0	0	0.000156728473946905	1
CASRSGGGRAQETQYF	0.000156728473946905	0	0	0.000156728473946905	1
CASSDEAGDTYEQYF	0.000156728473946905	0	0	0.000156728473946905	1
CASSDMDYSYNEQFF	0.000156728473946905	0	0	0.000156728473946905	1
CASSEAGGTGLDYGYTF	0.000156728473946905	0	0	0.000156728473946905	1
CASSFDGATIQYF	0.000156728473946905	0	0	0.000156728473946905	1
CASSFGEQFF	0.000156728473946905	0	0	0.000156728473946905	1
CASSFGTGNTEAFF	0.000156728473946905	0	0	0.000156728473946905	1
CASSFSGDGEAFF	0.000156728473946905	0	0	0.000156728473946905	1
CASSFTGQETQYF	0.000156728473946905	0	0	0.000156728473946905	1
CASSIRHPLTYEQYF	0.000156728473946905	0	0	0.000156728473946905	1
CASSLASGQGGYGYTF	0.000156728473946905	0	0	0.000156728473946905	1
CASSLDRGHNEQYF	0.000156728473946905	0	0	0.000156728473946905	1
CASSLEVSSGYNEQFF	0.000156728473946905	0	0	0.000156728473946905	1
CASSLGGGGPYEQYF	0.000156728473946905	0	0	0.000156728473946905	1
CASSLGGTNQPQHF	0.000156728473946905	0	0	0.000156728473946905	1
CASSLGLAGGGTGELFF	0.000156728473946905	0	0	0.000156728473946905	1
CASSLGPGASYNEQFF	0.000156728473946905	0	0	0.000156728473946905	1
CASSLIQGREQYF	0.000156728473946905	0	0	0.000156728473946905	1
CASSLKIGWGDYGYTF	0.000156728473946905	0	0	0.000156728473946905	1
CASSLQGASTGELFF	0.000156728473946905	0	0	0.000156728473946905	1
CASSLQGESYEQYF	0.000156728473946905	0	0	0.000156728473946905	1
CASSLRRDSYEQYF	0.000156728473946905	0	0	0.000156728473946905	1
CASSLRTGGRDGYTF	0.000156728473946905	0	0	0.000156728473946905	1
CASSLRTSYNEQFF	0.000156728473946905	0	0	0.000156728473946905	1
CASSLSGTIDNEQFF	0.000156728473946905	0	0.000136088366712785	0.000156728473946905	2
CASSLVSSSPGHAEAFF	0.000156728473946905	0	0	0.000156728473946905	1
CASSNRAGNSPLHF	0.000156728473946905	0	0	0.000156728473946905	1
CASSPAGWEGISNTGELFF	0.000156728473946905	0	0	0.000156728473946905	1
CASSPDRVYEQYF	0.000156728473946905	0	0	0.000156728473946905	1
CASSPGLSREQYF	0.000156728473946905	0	0	0.000156728473946905	1
CASSPGLVGGARTDTQYF	0.000156728473946905	0	0	0.000156728473946905	1
CASSPHPVGFYEQYF	0.000156728473946905	0	0	0.000156728473946905	1
CASSPLRGPNTEAFF	0.000156728473946905	0	0	0.000156728473946905	1
CASSPPRSYLGNEQFF	0.000156728473946905	0	2.26813944521309e-05	0.000156728473946905	2
CASSPRTGDYGYTF	0.000156728473946905	0	0	0.000156728473946905	1
CASSPRTNTEAFF	0.000156728473946905	0	0	0.000156728473946905	1
CASSPSGSYYEQYF	0.000156728473946905	0	0	0.000156728473946905	1
CASSPSSGGEDEESYNEQFF	0.000156728473946905	0	0	0.000156728473946905	1
CASSPTGTNQPQHF	0.000156728473946905	0	0	0.000156728473946905	1
CASSPWELDTEAFF	0.000156728473946905	0	0	0.000156728473946905	1
CASSQARLSSYNEQFF	0.000156728473946905	0	0	0.000156728473946905	1
CASSQDGHPNTEAFF	0.000156728473946905	0	0	0.000156728473946905	1
CASSQDLGSGPASSYEQYF	0.000156728473946905	0	0	0.000156728473946905	1
CASSQGASGGAYEQYF	0.000156728473946905	0	0	0.000156728473946905	1
CASSQGRALWAYEQYF	0.000156728473946905	0	0	0.000156728473946905	1
CASSQHDRGETQYF	0.000156728473946905	0	0	0.000156728473946905	1
CASSQRQGVNTEAFF	0.000156728473946905	0	0	0.000156728473946905	1
CASSQVGGANYGYTF	0.000156728473946905	0	0	0.000156728473946905	1
CASSQVQGVNTEAFF	0.000156728473946905	0	0	0.000156728473946905	1
CASSRRQALLLGYTF	0.000156728473946905	0	0	0.000156728473946905	1
CASSRTSASYEQYF	0.000156728473946905	0	0	0.000156728473946905	1
CASSSGFRGRGETQYF	0.000156728473946905	0	0	0.000156728473946905	1
CASSSNIRTSGRASSYEQYF	0.000156728473946905	0	0	0.000156728473946905	1
CASSSTGVAEAFF	0.000156728473946905	0	0	0.000156728473946905	1
CASSVLGAQGANYGYTF	0.000156728473946905	0	0	0.000156728473946905	1
CASSVPGTSYEQYF	0.000156728473946905	0	0	0.000156728473946905	1
CASSVWDDTEAFF	0.000156728473946905	0	0	0.000156728473946905	1
CASSWGGAETQYF	0.000156728473946905	0	0	0.000156728473946905	1
CASSYSYEQYF	0.000156728473946905	0	0.000147429063938851	0.000156728473946905	2
CASTPVVGAAGYTF	0.000156728473946905	0	0	0.000156728473946905	1
CASVGPSQETQYF	0.000156728473946905	0	0	0.000156728473946905	1
CATSGGVYEQYF	0.000156728473946905	0	0	0.000156728473946905	1
CATSRGTTGLETQYF	0.000156728473946905	0	0	0.000156728473946905	1
CSARASGSDEQYF	0.000156728473946905	0	0	0.000156728473946905	1
CSARASNRGENTEAFF	0.000156728473946905	0	0	0.000156728473946905	1
CSARISGRHEQYF	0.000156728473946905	0	0	0.000156728473946905	1
CSARVLYEQYF	0.000156728473946905	0	0	0.000156728473946905	1
CSASRDYNEQFF	0.000156728473946905	0	0	0.000156728473946905	1
CSASRIAARETQYF	0.000156728473946905	0	6.80441833563927e-05	0.000156728473946905	2
CSASTLVGFGGELFF	0.000156728473946905	0	0	0.000156728473946905	1
CSATPNTEAFF	0.000156728473946905	0	0	0.000156728473946905	1
CSVETRGDTYEQYF	0.000156728473946905	0	0	0.000156728473946905	1
CSVNPGNTEAFF	0.000156728473946905	0	0	0.000156728473946905	1
CSVYHNTGKVANYGYTF	0.000156728473946905	0	0	0.000156728473946905	1
CASKSYPPRTDTQYF	0	0.000150060024009604	1.13406972260655e-05	0.000150060024009604	2
CASMRDRGLQETQYF	0	0.000150060024009604	0	0.000150060024009604	1
CASRISWETTYEQYF	0	0.000150060024009604	0	0.000150060024009604	1
CASRRQGADTGELFF	0	0.000150060024009604	0	0.000150060024009604	1
CASSAGLAGFPKYF	0	0.000150060024009604	4.53627889042618e-05	0.000150060024009604	2
CASSEGGGSFGYEQYF	8.43922552021797e-05	0.000150060024009604	3.40220916781964e-05	0.000150060024009604	3
CASSFWQRNTGELFF	0	0.000150060024009604	0	0.000150060024009604	1
CASSLARAGVHNEQFF	0	0.000150060024009604	0	0.000150060024009604	1
CASSLGLAVSEQFF	0	0.000150060024009604	0	0.000150060024009604	1
CASSLGQTYEQYF	0	0.000150060024009604	0	0.000150060024009604	1
CASSLGTTSYEQYF	1.20560364574542e-05	0.000150060024009604	0	0.000150060024009604	2
CASSLGVAGGAHF	0	0.000150060024009604	0	0.000150060024009604	1
CASSLGYYEQYF	0	0.000150060024009604	0.000113406972260655	0.000150060024009604	2
CASSLPTGTATDTQYF	0	0.000150060024009604	0	0.000150060024009604	1
CASSPWGLQETQYF	0	0.000150060024009604	0	0.000150060024009604	1
CASSQDPVVGRDTQYF	0	0.000150060024009604	0	0.000150060024009604	1
CASSQDRAHYGYTF	0	0.000150060024009604	7.93848805824582e-05	0.000150060024009604	2
CASSQGARGDTQYF	0.000144672437489451	0.000150060024009604	0	0.000150060024009604	2
CASSQGEFTEAFF	0	0.000150060024009604	0	0.000150060024009604	1
CASSQGSLANVLTF	0	0.000150060024009604	0	0.000150060024009604	1
CASSRGQVRVSYNSPLHF	0	0.000150060024009604	0	0.000150060024009604	1
CASSRRGAYNSPLHF	0	0.000150060024009604	1.13406972260655e-05	0.000150060024009604	2
CASSRRGNQPQHF	0	0.000150060024009604	0	0.000150060024009604	1
CASSSQSGSTDTQYF	2.41120729149085e-05	0.000150060024009604	0	0.000150060024009604	2
CASSTGTGVPNEQFF	4.8224145829817e-05	0.000150060024009604	0.000147429063938851	0.000150060024009604	3
CASSTPGLSHF	0	0.000150060024009604	0	0.000150060024009604	1
CASSYGTPNEQFF	8.43922552021797e-05	0.000150060024009604	0	0.000150060024009604	2
CASSYSGLAELFLGEQFF	0	0.000150060024009604	0	0.000150060024009604	1
CASSYSIAGGYETQYF	0	0.000150060024009604	0	0.000150060024009604	1
CASSYSSRWNTGELFF	0	0.000150060024009604	0	0.000150060024009604	1
CASSYTGGNSPLHF	0	0.000150060024009604	0	0.000150060024009604	1
CASTRDRSTIQYF	0	0.000150060024009604	0	0.000150060024009604	1
CASTRSANEQFF	0	0.000150060024009604	0	0.000150060024009604	1
CATGFGPLSPNEQFF	0	0.000150060024009604	0.000147429063938851	0.000150060024009604	2
CATSDLGGTSDYNEQFF	0	0.000150060024009604	0	0.000150060024009604	1
CAWSSRDRNTEAFF	0	0.000150060024009604	0	0.000150060024009604	1
CSAAVGTLRSSGSYNEQFF	2.41120729149085e-05	0.000150060024009604	0	0.000150060024009604	2
CSALRSGEVGTDTQYF	0	0.000150060024009604	0	0.000150060024009604	1
CSALVSGKVSYNEQFF	3.61681093723627e-05	0.000150060024009604	0	0.000150060024009604	2
CSAPIRGTYNEQFF	0	0.000150060024009604	0	0.000150060024009604	1
CSARANEAFF	0	0.000150060024009604	0	0.000150060024009604	1
CSARDPGKGAGELFF	0	0.000150060024009604	0	0.000150060024009604	1
CSARDTRGSGRADQFF	1.20560364574542e-05	0.000150060024009604	0	0.000150060024009604	2
CSVSRGLAGAEQFF	0	0.000150060024009604	0	0.000150060024009604	1
CACSSGGGNEQFF	0	0	0.000147429063938851	0.000147429063938851	1
CAIRSSGYEQYF	0	0	0.000147429063938851	0.000147429063938851	1
CAISASTYGYTF	0	0	0.000147429063938851	0.000147429063938851	1
CAISDFGGRNYGYTF	0	0	0.000147429063938851	0.000147429063938851	1
CAISEPQDTEAFF	0	0	0.000147429063938851	0.000147429063938851	1
CAISESRAEKLFF	0	0	0.000147429063938851	0.000147429063938851	1
CAISGFGNSRPNEQFF	0	0	0.000147429063938851	0.000147429063938851	1
CARHSGLNTEAFF	0	0	0.000147429063938851	0.000147429063938851	1
CASGLAGIPEQYF	0	0	0.000147429063938851	0.000147429063938851	1
CASNNEGMNTEAFF	0	0	0.000147429063938851	0.000147429063938851	1
CASNRGDGYTF	0	0	0.000147429063938851	0.000147429063938851	1
CASRGRGTNYGYTF	0	0	0.000147429063938851	0.000147429063938851	1
CASRLPTQYF	0	0	0.000147429063938851	0.000147429063938851	1
CASRPSGVTDTQYF	0	0	0.000147429063938851	0.000147429063938851	1
CASRVFGETQYF	0	0	0.000147429063938851	0.000147429063938851	1
CASSAPAGGPKPYEQYF	0	0	0.000147429063938851	0.000147429063938851	1
CASSASGWSYEQYF	0.000120560364574542	0	0.000147429063938851	0.000147429063938851	2
CASSDPPLLNEQFF	0	0	0.000147429063938851	0.000147429063938851	1
CASSESPISIYTF	0	0	0.000147429063938851	0.000147429063938851	1
CASSEVAGGPYNEQFF	0	0	0.000147429063938851	0.000147429063938851	1
CASSFPRLDRQGWSSEAFF	0	0	0.000147429063938851	0.000147429063938851	1
CASSFRGNYGYTF	0	0	0.000147429063938851	0.000147429063938851	1
CASSFTGEVNEQFF	0	0	0.000147429063938851	0.000147429063938851	1
CASSGLPGQGFGYTF	0	0	0.000147429063938851	0.000147429063938851	1
CASSHGLAGSLEQFF	0	0	0.000147429063938851	0.000147429063938851	1
CASSHHRSSGGAYNEQFF	0	0	0.000147429063938851	0.000147429063938851	1
CASSLAGGLGPHEQYF	0	0	0.000147429063938851	0.000147429063938851	1
CASSLAGGSKNIQYF	0	0	0.000147429063938851	0.000147429063938851	1
CASSLAGTDTQYF	0	0	0.000147429063938851	0.000147429063938851	1
CASSLDLGGIFTDTQYF	0	0	0.000147429063938851	0.000147429063938851	1
CASSLEAGAYNEQFF	0	0	0.000147429063938851	0.000147429063938851	1
CASSLEGDTEAFF	1.20560364574542e-05	0.000133386688008537	0.000147429063938851	0.000147429063938851	3
CASSLEGFRYEQYF	0	0	0.000147429063938851	0.000147429063938851	1
CASSLETGYEQYF	0	0	0.000147429063938851	0.000147429063938851	1
CASSLETSAGYNEQFF	0	0	0.000147429063938851	0.000147429063938851	1
CASSLGLGSGEQYF	0	0	0.000147429063938851	0.000147429063938851	1
CASSLGQGSRQYF	0	0	0.000147429063938851	0.000147429063938851	1
CASSLGQNSYEQYF	0	0	0.000147429063938851	0.000147429063938851	1
CASSLLSGRLSYEQYF	3.61681093723627e-05	6.66933440042684e-05	0.000147429063938851	0.000147429063938851	3
CASSLLVGQTGELFF	0	0	0.000147429063938851	0.000147429063938851	1
CASSLPLERVPQYF	0	0	0.000147429063938851	0.000147429063938851	1
CASSLPPGQGYEQYF	0	0	0.000147429063938851	0.000147429063938851	1
CASSLPPQETQYF	0	0	0.000147429063938851	0.000147429063938851	1
CASSLQLRGELFF	0	0	0.000147429063938851	0.000147429063938851	1
CASSLRLIQGQLYGYTF	0	0	0.000147429063938851	0.000147429063938851	1
CASSLSGGRRRQPQHF	0	0	0.000147429063938851	0.000147429063938851	1
CASSLSPGRTEAFF	9.6448291659634e-05	0	0.000147429063938851	0.000147429063938851	2
CASSLSRTEQEKLFF	0	0	0.000147429063938851	0.000147429063938851	1
CASSLTGGGETQYF	0	0	0.000147429063938851	0.000147429063938851	1
CASSLVQRNTEAFF	0	0	0.000147429063938851	0.000147429063938851	1
CASSMGTGGPYNSPLHF	0	0	0.000147429063938851	0.000147429063938851	1
CASSMTATNEKLFF	0	0	0.000147429063938851	0.000147429063938851	1
CASSNLDPYYGYTF	0	0	0.000147429063938851	0.000147429063938851	1
CASSPGVPSYEQYF	0	0	0.000147429063938851	0.000147429063938851	1
CASSPMAGSYNEQFF	0	0	0.000147429063938851	0.000147429063938851	1
CASSPMGLMNTEAFF	0	0	0.000147429063938851	0.000147429063938851	1
CASSPPRSTSFF	0	0	0.000147429063938851	0.000147429063938851	1
CASSPPSGNPQSNEQFF	0	0	0.000147429063938851	0.000147429063938851	1
CASSPRQGSYNEQFF	0	0	0.000147429063938851	0.000147429063938851	1
CASSPSRTDTQYF	9.6448291659634e-05	0	0.000147429063938851	0.000147429063938851	2
CASSPSTDTQYF	0	0	0.000147429063938851	0.000147429063938851	1
CASSPTGGYEQYF	0	0	0.000147429063938851	0.000147429063938851	1
CASSPTGNGETQYF	0	0	0.000147429063938851	0.000147429063938851	1
CASSQDLGRGRPQHF	0	0	0.000147429063938851	0.000147429063938851	1
CASSQDLSQPQHF	0	0	0.000147429063938851	0.000147429063938851	1
CASSQDQGQNYGYTF	0	0	0.000147429063938851	0.000147429063938851	1
CASSQDSNQPQHF	0	0	0.000147429063938851	0.000147429063938851	1
CASSQDWGPGGEQFF	1.20560364574542e-05	0	0.000147429063938851	0.000147429063938851	2
CASSQELGSYEQYF	0	0	0.000147429063938851	0.000147429063938851	1
CASSQERVGEGYEQYF	0	0	0.000147429063938851	0.000147429063938851	1
CASSQEVRASGNTIYF	0	0	0.000147429063938851	0.000147429063938851	1
CASSQGQDEKLFF	0.000120560364574542	0	0.000147429063938851	0.000147429063938851	2
CASSQNRVSYEQYF	0	0	0.000147429063938851	0.000147429063938851	1
CASSQRGQGYNSPLHF	0	0	0.000147429063938851	0.000147429063938851	1
CASSQVDTDTQYF	0	0	0.000147429063938851	0.000147429063938851	1
CASSQVLAGGPEFF	0	0	0.000147429063938851	0.000147429063938851	1
CASSQVSQGYQPQHF	0	0	0.000147429063938851	0.000147429063938851	1
CASSRQGDRNEQFF	2.41120729149085e-05	3.33466720021342e-05	0.000147429063938851	0.000147429063938851	3
CASSRQLLKVMNTEAFF	0	0	0.000147429063938851	0.000147429063938851	1
CASSRTDYGYTF	6.02801822872712e-05	0	0.000147429063938851	0.000147429063938851	2
CASSRTTKGELFF	0	0	0.000147429063938851	0.000147429063938851	1
CASSSERGLAGVGSYNEQFF	0	0	0.000147429063938851	0.000147429063938851	1
CASSSHRGPTGELFF	0	0	0.000147429063938851	0.000147429063938851	1
CASSTGTGMDGYTF	0	0	0.000147429063938851	0.000147429063938851	1
CASSVATGLAGARGELFF	0	0.000133386688008537	0.000147429063938851	0.000147429063938851	2
CASSYDRGSYEQYF	0	0	0.000147429063938851	0.000147429063938851	1
CASSYERPYNEQFF	2.41120729149085e-05	0	0.000147429063938851	0.000147429063938851	2
CASSYGLAGDEQYF	0	0	0.000147429063938851	0.000147429063938851	1
CASSYLGQSRSPLHF	0	0	0.000147429063938851	0.000147429063938851	1
CASSYSPRSYNSPLHF	0	0	0.000147429063938851	0.000147429063938851	1
CASSYSSGWNTEAFF	0	0	0.000147429063938851	0.000147429063938851	1
CASSYSWYEQYF	0	0	0.000147429063938851	0.000147429063938851	1
CASSYTGDGSPLHF	0	0	0.000147429063938851	0.000147429063938851	1
CASTGEQYF	0	0	0.000147429063938851	0.000147429063938851	1
CASTKNRGRGYTF	0	0	0.000147429063938851	0.000147429063938851	1
CAWSVGTGRIGEKLFF	0	0	0.000147429063938851	0.000147429063938851	1
CSAKSGRRYNEQFF	0	0	0.000147429063938851	0.000147429063938851	1
CSAKVLGSGQMNTEAFF	0	0	0.000147429063938851	0.000147429063938851	1
CSAPQGAVSEQYF	0	0	0.000147429063938851	0.000147429063938851	1
CSARDPAASSYEQYF	0	0	0.000147429063938851	0.000147429063938851	1
CSARDQGGFGYTF	4.8224145829817e-05	0	0.000147429063938851	0.000147429063938851	2
CSARDRLSFLHEQYF	0	0	0.000147429063938851	0.000147429063938851	1
CSARKNGPATGELFF	0	0	0.000147429063938851	0.000147429063938851	1
CSARLAGGSYEQYF	0	0	0.000147429063938851	0.000147429063938851	1
CSARRLETQYF	0	0	0.000147429063938851	0.000147429063938851	1
CSARTTGNQPQHF	2.41120729149085e-05	0	0.000147429063938851	0.000147429063938851	2
CSARVGLAGGEQFF	0	0	0.000147429063938851	0.000147429063938851	1
CSASLAETYEQYF	0	0	0.000147429063938851	0.000147429063938851	1
CSASSGGRAGWFF	0	0	0.000147429063938851	0.000147429063938851	1
CSATNTGLAGDSSYNEQFF	0	0	0.000147429063938851	0.000147429063938851	1
CSATTGDYEQYF	0	0	0.000147429063938851	0.000147429063938851	1
CSGRRPADEQFF	0	0	0.000147429063938851	0.000147429063938851	1
CSVEDRLAGLQETQYF	0	0	0.000147429063938851	0.000147429063938851	1
CSVEGRGQFYGYTF	0	0	0.000147429063938851	0.000147429063938851	1
CSVPGQGGPYEQYF	0	0	0.000147429063938851	0.000147429063938851	1
CASRSGGSNQPQHF	0.000144672437489451	0	0	0.000144672437489451	1
CASRTDINTGELFF	0.000144672437489451	0	0	0.000144672437489451	1
CASSLVGDTQYF	0.000144672437489451	0	0	0.000144672437489451	1
CASSQDAHTGELFF	0.000144672437489451	0	0	0.000144672437489451	1
CASSQGLGYQPQHF	0.000144672437489451	0	0	0.000144672437489451	1
CASSSYNEQFF	0.000144672437489451	0	0	0.000144672437489451	1
CAWVDSYEQYF	0.000144672437489451	6.66933440042684e-05	0	0.000144672437489451	2
CSARRGAGYGYTF	0.000144672437489451	0	0	0.000144672437489451	1
CAIGRQGAYAFF	0.000144672437489451	0	0	0.000144672437489451	1
CAIRPGLAGLETQYF	0.000144672437489451	0	0.00012474766948672	0.000144672437489451	2
CAISELATTYEQYF	0.000144672437489451	0	0	0.000144672437489451	1
CASGLKGWSEKLFF	0.000144672437489451	0	0	0.000144672437489451	1
CASGLVRGLAAEQFF	0.000144672437489451	0	0	0.000144672437489451	1
CASGQATNEKLFF	0.000144672437489451	0	0	0.000144672437489451	1
CASKRRGLGSYEQYF	0.000144672437489451	0	0	0.000144672437489451	1
CASPKTSTINEQFF	0.000144672437489451	0	0	0.000144672437489451	1
CASRAGGRETQYF	0.000144672437489451	0	0	0.000144672437489451	1
CASRDRGQWEQYF	0.000144672437489451	0	0	0.000144672437489451	1
CASRGLGKDYGYTF	0.000144672437489451	0	0	0.000144672437489451	1
CASRGRSSDTEYEQYF	0.000144672437489451	0	0	0.000144672437489451	1
CASRQIVGLAELNEQFF	0.000144672437489451	0	0	0.000144672437489451	1
CASRQLGSYEQYF	0.000144672437489451	0	0	0.000144672437489451	1
CASRRPSGRLYEQYF	0.000144672437489451	0	6.80441833563927e-05	0.000144672437489451	2
CASSAGTSGRALPRVYF	0.000144672437489451	0	0	0.000144672437489451	1
CASSALRANSPLHF	0.000144672437489451	0	0	0.000144672437489451	1
CASSAYRNGYTF	0.000144672437489451	0	0	0.000144672437489451	1
CASSFDGSYEQYF	0.000144672437489451	0	0	0.000144672437489451	1
CASSFGNRDWEETQYF	0.000144672437489451	0	0	0.000144672437489451	1
CASSFGQGALGANVLTF	0.000144672437489451	0	0	0.000144672437489451	1
CASSFPGNNEQFF	0.000144672437489451	0	0	0.000144672437489451	1
CASSGLAGGTGELFF	0.000144672437489451	0	0	0.000144672437489451	1
CASSLDFRYEQFF	0.000144672437489451	0	0	0.000144672437489451	1
CASSLFFEAFF	0.000144672437489451	0	0	0.000144672437489451	1
CASSLGEDSNQPQHF	0.000144672437489451	0	0	0.000144672437489451	1
CASSLGGGEQYF	0.000144672437489451	0	0	0.000144672437489451	1
CASSLGLADTGELFF	0.000144672437489451	0	0	0.000144672437489451	1
CASSLGQGYGDEQYF	0.000144672437489451	0	0	0.000144672437489451	1
CASSLGRGGSYEQYF	0.000144672437489451	0	0	0.000144672437489451	1
CASSLGSSGANVLTF	0.000144672437489451	0	2.26813944521309e-05	0.000144672437489451	2
CASSLGSVSNQPQHF	0.000144672437489451	0	0	0.000144672437489451	1
CASSLGTVSFSGANVLTF	0.000144672437489451	0	0	0.000144672437489451	1
CASSLRTGRNSPLHF	0.000144672437489451	0	0	0.000144672437489451	1
CASSLSSGYNEQFF	0.000144672437489451	0.000100040016006403	0	0.000144672437489451	2
CASSLWTGQSRETQYF	0.000144672437489451	0	0	0.000144672437489451	1
CASSLYGSGTYHGELFF	0.000144672437489451	0	0	0.000144672437489451	1
CASSPGLSYNEQFF	0.000144672437489451	0	0	0.000144672437489451	1
CASSPGQGLNQPQHF	0.000144672437489451	0	0	0.000144672437489451	1
CASSPHRDRGRETQYF	0.000144672437489451	0	0	0.000144672437489451	1
CASSPLAPGGEKLFF	0.000144672437489451	0	0	0.000144672437489451	1
CASSPPGGTYNEQFF	0.000144672437489451	0	0	0.000144672437489451	1
CASSPPGLGGYQETQYF	0.000144672437489451	0	0	0.000144672437489451	1
CASSPPISGSMYEQYF	0.000144672437489451	0	0	0.000144672437489451	1
CASSPPWASGSVGELFF	0.000144672437489451	0	0	0.000144672437489451	1
CASSQATENTEAFF	0.000144672437489451	0	0	0.000144672437489451	1
CASSQAVQARQPQHF	0.000144672437489451	0	4.53627889042618e-05	0.000144672437489451	2
CASSQDYRALAEQFF	0.000144672437489451	0	0	0.000144672437489451	1
CASSQGAQQPQHF	0.000144672437489451	0	0	0.000144672437489451	1
CASSQLMGQGPTEAFF	0.000144672437489451	0	0	0.000144672437489451	1
CASSQRGRVTGELFF	0.000144672437489451	0	0	0.000144672437489451	1
CASSRNTGTGYEQYF	0.000144672437489451	0	0.000136088366712785	0.000144672437489451	2
CASSSRTDKLRAFF	0.000144672437489451	0	0	0.000144672437489451	1
CASSSSGRSYEQYF	0.000144672437489451	0	0	0.000144672437489451	1
CASSTGVGSEQFF	0.000144672437489451	8.33666800053355e-05	0	0.000144672437489451	2
CASSTGVYEQYF	0.000144672437489451	0	0	0.000144672437489451	1
CASSTRDRGRGEAFF	0.000144672437489451	0	0	0.000144672437489451	1
CASSYLRGRTEAFF	0.000144672437489451	0	0	0.000144672437489451	1
CASSYPDGSNQPQHF	0.000144672437489451	0	0	0.000144672437489451	1
CASSYQYMGRTLHSPLHF	0.000144672437489451	0	0	0.000144672437489451	1
CASSYRRNTGELFF	0.000144672437489451	0	0.000102066275034589	0.000144672437489451	2
CASTLGGAVDTQYF	0.000144672437489451	8.33666800053355e-05	1.13406972260655e-05	0.000144672437489451	3
CASTPPGAENTEAFF	0.000144672437489451	0	0	0.000144672437489451	1
CASWGGPEQYF	0.000144672437489451	0	0	0.000144672437489451	1
CASYSRDRRNYGYTF	0.000144672437489451	0	0	0.000144672437489451	1
CATIIAGGPIYEQYF	0.000144672437489451	0	0	0.000144672437489451	1
CATSRDYYEQYF	0.000144672437489451	0	0	0.000144672437489451	1
CATSREGAGNEQFF	0.000144672437489451	0	0	0.000144672437489451	1
CSAGSRTGQNQPQHF	0.000144672437489451	0	0	0.000144672437489451	1
CSAKADYSNQPQHF	0.000144672437489451	0	0	0.000144672437489451	1
CSAKQSGVNTEAFF	0.000144672437489451	0	6.80441833563927e-05	0.000144672437489451	2
CSAKRSSGSYEQYF	0.000144672437489451	0	0	0.000144672437489451	1
CSAPGPGNSPLHF	0.000144672437489451	0	0	0.000144672437489451	1
CSARAGDGYTF	0.000144672437489451	0	0	0.000144672437489451	1
CSARAGRGTSETNYGYTF	0.000144672437489451	0	0	0.000144672437489451	1
CSARLAGGFQETQYF	0.000144672437489451	0	1.13406972260655e-05	0.000144672437489451	2
CSARQGDTEAFF	0.000144672437489451	0	0	0.000144672437489451	1
CSARRGGANQPQHF	0.000144672437489451	0	0	0.000144672437489451	1
CSARSHINTGELFF	0.000144672437489451	0	0	0.000144672437489451	1
CSASGRAGYGYTF	0.000144672437489451	1.66733360010671e-05	0	0.000144672437489451	2
CSASGRHNEQFF	0.000144672437489451	0	0	0.000144672437489451	1
CSASRVRTEAFF	0.000144672437489451	0	0	0.000144672437489451	1
CSATGDSGKGYTF	0.000144672437489451	0	0	0.000144672437489451	1
CSATRDAYEQYF	0.000144672437489451	0	0	0.000144672437489451	1
CSVAIAGASGGQYF	0.000144672437489451	0	0	0.000144672437489451	1
CSVEDALRGLFF	0.000144672437489451	0	0	0.000144672437489451	1
CSVGTGGPETQYF	0.000144672437489451	0	0.00012474766948672	0.000144672437489451	2
CSVRGLAEYYEQYF	0.000144672437489451	0	0	0.000144672437489451	1
CSVVWTSANTGELFF	0.000144672437489451	0	0	0.000144672437489451	1
CTRPNRGSGAFF	0.000144672437489451	0	0	0.000144672437489451	1
CASSDINIEQFF	0	0	0.000136088366712786	0.000136088366712786	1
CASSPPNRVVGNEQYF	0	0	0.000136088366712786	0.000136088366712786	1
CAISALGYTEAFF	0	0	0.000136088366712785	0.000136088366712785	1
CAISDQGTKGYTF	0	0	0.000136088366712785	0.000136088366712785	1
CAISFGGVNTEAFF	0	0	0.000136088366712785	0.000136088366712785	1
CAISGLGPHEQYF	0	0	0.000136088366712785	0.000136088366712785	1
CAISSSGTAEKLFF	0	0	0.000136088366712785	0.000136088366712785	1
CARRQGPYNSPLHF	0	0	0.000136088366712785	0.000136088366712785	1
CASKGLGQPLSGANVLTF	6.02801822872712e-05	0	0.000136088366712785	0.000136088366712785	2
CASKGYTEAFF	0	0	0.000136088366712785	0.000136088366712785	1
CASKTSSSIDEQFF	0	0	0.000136088366712785	0.000136088366712785	1
CASNGLGYYEQYF	0	0	0.000136088366712785	0.000136088366712785	1
CASNTGGGSTEAFF	0	0	0.000136088366712785	0.000136088366712785	1
CASRGGSSYEQYF	0	0	0.000136088366712785	0.000136088366712785	1
CASRGQGANGELFF	0	0	0.000136088366712785	0.000136088366712785	1
CASRGQGASQPQHF	7.23362187447255e-05	0	0.000136088366712785	0.000136088366712785	2
CASRNPIRGSGNTEAFF	0	0	0.000136088366712785	0.000136088366712785	1
CASRRTGKAETQYF	0	0	0.000136088366712785	0.000136088366712785	1
CASSAGTSGVYEQYF	0	0	0.000136088366712785	0.000136088366712785	1
CASSARHDSLQGYTF	0	0	0.000136088366712785	0.000136088366712785	1
CASSARLAATYEQYF	0	0	0.000136088366712785	0.000136088366712785	1
CASSFDRGRGGEQFF	0	0	0.000136088366712785	0.000136088366712785	1
CASSFRTGVNEQFF	0	0	0.000136088366712785	0.000136088366712785	1
CASSFYGTYEQYF	0	0	0.000136088366712785	0.000136088366712785	1
CASSKRGGTGQSNPYEQYF	0	0	0.000136088366712785	0.000136088366712785	1
CASSLAGGGTGELFF	0	0	0.000136088366712785	0.000136088366712785	1
CASSLARQGSEQFF	0	0	0.000136088366712785	0.000136088366712785	1
CASSLDGLVSYNEQFF	3.61681093723627e-05	0	0.000136088366712785	0.000136088366712785	2
CASSLDWEQYF	0	0	0.000136088366712785	0.000136088366712785	1
CASSLEPGQSYEQYF	0	0	0.000136088366712785	0.000136088366712785	1
CASSLFKPSDTQYF	0	0	0.000136088366712785	0.000136088366712785	1
CASSLGAVPRDEQFF	0	0	0.000136088366712785	0.000136088366712785	1
CASSLGQTQGAFF	0	0	0.000136088366712785	0.000136088366712785	1
CASSLIGTGAGNTIYF	0	0	0.000136088366712785	0.000136088366712785	1
CASSLMNRGLGGGRAEAFF	0	0	0.000136088366712785	0.000136088366712785	1
CASSLVGPGYSPLHF	0	0	0.000136088366712785	0.000136088366712785	1
CASSLVGTGAVGANVLTF	8.43922552021797e-05	0	0.000136088366712785	0.000136088366712785	2
CASSLVPLLISGNTIYF	0	0	0.000136088366712785	0.000136088366712785	1
CASSLVQGPNQPQHF	0	0	0.000136088366712785	0.000136088366712785	1
CASSNHRTGGTGELFF	0	0	0.000136088366712785	0.000136088366712785	1
CASSPAFRITKISGYTF	0	0	0.000136088366712785	0.000136088366712785	1
CASSPAGSGGDGYTF	0	0	0.000136088366712785	0.000136088366712785	1
CASSPALLGSTEAFF	0	0	0.000136088366712785	0.000136088366712785	1
CASSPGYNEQFF	0	0	0.000136088366712785	0.000136088366712785	1
CASSPLRNQPQHF	0.000108504328117088	0	0.000136088366712785	0.000136088366712785	2
CASSPLTGYGYEQYF	0	0	0.000136088366712785	0.000136088366712785	1
CASSPRPSGRMGEQFF	2.41120729149085e-05	0	0.000136088366712785	0.000136088366712785	2
CASSPSGLGNQPQHF	0	0	0.000136088366712785	0.000136088366712785	1
CASSPSGSGTYEQYF	7.23362187447255e-05	0	0.000136088366712785	0.000136088366712785	2
CASSPVRGGYTF	0	0	0.000136088366712785	0.000136088366712785	1
CASSQAGTGLYEQFF	0	0	0.000136088366712785	0.000136088366712785	1
CASSQDSNNEQFF	0	0	0.000136088366712785	0.000136088366712785	1
CASSQEVWREGRGANVLTF	0	0	0.000136088366712785	0.000136088366712785	1
CASSQGEQETQYF	0	0	0.000136088366712785	0.000136088366712785	1
CASSQIAGVYKYF	0	0	0.000136088366712785	0.000136088366712785	1
CASSQLSSGRLNEQFF	0	0	0.000136088366712785	0.000136088366712785	1
CASSRATGETQYF	0	0	0.000136088366712785	0.000136088366712785	1
CASSRDSGTDSPLHF	0	0	0.000136088366712785	0.000136088366712785	1
CASSREGAGNTEAFF	0	0	0.000136088366712785	0.000136088366712785	1
CASSRGLTYEQYF	0	0	0.000136088366712785	0.000136088366712785	1
CASSRLAGGPGAEQFF	0	0	0.000136088366712785	0.000136088366712785	1
CASSRQWKETQYF	0	0	0.000136088366712785	0.000136088366712785	1
CASSRSGSGNQPQHF	0	0	0.000136088366712785	0.000136088366712785	1
CASSRTGTRGYNEQFF	0	0	0.000136088366712785	0.000136088366712785	1
CASSSARNNSPLHF	0	0	0.000136088366712785	0.000136088366712785	1
CASSSGQQPDGYTF	0	0	0.000136088366712785	0.000136088366712785	1
CASSSPASGVGRSETQYF	0	0	0.000136088366712785	0.000136088366712785	1
CASSSQSSEDSYEQYF	0	0	0.000136088366712785	0.000136088366712785	1
CASSSRQGAIRSAKPQHF	0	0	0.000136088366712785	0.000136088366712785	1
CASSSTTGLGELFF	0	0	0.000136088366712785	0.000136088366712785	1
CASSTHRGRNEQFF	0	0	0.000136088366712785	0.000136088366712785	1
CASSTQTQYF	0	0	0.000136088366712785	0.000136088366712785	1
CASSVGGEAFF	0	0	0.000136088366712785	0.000136088366712785	1
CASSWAGSQETQYF	3.61681093723627e-05	0.000100040016006403	0.000136088366712785	0.000136088366712785	3
CASSYGQGEQYF	4.8224145829817e-05	0	0.000136088366712785	0.000136088366712785	2
CASSYPGQPWETQYF	0	0	0.000136088366712785	0.000136088366712785	1
CASSYPQGGGSQYF	0	0	0.000136088366712785	0.000136088366712785	1
CASSYRGNEQFF	0	0	0.000136088366712785	0.000136088366712785	1
CASSYSFSPGRSFQGQYF	4.8224145829817e-05	0	0.000136088366712785	0.000136088366712785	2
CASSYSGANVLTF	0	0	0.000136088366712785	0.000136088366712785	1
CASSYSITSGSGQETQYF	0	0	0.000136088366712785	0.000136088366712785	1
CASTHTPGSGNTIYF	0	0	0.000136088366712785	0.000136088366712785	1
CASTLNYWGEDGYTF	0	0	0.000136088366712785	0.000136088366712785	1
CASTSSTNEKLFF	0	0	0.000136088366712785	0.000136088366712785	1
CATSRDVKGEQFF	0	0	0.000136088366712785	0.000136088366712785	1
CATSSREVYGYTF	0	0	0.000136088366712785	0.000136088366712785	1
CAWRGIGDNSPLHF	0	0.00011671335200747	0.000136088366712785	0.000136088366712785	2
CAWSRQTILHESSYNSPLHF	0	0	0.000136088366712785	0.000136088366712785	1
CSAAPAAGVGKTQYF	7.23362187447255e-05	0	0.000136088366712785	0.000136088366712785	2
CSAEKGKVDEQYF	0	0	0.000136088366712785	0.000136088366712785	1
CSAGGNQPQHF	0	0	0.000136088366712785	0.000136088366712785	1
CSAQDRGYEQYF	0	0	0.000136088366712785	0.000136088366712785	1
CSARAATSNQPQHF	0	0	0.000136088366712785	0.000136088366712785	1
CSARDLRGENTEAFF	0	0	0.000136088366712785	0.000136088366712785	1
CSARDRPSSYEQYF	0	0	0.000136088366712785	0.000136088366712785	1
CSAREPTSVYNEQFF	0	0	0.000136088366712785	0.000136088366712785	1
CSARGGSSYNEQFF	0	0	0.000136088366712785	0.000136088366712785	1
CSARGLVGGQQETQYF	0	0.000100040016006403	0.000136088366712785	0.000136088366712785	2
CSARGNRGFSSYNEQFF	0.000108504328117088	0	0.000136088366712785	0.000136088366712785	2
CSARKAVKNTGELFF	0	0	0.000136088366712785	0.000136088366712785	1
CSARQTFYGYTF	0	0	0.000136088366712785	0.000136088366712785	1
CSARRGARSNQPQHF	0	0	0.000136088366712785	0.000136088366712785	1
CSASERLYGYTF	0	0	0.000136088366712785	0.000136088366712785	1
CSASGLAGHSYEQYF	0	0	0.000136088366712785	0.000136088366712785	1
CSASGTYNEQFF	0	0	0.000136088366712785	0.000136088366712785	1
CSASRAGLRDYEQYF	0	0	0.000136088366712785	0.000136088366712785	1
CSASSGTEELFF	2.41120729149085e-05	0	0.000136088366712785	0.000136088366712785	2
CASERRGRETQYF	0	0.000133386688008537	0	0.000133386688008537	1
CASQTSTGGLEKLFF	0	0.000133386688008537	0	0.000133386688008537	1
CASRPTGGNQPQHF	0	0.000133386688008537	0	0.000133386688008537	1
CASRRTVGVYEQYF	0	0.000133386688008537	0	0.000133386688008537	1
CASRSSAGANVLTF	0	0.000133386688008537	0	0.000133386688008537	1
CASRTDQGQPQHF	0	0.000133386688008537	0	0.000133386688008537	1
CASSASTGANYGYTF	3.61681093723627e-05	0.000133386688008537	0	0.000133386688008537	2
CASSDHPAGVATDTQYF	0	0.000133386688008537	0	0.000133386688008537	1
CASSEDLAETQYF	0	0.000133386688008537	0	0.000133386688008537	1
CASSEGAAIHEQFF	0	0.000133386688008537	0	0.000133386688008537	1
CASSFSANTEAFF	0	0.000133386688008537	2.26813944521309e-05	0.000133386688008537	2
CASSGLPYNEQFF	0	0.000133386688008537	7.93848805824582e-05	0.000133386688008537	2
CASSGPTSGIETQYF	0	0.000133386688008537	0	0.000133386688008537	1
CASSIGTSYWELFF	0	0.000133386688008537	0	0.000133386688008537	1
CASSLAGPRYNEQFF	0	0.000133386688008537	0	0.000133386688008537	1
CASSPDRGMIAEAFF	0.000120560364574542	0.000133386688008537	0.000102066275034589	0.000133386688008537	3
CASSPGLLITEAFF	0	0.000133386688008537	0	0.000133386688008537	1
CASSPGQTSYEQYF	0	0.000133386688008537	0	0.000133386688008537	1
CASSPLIGGNGLHF	8.43922552021797e-05	0.000133386688008537	0	0.000133386688008537	2
CASSPLWGAAETQYF	0	0.000133386688008537	0	0.000133386688008537	1
CASSQDSVAKNIQYF	0	0.000133386688008537	0	0.000133386688008537	1
CASSQGGGQETQYF	0	0.000133386688008537	0	0.000133386688008537	1
CASSQGLAGGTDEQFF	0	0.000133386688008537	0	0.000133386688008537	1
CASSQSLAAEAFF	0	0.000133386688008537	0	0.000133386688008537	1
CASSRGLANNEQFF	0	0.000133386688008537	0	0.000133386688008537	1
CASSRGVTDTQYF	0	0.000133386688008537	0	0.000133386688008537	1
CASSRTSGRTGANVLTF	0	0.000133386688008537	0	0.000133386688008537	1
CASSSTSGYNTDTQYF	0	0.000133386688008537	0	0.000133386688008537	1
CASSVRPANTGELFF	2.41120729149085e-05	0.000133386688008537	0.000102066275034589	0.000133386688008537	3
CASSYAGAAQPQHF	0	0.000133386688008537	0	0.000133386688008537	1
CASTKTSGLITYNEQFF	6.02801822872712e-05	0.000133386688008537	0	0.000133386688008537	2
CAWSGRSARGGYTF	0	0.000133386688008537	0	0.000133386688008537	1
CSAEAGVRDEQYF	1.20560364574542e-05	0.000133386688008537	0	0.000133386688008537	2
CSARAIRDTYEQYF	0	0.000133386688008537	0	0.000133386688008537	1
CSARDLVGRPYNEQFF	0	0.000133386688008537	0	0.000133386688008537	1
CSAREWERNQPQHF	0	0.000133386688008537	0	0.000133386688008537	1
CSASTNTGELFF	0	0.000133386688008537	0	0.000133386688008537	1
CAISDGIPEAFF	0.000132616401031997	0	0	0.000132616401031997	1
CAISDGTGAGAEAFF	0.000132616401031997	0	0	0.000132616401031997	1
CAISDPGRLSGELFF	0.000132616401031997	0	0.000102066275034589	0.000132616401031997	2
CAISDSGTEGKLFF	0.000132616401031997	0	0	0.000132616401031997	1
CAISESGHNEKLFF	0.000132616401031997	0	0	0.000132616401031997	1
CAISESGTGDGKLFF	0.000132616401031997	0	0	0.000132616401031997	1
CAISESVTGWDTEAFF	0.000132616401031997	0	0	0.000132616401031997	1
CAISGGPYQPQHF	0.000132616401031997	0	0	0.000132616401031997	1
CAISVGDNQPQHF	0.000132616401031997	0	0	0.000132616401031997	1
CASAPDVRYNEQFF	0.000132616401031997	0	0	0.000132616401031997	1
CASGLAGVLSYNEQFF	0.000132616401031997	0	0	0.000132616401031997	1
CASMSQRQGGGFTTEAFF	0.000132616401031997	0	0	0.000132616401031997	1
CASRESGNSYEQYF	0.000132616401031997	0	0	0.000132616401031997	1
CASRGLIGRFHEQYF	0.000132616401031997	0	0	0.000132616401031997	1
CASRPLIRGPSVGTQYF	0.000132616401031997	0	0	0.000132616401031997	1
CASRPPAGLDETQYF	0.000132616401031997	0	0	0.000132616401031997	1
CASRSPGQTYEQYF	0.000132616401031997	0	0	0.000132616401031997	1
CASSEEGKGTYEQYF	0.000132616401031997	0	0	0.000132616401031997	1
CASSFGQVTGEQYF	0.000132616401031997	0	0	0.000132616401031997	1
CASSFLWGNTEAFF	0.000132616401031997	0	0	0.000132616401031997	1
CASSFRDTEAFF	0.000132616401031997	0	0	0.000132616401031997	1
CASSFRGQETQYF	0.000132616401031997	0	0	0.000132616401031997	1
CASSFSRVGGSGLAFF	0.000132616401031997	0	0	0.000132616401031997	1
CASSFYGGSTGELFF	0.000132616401031997	0	0	0.000132616401031997	1
CASSGGGRPYNEQFF	0.000132616401031997	0	0	0.000132616401031997	1
CASSGQRGTEAFF	0.000132616401031997	0	0	0.000132616401031997	1
CASSGTMEGNEQFF	0.000132616401031997	0	0	0.000132616401031997	1
CASSHLDRGKTEAFF	0.000132616401031997	0	0	0.000132616401031997	1
CASSHRTRPYEQYF	0.000132616401031997	0	0	0.000132616401031997	1
CASSKGTSGSGEQFF	0.000132616401031997	0	0	0.000132616401031997	1
CASSKRVDRGPREQYF	0.000132616401031997	0	0	0.000132616401031997	1
CASSKSGTSAYNEQFF	0.000132616401031997	0	0	0.000132616401031997	1
CASSLAEGPPQNEQYF	0.000132616401031997	0	0	0.000132616401031997	1
CASSLAGGRNQPQHF	0.000132616401031997	0	0	0.000132616401031997	1
CASSLAGTSSEQYF	0.000132616401031997	0	0	0.000132616401031997	1
CASSLAGVYEQYF	0.000132616401031997	0	0	0.000132616401031997	1
CASSLAYRGEQYF	0.000132616401031997	0	0	0.000132616401031997	1
CASSLDTGRNQPQHF	0.000132616401031997	0	0	0.000132616401031997	1
CASSLEGAVAGYTF	0.000132616401031997	0	0	0.000132616401031997	1
CASSLEGVTGELFF	0.000132616401031997	0	0	0.000132616401031997	1
CASSLGAFGTQYF	0.000132616401031997	0	3.40220916781964e-05	0.000132616401031997	2
CASSLGLNTGELFF	0.000132616401031997	0	0	0.000132616401031997	1
CASSLGLSPTYEQYF	0.000132616401031997	0	0	0.000132616401031997	1
CASSLGQESTF	0.000132616401031997	0	3.40220916781964e-05	0.000132616401031997	2
CASSLGTGYNEQFF	0.000132616401031997	0	9.07255778085237e-05	0.000132616401031997	2
CASSLGTLQGRYGYTF	0.000132616401031997	0	0	0.000132616401031997	1
CASSLGYQETQYF	0.000132616401031997	0	0	0.000132616401031997	1
CASSLIGTAYEQYF	0.000132616401031997	0	0	0.000132616401031997	1
CASSLKRRANEKLFF	0.000132616401031997	0	0	0.000132616401031997	1
CASSLPDRGAEQYF	0.000132616401031997	0	0	0.000132616401031997	1
CASSLPPGVNTEAFF	0.000132616401031997	0	0	0.000132616401031997	1
CASSLSGLAGDTYEQYF	0.000132616401031997	0	0	0.000132616401031997	1
CASSLVEDEQYF	0.000132616401031997	0	0	0.000132616401031997	1
CASSLWENQPQHF	0.000132616401031997	0	0	0.000132616401031997	1
CASSLWGGDTEAFF	0.000132616401031997	0	0	0.000132616401031997	1
CASSPEGNTVRNPQHF	0.000132616401031997	0	0	0.000132616401031997	1
CASSPEGSRDRSYEQYF	0.000132616401031997	0	0	0.000132616401031997	1
CASSPFGSQGSGGITYEQYF	0.000132616401031997	0	0	0.000132616401031997	1
CASSPFNGANYNEQFF	0.000132616401031997	0	0	0.000132616401031997	1
CASSPGRDTEAFF	0.000132616401031997	0	0	0.000132616401031997	1
CASSPIRWDTEAFF	0.000132616401031997	0	0	0.000132616401031997	1
CASSPLAGTPYEQYF	0.000132616401031997	0	0	0.000132616401031997	1
CASSPQGAPLHF	0.000132616401031997	0	0	0.000132616401031997	1
CASSPQGVNQPQHF	0.000132616401031997	0	0	0.000132616401031997	1
CASSPQLSYEQYF	0.000132616401031997	0	5.67034861303273e-05	0.000132616401031997	2
CASSPRGAANEQYF	0.000132616401031997	0	0	0.000132616401031997	1
CASSPTSGRNNEQFF	0.000132616401031997	0	0	0.000132616401031997	1
CASSPTSTPYNEQFF	0.000132616401031997	0	0	0.000132616401031997	1
CASSQASGGETQYF	0.000132616401031997	0	0	0.000132616401031997	1
CASSQDGLYEKLFF	0.000132616401031997	0	0	0.000132616401031997	1
CASSQDLSGRAGETQYF	0.000132616401031997	0	0	0.000132616401031997	1
CASSQDRAGRSYEKLFF	0.000132616401031997	0	0	0.000132616401031997	1
CASSQDTLSGSPSYEQYF	0.000132616401031997	0	0	0.000132616401031997	1
CASSQGDRDNEQYF	0.000132616401031997	0	0	0.000132616401031997	1
CASSQGGTDYGYTF	0.000132616401031997	0	0	0.000132616401031997	1
CASSQGPGLAGVSSSYNEQFF	0.000132616401031997	0	0	0.000132616401031997	1
CASSQSLLAGARYTGELFF	0.000132616401031997	0	0	0.000132616401031997	1
CASSQTVAGNTIYF	0.000132616401031997	0	0	0.000132616401031997	1
CASSQVRGRGIMNTEAFF	0.000132616401031997	0	0	0.000132616401031997	1
CASSRDRATQPQHF	0.000132616401031997	0	0	0.000132616401031997	1
CASSRDSYTGELFF	0.000132616401031997	0	0	0.000132616401031997	1
CASSRSAYEQYF	0.000132616401031997	0	4.53627889042618e-05	0.000132616401031997	2
CASSRTTGAPSSYNEQFF	0.000132616401031997	0	0	0.000132616401031997	1
CASSSGDGEQYF	0.000132616401031997	0	0	0.000132616401031997	1
CASSSPLPGTEAFF	0.000132616401031997	0	0	0.000132616401031997	1
CASSSRDRGDYGYTF	0.000132616401031997	0	0	0.000132616401031997	1
CASSSREYSNQPQHF	0.000132616401031997	0	0	0.000132616401031997	1
CASSSRGNGGYTF	0.000132616401031997	0	0	0.000132616401031997	1
CASSSSGQGIHEQYF	0.000132616401031997	0	0	0.000132616401031997	1
CASSSSSGTSGSIFYEQYF	0.000132616401031997	0	0	0.000132616401031997	1
CASSTGLGEQYF	0.000132616401031997	0	0	0.000132616401031997	1
CASSTGRGQETQYF	0.000132616401031997	0	0	0.000132616401031997	1
CASSVQGANTEAFF	0.000132616401031997	0	0	0.000132616401031997	1
CASSYGPTGGTEAFF	0.000132616401031997	0	0	0.000132616401031997	1
CASSYSLTGEQYF	0.000132616401031997	0	0	0.000132616401031997	1
CASTDNNQPQHF	0.000132616401031997	0	0	0.000132616401031997	1
CASTEGQRRLNEKLFF	0.000132616401031997	0	0	0.000132616401031997	1
CASTIGQGATGSYEQYF	0.000132616401031997	0	0	0.000132616401031997	1
CASTRTGDPYNEQFF	0.000132616401031997	0	0	0.000132616401031997	1
CATSGDRWDNEQFF	0.000132616401031997	0	0	0.000132616401031997	1
CATSRLLGTPTDTQYF	0.000132616401031997	0	0	0.000132616401031997	1
CATSRSGVFRVEQFF	0.000132616401031997	0	0	0.000132616401031997	1
CATSSRGAGGELFF	0.000132616401031997	0	0	0.000132616401031997	1
CSADLPGLQTVGYNEQFF	0.000132616401031997	0	0	0.000132616401031997	1
CSAEGPRGDEQFF	0.000132616401031997	0	0	0.000132616401031997	1
CSAETELNEKLFF	0.000132616401031997	0	0	0.000132616401031997	1
CSAGRLNEQYF	0.000132616401031997	0	0	0.000132616401031997	1
CSAIQLADLETQYF	0.000132616401031997	0	0	0.000132616401031997	1
CSALSWTERETQYF	0.000132616401031997	0	0	0.000132616401031997	1
CSARDLGKAAKWDEQFF	0.000132616401031997	0	0	0.000132616401031997	1
CSARETGFGELFF	0.000132616401031997	0	0	0.000132616401031997	1
CSARKETYEQYF	0.000132616401031997	0	0	0.000132616401031997	1
CSARRPGAANEKLFF	0.000132616401031997	0	0	0.000132616401031997	1
CSASARESNTGELFF	0.000132616401031997	0	0	0.000132616401031997	1
CSASPPRGAIEQYF	0.000132616401031997	5.00200080032013e-05	0	0.000132616401031997	2
CSASRDRRYEEAFF	0.000132616401031997	0	0	0.000132616401031997	1
CSERDRGGPNEQYF	0.000132616401031997	0	0.000102066275034589	0.000132616401031997	2
CSVGMREKGNEQFF	0.000132616401031997	0	0	0.000132616401031997	1
CAISDTEMANEKLFF	0.000132616401031997	0	0	0.000132616401031997	1
CASALPAYNSPLHF	0.000132616401031997	0	0	0.000132616401031997	1
CASLPAGTPIETQYF	0.000132616401031997	0	0	0.000132616401031997	1
CASSQPNQRDTEAFF	0.000132616401031997	0	0	0.000132616401031997	1
CASSQQGDQPQHF	0.000132616401031997	0	0	0.000132616401031997	1
CASSQWTSGSNEQFF	0.000132616401031997	0	0	0.000132616401031997	1
CASSRDRGQPQHF	0.000132616401031997	0	0	0.000132616401031997	1
CASSSGANTGELFF	0.000132616401031997	0	2.26813944521309e-05	0.000132616401031997	2
CASSYMLLAGRETQYF	0.000132616401031997	0	0	0.000132616401031997	1
CAIRAGREVTYEQYF	4.8224145829817e-05	0	0.00012474766948672	0.00012474766948672	2
CAIRRQGSYEQYF	0	0	0.00012474766948672	0.00012474766948672	1
CAISGGQYYGYTF	0	0	0.00012474766948672	0.00012474766948672	1
CAISGILGQGAGYTF	0	0	0.00012474766948672	0.00012474766948672	1
CAISLEQSRVPYEQYF	0	0	0.00012474766948672	0.00012474766948672	1
CASCSTTEAFF	0	0	0.00012474766948672	0.00012474766948672	1
CASRAGTKNTGELFF	0	0	0.00012474766948672	0.00012474766948672	1
CASRASGSSKNIQYF	0	0	0.00012474766948672	0.00012474766948672	1
CASRPGTEYNSPLHF	0	0	0.00012474766948672	0.00012474766948672	1
CASRRESEQYF	0	0	0.00012474766948672	0.00012474766948672	1
CASRRTSGKGAVNEQFF	0	0	0.00012474766948672	0.00012474766948672	1
CASRTSPLYEQYF	7.23362187447255e-05	0	0.00012474766948672	0.00012474766948672	2
CASRWDTYNEQFF	1.20560364574542e-05	0	0.00012474766948672	0.00012474766948672	2
CASSAHGVGTEAFF	0	0	0.00012474766948672	0.00012474766948672	1
CASSDPPTGIRSGANVLTF	0	0	0.00012474766948672	0.00012474766948672	1
CASSEKKWINSPLHF	0	0	0.00012474766948672	0.00012474766948672	1
CASSELGQTAGQYF	0	0	0.00012474766948672	0.00012474766948672	1
CASSEWGPAGNTEAFF	0	0	0.00012474766948672	0.00012474766948672	1
CASSFGHVNTGELFF	0	0	0.00012474766948672	0.00012474766948672	1
CASSGGLAVNTGELFF	0	0	0.00012474766948672	0.00012474766948672	1
CASSGSGDEQFF	0	0	0.00012474766948672	0.00012474766948672	1
CASSHSTSGRAYEQYF	0	0	0.00012474766948672	0.00012474766948672	1
CASSIAPLLSGANVLTF	0	0	0.00012474766948672	0.00012474766948672	1
CASSIRPSPSSGETQYF	0	0	0.00012474766948672	0.00012474766948672	1
CASSIRVVYNEQFF	0	0	0.00012474766948672	0.00012474766948672	1
CASSISGGAGNSPLHF	1.20560364574542e-05	0	0.00012474766948672	0.00012474766948672	2
CASSKLAGALDTQYF	0	0	0.00012474766948672	0.00012474766948672	1
CASSLAGTSTDTQYF	0	0	0.00012474766948672	0.00012474766948672	1
CASSLAQGLAKNIQYF	3.61681093723627e-05	0	0.00012474766948672	0.00012474766948672	2
CASSLDKQSYEQYF	0	0	0.00012474766948672	0.00012474766948672	1
CASSLDRASVNTQYF	0	0	0.00012474766948672	0.00012474766948672	1
CASSLEGERETQYF	0	0	0.00012474766948672	0.00012474766948672	1
CASSLGASLGGETQYF	2.41120729149085e-05	0	0.00012474766948672	0.00012474766948672	2
CASSLIPSPAGQETQYF	0	0	0.00012474766948672	0.00012474766948672	1
CASSLPVGGENTIYF	0	0	0.00012474766948672	0.00012474766948672	1
CASSLRRVSPLHF	0	0	0.00012474766948672	0.00012474766948672	1
CASSLSSGGPFAGELFF	1.20560364574542e-05	0	0.00012474766948672	0.00012474766948672	2
CASSLSVGGPGRVNEQFF	8.43922552021797e-05	0	0.00012474766948672	0.00012474766948672	2
CASSLTGTTNEKLFF	0	0	0.00012474766948672	0.00012474766948672	1
CASSLTQQRGFGYTF	0	0	0.00012474766948672	0.00012474766948672	1
CASSLVGGGNTEAFF	0	0	0.00012474766948672	0.00012474766948672	1
CASSLVWGTNEKLFF	0	0	0.00012474766948672	0.00012474766948672	1
CASSLYRGSYEQYF	0	0	0.00012474766948672	0.00012474766948672	1
CASSPENLPYEQYF	0	0	0.00012474766948672	0.00012474766948672	1
CASSPERPLGGYTF	0	0	0.00012474766948672	0.00012474766948672	1
CASSPESGSNQPQHF	0	0	0.00012474766948672	0.00012474766948672	1
CASSPGLEGNEQFF	0	0	0.00012474766948672	0.00012474766948672	1
CASSPGQGAGYEQYF	0	0	0.00012474766948672	0.00012474766948672	1
CASSPKQQPQHF	3.61681093723627e-05	0	0.00012474766948672	0.00012474766948672	2
CASSPPDRGTGELFF	0	0	0.00012474766948672	0.00012474766948672	1
CASSPPGRANNEQFF	0	0	0.00012474766948672	0.00012474766948672	1
CASSPPLGSSGYTF	0	0	0.00012474766948672	0.00012474766948672	1
CASSPRGGGETQYF	0	0	0.00012474766948672	0.00012474766948672	1
CASSPRMSPGLAGTYEQYF	0	0	0.00012474766948672	0.00012474766948672	1
CASSPRRGHATGYTF	0	0	0.00012474766948672	0.00012474766948672	1
CASSPRTENSNQPQHF	0	0	0.00012474766948672	0.00012474766948672	1
CASSPRTGGYEKLFF	0	0	0.00012474766948672	0.00012474766948672	1
CASSPSAGGPGTQYF	0	0	0.00012474766948672	0.00012474766948672	1
CASSPTGGKTYEQYF	0	0	0.00012474766948672	0.00012474766948672	1
CASSPYRTRDEQYF	0	0	0.00012474766948672	0.00012474766948672	1
CASSQALPLSGSRTGELFF	0	0	0.00012474766948672	0.00012474766948672	1
CASSQDLTFNQPQHF	0	0	0.00012474766948672	0.00012474766948672	1
CASSQDLTGTYNEQFF	8.43922552021797e-05	0	0.00012474766948672	0.00012474766948672	2
CASSQDRRRPPNQPQHF	0	0	0.00012474766948672	0.00012474766948672	1
CASSQGAYNSPLHF	0	0	0.00012474766948672	0.00012474766948672	1
CASSQGGTGAYEQYF	0	0	0.00012474766948672	0.00012474766948672	1
CASSQGTGGNTIYF	3.61681093723627e-05	0	0.00012474766948672	0.00012474766948672	2
CASSQSGGYNSPLHF	0	0	0.00012474766948672	0.00012474766948672	1
CASSQYGKWRVGYNEQFF	0	0	0.00012474766948672	0.00012474766948672	1
CASSRLIPGQGGQPQHF	0	0	0.00012474766948672	0.00012474766948672	1
CASSRQTVDTQYF	0	0	0.00012474766948672	0.00012474766948672	1
CASSRRLETQYF	0	0	0.00012474766948672	0.00012474766948672	1
CASSSGGSGGNEQYF	0	0	0.00012474766948672	0.00012474766948672	1
CASSSGTGAYNEQFF	0	0	0.00012474766948672	0.00012474766948672	1
CASSSLAGAYNEQFF	0	0	0.00012474766948672	0.00012474766948672	1
CASSTDHRTGRAETQYF	0	0	0.00012474766948672	0.00012474766948672	1
CASSTGTFYGYTF	0	0	0.00012474766948672	0.00012474766948672	1
CASSTGTSYEQYF	0	0	0.00012474766948672	0.00012474766948672	1
CASSTSGISYNEQFF	0	0	0.00012474766948672	0.00012474766948672	1
CASSTVPGQGLPQHF	1.20560364574542e-05	0	0.00012474766948672	0.00012474766948672	2
CASSVDLGLAGEEQYF	0	0	0.00012474766948672	0.00012474766948672	1
CASSVFYKVEKLFF	0	0	0.00012474766948672	0.00012474766948672	1
CASSVRGRSPRELFF	0	0	0.00012474766948672	0.00012474766948672	1
CASSWGTGGAYEQYF	0	0	0.00012474766948672	0.00012474766948672	1
CASSWTVNQPQHF	0	0	0.00012474766948672	0.00012474766948672	1
CASSYGEGSGGYTF	0	0	0.00012474766948672	0.00012474766948672	1
CASSYPRWAGSSYEQYF	0	0	0.00012474766948672	0.00012474766948672	1
CASSYSGGESYEQYF	0	0	0.00012474766948672	0.00012474766948672	1
CASSYSGGNQPQHF	0	0	0.00012474766948672	0.00012474766948672	1
CASSYSGTGAYGYTF	0	0	0.00012474766948672	0.00012474766948672	1
CASSYSSSGEQYF	0	0	0.00012474766948672	0.00012474766948672	1
CASSYSTALPGGVGVNSPLHF	0	0	0.00012474766948672	0.00012474766948672	1
CASTGHGTGTLAEQYF	0	0	0.00012474766948672	0.00012474766948672	1
CASTILPGPTYEQYF	0.000108504328117088	0	0.00012474766948672	0.00012474766948672	2
CASTNGRTSGAYEQYF	0	0	0.00012474766948672	0.00012474766948672	1
CASTPSSSLVWGRVGPADTGELFF	0	0	0.00012474766948672	0.00012474766948672	1
CATAAGTLIGTEAFF	0	0	0.00012474766948672	0.00012474766948672	1
CATGGQENTEAFF	0	0	0.00012474766948672	0.00012474766948672	1
CATKRTGGTDYGYTF	0	1.66733360010671e-05	0.00012474766948672	0.00012474766948672	2
CATSRGARDNEQFF	0	0	0.00012474766948672	0.00012474766948672	1
CATSRVEAEKLFF	0	0	0.00012474766948672	0.00012474766948672	1
CAWSPNKNSYEQYF	0	0	0.00012474766948672	0.00012474766948672	1
CSAARSGYEQYF	0	0	0.00012474766948672	0.00012474766948672	1
CSAGRAGYETQYF	0	0	0.00012474766948672	0.00012474766948672	1
CSAIRKTSGSYNEQFF	0	0	0.00012474766948672	0.00012474766948672	1
CSANGNNYEQYF	0	0	0.00012474766948672	0.00012474766948672	1
CSARDHAGTGNTGELFF	3.61681093723627e-05	0	0.00012474766948672	0.00012474766948672	2
CSARDLEREWDNEQFF	0	0	0.00012474766948672	0.00012474766948672	1
CSARDSGRLNEKLFF	0	0	0.00012474766948672	0.00012474766948672	1
CSAREGYNQPQHF	0	0	0.00012474766948672	0.00012474766948672	1
CSARGRRGSSYEQYF	6.02801822872712e-05	0	0.00012474766948672	0.00012474766948672	2
CSARGTSGTYEQYF	0	0	0.00012474766948672	0.00012474766948672	1
CSARTGTSGETQYF	0	0	0.00012474766948672	0.00012474766948672	1
CSASGKPGNSYEQYF	0	0	0.00012474766948672	0.00012474766948672	1
CSASLAGYEQYF	0	0	0.00012474766948672	0.00012474766948672	1
CSASTQTNGYTF	0	0	0.00012474766948672	0.00012474766948672	1
CSATGQGAEEQYF	0	0	0.00012474766948672	0.00012474766948672	1
CSATGVGETQYF	0	0	0.00012474766948672	0.00012474766948672	1
CSVEPPGDEQFF	0	0	0.00012474766948672	0.00012474766948672	1
CASSPDEEKLFF	0.000120560364574542	0	0	0.000120560364574542	1
CASSPGGVMNTEAFF	0.000120560364574542	0	0	0.000120560364574542	1
CASSPLSGTSYNEQFF	0.000120560364574542	0	0	0.000120560364574542	1
CASSPRGAVINYGYTF	0.000120560364574542	0	0	0.000120560364574542	1
CASSYWWERHGTGELFF	0.000120560364574542	0	0	0.000120560364574542	1
CSVYEGQPYEQYF	0.000120560364574542	0	0	0.000120560364574542	1
CAIRDNLAVYEQYF	0.000120560364574542	0	3.40220916781964e-05	0.000120560364574542	2
CAISDRGRKTGELFF	0.000120560364574542	0	0	0.000120560364574542	1
CAISEDRRNTYGYTF	0.000120560364574542	0	0	0.000120560364574542	1
CAISSGDPEAFF	0.000120560364574542	0	0	0.000120560364574542	1
CAISVGNYGYTF	0.000120560364574542	0	0	0.000120560364574542	1
CAKRDVSSGNTIYF	0.000120560364574542	0	0	0.000120560364574542	1
CASFSGREYEQYF	0.000120560364574542	0	0	0.000120560364574542	1
CASGQSGSSYNEQFF	0.000120560364574542	0	0.000113406972260655	0.000120560364574542	2
CASIEGGAETQYF	0.000120560364574542	0	0	0.000120560364574542	1
CASKDPGANVLTF	0.000120560364574542	0	0	0.000120560364574542	1
CASKISGSSYNEQFF	0.000120560364574542	0	0	0.000120560364574542	1
CASLELYEQYF	0.000120560364574542	0	0	0.000120560364574542	1
CASRETGSRSEQYF	0.000120560364574542	0	0	0.000120560364574542	1
CASREYWGYTF	0.000120560364574542	0	0	0.000120560364574542	1
CASRGPGQVFIGYGYTF	0.000120560364574542	0	0	0.000120560364574542	1
CASRIRAYEQYF	0.000120560364574542	0	0	0.000120560364574542	1
CASRKVGEGYNEQFF	0.000120560364574542	0	0	0.000120560364574542	1
CASRLGASNQPQHF	0.000120560364574542	0	0	0.000120560364574542	1
CASRPGQGEGNTIYF	0.000120560364574542	0	0	0.000120560364574542	1
CASRRDRVNTGELFF	0.000120560364574542	0	0	0.000120560364574542	1
CASRRQGAYNEQFF	0.000120560364574542	0	0	0.000120560364574542	1
CASRSGTSGFQETQYF	0.000120560364574542	0	0	0.000120560364574542	1
CASSARSAQYF	0.000120560364574542	0	0	0.000120560364574542	1
CASSDGGAEAFF	0.000120560364574542	0	0	0.000120560364574542	1
CASSDTTFTDTQYF	0.000120560364574542	0	0	0.000120560364574542	1
CASSEAGLVSGYTF	0.000120560364574542	0	0	0.000120560364574542	1
CASSEFTGLEAFF	0.000120560364574542	0	0	0.000120560364574542	1
CASSESGLAGGSNTGELFF	0.000120560364574542	0	0	0.000120560364574542	1
CASSEYFGPGNTIYF	0.000120560364574542	0	0	0.000120560364574542	1
CASSFGASYEQYF	0.000120560364574542	0	0	0.000120560364574542	1
CASSFLANEQYF	0.000120560364574542	0	0	0.000120560364574542	1
CASSFRWGLAGRNEQFF	0.000120560364574542	0	2.26813944521309e-05	0.000120560364574542	2
CASSGPGQGANQETQYF	0.000120560364574542	0	0	0.000120560364574542	1
CASSGSRGLRDYEQYF	0.000120560364574542	0	0	0.000120560364574542	1
CASSGTGGNQPQHF	0.000120560364574542	1.66733360010671e-05	0.000113406972260655	0.000120560364574542	3
CASSHGTGGGQPQHF	0.000120560364574542	0	0	0.000120560364574542	1
CASSHPLRPYEQFF	0.000120560364574542	0	7.93848805824582e-05	0.000120560364574542	2
CASSHRDRGPTEAFF	0.000120560364574542	0	0	0.000120560364574542	1
CASSHYYEQYF	0.000120560364574542	0	0	0.000120560364574542	1
CASSLAGGYTGELFF	0.000120560364574542	0	0	0.000120560364574542	1
CASSLGQKETQYF	0.000120560364574542	0	0	0.000120560364574542	1
CASSLGQLFNYGYTF	0.000120560364574542	0	7.93848805824582e-05	0.000120560364574542	2
CASSLIVRLTDTQYF	0.000120560364574542	0	0	0.000120560364574542	1
CASSLIYEQYF	0.000120560364574542	0	0	0.000120560364574542	1
CASSLRGSQETQYF	0.000120560364574542	0	0	0.000120560364574542	1
CASSLTARIQETQYF	0.000120560364574542	0	0	0.000120560364574542	1
CASSLVGARHEQYF	0.000120560364574542	0	0	0.000120560364574542	1
CASSLVNRATEAFF	0.000120560364574542	0	0	0.000120560364574542	1
CASSLVVGTTRPYEQYF	0.000120560364574542	0	0	0.000120560364574542	1
CASSLYGSGANVLTF	0.000120560364574542	0	0	0.000120560364574542	1
CASSPFFGGANVLTF	0.000120560364574542	0	0	0.000120560364574542	1
CASSPFIRGRVYQPQHF	0.000120560364574542	0	0	0.000120560364574542	1
CASSPGTGGPYEQYF	0.000120560364574542	0	0	0.000120560364574542	1
CASSPGYYGYTF	0.000120560364574542	0	1.13406972260655e-05	0.000120560364574542	2
CASSPKAGSGTEAFF	0.000120560364574542	0	7.93848805824582e-05	0.000120560364574542	2
CASSPQDSPLHF	0.000120560364574542	0	0	0.000120560364574542	1
CASSPRGGGEKLFF	0.000120560364574542	0	0	0.000120560364574542	1
CASSPRGLAEHNEQFF	0.000120560364574542	0	0	0.000120560364574542	1
CASSPRRAGTGSEQYF	0.000120560364574542	0	0	0.000120560364574542	1
CASSPSGHSYEQYF	0.000120560364574542	0	0	0.000120560364574542	1
CASSPSQGVYEQYF	0.000120560364574542	0	0	0.000120560364574542	1
CASSQAAGGNSPLHF	0.000120560364574542	0	0	0.000120560364574542	1
CASSQALLAGGPYEQYF	0.000120560364574542	0	0	0.000120560364574542	1
CASSQDDLIKEKLFF	0.000120560364574542	0	0	0.000120560364574542	1
CASSQDSGGAWYNEQFF	0.000120560364574542	0	0	0.000120560364574542	1
CASSQGGGSYNEQFF	0.000120560364574542	0	0	0.000120560364574542	1
CASSQGTTLGTDTQYF	0.000120560364574542	0	0	0.000120560364574542	1
CASSQGYEQYF	0.000120560364574542	0	0	0.000120560364574542	1
CASSQVGGTSAGYTF	0.000120560364574542	0	0	0.000120560364574542	1
CASSQVGLANEQFF	0.000120560364574542	0	9.07255778085237e-05	0.000120560364574542	2
CASSRDRGFYGYTF	0.000120560364574542	0	0	0.000120560364574542	1
CASSRGGTGGTTDYEQYF	0.000120560364574542	6.66933440042684e-05	0	0.000120560364574542	2
CASSRNTGGAGYTF	0.000120560364574542	0	0	0.000120560364574542	1
CASSRTEGHDEQFF	0.000120560364574542	0	0	0.000120560364574542	1
CASSSASEYNEQFF	0.000120560364574542	0	0	0.000120560364574542	1
CASSSGTSGYQETQYF	0.000120560364574542	0	0	0.000120560364574542	1
CASSSPAGTSGSAYNEQFF	0.000120560364574542	0	0	0.000120560364574542	1
CASSSPWEETQYF	0.000120560364574542	0	0	0.000120560364574542	1
CASSSQGMGAYEQYF	0.000120560364574542	0	0	0.000120560364574542	1
CASSSRGRNTEAFF	0.000120560364574542	0	0	0.000120560364574542	1
CASSSSGISSYEQYF	0.000120560364574542	0	0	0.000120560364574542	1
CASSTGGITEAFF	0.000120560364574542	0	0	0.000120560364574542	1
CASSTIADRASNQPQHF	0.000120560364574542	0	0	0.000120560364574542	1
CASSVQLGPYEQYF	0.000120560364574542	0	0	0.000120560364574542	1
CASSYGGLSWGGYTF	0.000120560364574542	0	0	0.000120560364574542	1
CASSYRLAGQNEQFF	0.000120560364574542	0	0	0.000120560364574542	1
CASSYSFGQGGTEAFF	0.000120560364574542	0	0	0.000120560364574542	1
CASSYSIEELAGGGAKNIQYF	0.000120560364574542	0.000100040016006403	2.26813944521309e-05	0.000120560364574542	3
CASSYSYGELFF	0.000120560364574542	0	0	0.000120560364574542	1
CASTGTYNQNTEAFF	0.000120560364574542	0	0	0.000120560364574542	1
CASVGGGSSDNEQFF	0.000120560364574542	8.33666800053355e-05	0	0.000120560364574542	2
CASVSGGVDTGELFF	0.000120560364574542	0	0	0.000120560364574542	1
CATSRDTGYEQYF	0.000120560364574542	0	0	0.000120560364574542	1
CAWSSGVGEKLFF	0.000120560364574542	0.000100040016006403	0	0.000120560364574542	2
CSAFRQDKKAFF	0.000120560364574542	0	0	0.000120560364574542	1
CSALQTANYGYTF	0.000120560364574542	0	0	0.000120560364574542	1
CSAPDNADEQFF	0.000120560364574542	0	0	0.000120560364574542	1
CSARALLASTYEQYF	0.000120560364574542	0	0.000102066275034589	0.000120560364574542	2
CSARAWTSGGELFF	0.000120560364574542	0	0	0.000120560364574542	1
CSARDIGYERSQYF	0.000120560364574542	0	0	0.000120560364574542	1
CSARDQQPGGYGYTF	0.000120560364574542	1.66733360010671e-05	0	0.000120560364574542	2
CSARDRVGLTEAFF	0.000120560364574542	0	0	0.000120560364574542	1
CSARGLGGTGELFF	0.000120560364574542	0	0	0.000120560364574542	1
CSARHGTGGENSPLHF	0.000120560364574542	0	9.07255778085237e-05	0.000120560364574542	2
CSARRGTTTYNEQFF	0.000120560364574542	0	0	0.000120560364574542	1
CSARRTSVSYEQYF	0.000120560364574542	0	0	0.000120560364574542	1
CSASGPLIEQYF	0.000120560364574542	0	0	0.000120560364574542	1
CSASISQSSYEQYF	0.000120560364574542	0	0	0.000120560364574542	1
CSATGASGGVINEQFF	0.000120560364574542	0	0	0.000120560364574542	1
CSAVSGGEYEQYF	0.000120560364574542	0	0	0.000120560364574542	1
CSVDLGGNEQYF	0.000120560364574542	0	0	0.000120560364574542	1
CSVEAVTNEKLFF	0.000120560364574542	0	0	0.000120560364574542	1
CSVGLAGRIFNEQFF	0.000120560364574542	0	0	0.000120560364574542	1
CSVKVMEGYTF	0.000120560364574542	0	0	0.000120560364574542	1
CACSRADIANQPQHF	0	0.00011671335200747	0	0.00011671335200747	1
CAIPERLGFYNEQFF	0	0.00011671335200747	0	0.00011671335200747	1
CAISALSIGGEQFF	0	0.00011671335200747	0	0.00011671335200747	1
CAISEARGTDTQYF	0	0.00011671335200747	0	0.00011671335200747	1
CAISSSNPRLAGFYEQYF	0	0.00011671335200747	0	0.00011671335200747	1
CAISVPRDYSGNTIYF	0	0.00011671335200747	0	0.00011671335200747	1
CASNNQGNSPLHF	0	0.00011671335200747	0	0.00011671335200747	1
CASQDRAGANVLTF	0	0.00011671335200747	0	0.00011671335200747	1
CASQTGLATNEKLFF	0	0.00011671335200747	0	0.00011671335200747	1
CASRGALTDTQYF	0	0.00011671335200747	0	0.00011671335200747	1
CASRLGETQYF	0	0.00011671335200747	0	0.00011671335200747	1
CASRTAANTEAFF	0	0.00011671335200747	5.67034861303273e-05	0.00011671335200747	2
CASSADSGNTIYF	0	0.00011671335200747	0	0.00011671335200747	1
CASSAGQGVTGELFF	9.6448291659634e-05	0.00011671335200747	0	0.00011671335200747	2
CASSFGGGDQPQHF	0	0.00011671335200747	0	0.00011671335200747	1
CASSHPGTGLDTQYF	0	0.00011671335200747	0	0.00011671335200747	1
CASSIGPGSIQPQHF	0	0.00011671335200747	0	0.00011671335200747	1
CASSLAVSGNTIYF	4.8224145829817e-05	0.00011671335200747	0	0.00011671335200747	2
CASSLDPNQPQHF	0	0.00011671335200747	0	0.00011671335200747	1
CASSLFPSDRNPYEQYF	0	0.00011671335200747	0	0.00011671335200747	1
CASSLGGSGSLNEQFF	0	0.00011671335200747	0	0.00011671335200747	1
CASSLGQGSGSGNTIYF	0	0.00011671335200747	0	0.00011671335200747	1
CASSLRTSGPYNEQFF	0	0.00011671335200747	0	0.00011671335200747	1
CASSLSGGSFNEQFF	0	0.00011671335200747	0	0.00011671335200747	1
CASSLSPSETQYF	2.41120729149085e-05	0.00011671335200747	0	0.00011671335200747	2
CASSLTAKAVQFF	0	0.00011671335200747	0	0.00011671335200747	1
CASSMGPGLPHF	0	0.00011671335200747	0	0.00011671335200747	1
CASSPAGETYNEQFF	0	0.00011671335200747	0.000102066275034589	0.00011671335200747	2
CASSPFLESYEQYF	7.23362187447255e-05	0.00011671335200747	1.13406972260655e-05	0.00011671335200747	3
CASSPGLAGPGEQYF	0	0.00011671335200747	3.40220916781964e-05	0.00011671335200747	2
CASSPGQLYGYTF	0	0.00011671335200747	0	0.00011671335200747	1
CASSPHRGRNQPQHF	0	0.00011671335200747	0	0.00011671335200747	1
CASSPTGSTRNYGYTF	0	0.00011671335200747	0	0.00011671335200747	1
CASSQALGLAGPVPTDTQYF	0	0.00011671335200747	0	0.00011671335200747	1
CASSQDGSTDTQYF	0	0.00011671335200747	0	0.00011671335200747	1
CASSQSGGRQPQHF	0	0.00011671335200747	0	0.00011671335200747	1
CASSRDNPEETQYF	9.6448291659634e-05	0.00011671335200747	0	0.00011671335200747	2
CASSRGGNEQYF	0	0.00011671335200747	0	0.00011671335200747	1
CASSRPPLEEQYF	0	0.00011671335200747	0	0.00011671335200747	1
CASSRQGVPRGYTF	0	0.00011671335200747	0	0.00011671335200747	1
CASSRTDAGSYNSPLHF	0	0.00011671335200747	0	0.00011671335200747	1
CASSRTSGGAGQYF	2.41120729149085e-05	0.00011671335200747	0	0.00011671335200747	2
CASSSLPGQGVGYTF	0	0.00011671335200747	0	0.00011671335200747	1
CASSVAGGAYNEQFF	0	0.00011671335200747	0	0.00011671335200747	1
CASSVEGQGLLKTQYF	0	0.00011671335200747	0	0.00011671335200747	1
CASSYRVFGYTF	0	0.00011671335200747	0	0.00011671335200747	1
CASSYSGAPYNEQFF	1.20560364574542e-05	0.00011671335200747	0	0.00011671335200747	2
CASSYWGYNEQFF	2.41120729149085e-05	0.00011671335200747	0	0.00011671335200747	2
CASSYYRGVPTEAFF	4.8224145829817e-05	0.00011671335200747	0	0.00011671335200747	2
CASTDGNQPQHF	0	0.00011671335200747	0	0.00011671335200747	1
CATSALPRGLAEETQYF	7.23362187447255e-05	0.00011671335200747	3.40220916781964e-05	0.00011671335200747	3
CATSDRTAYEQYF	0	0.00011671335200747	0	0.00011671335200747	1
CGTVGNGNTIYF	0	0.00011671335200747	0	0.00011671335200747	1
CSANTLGDSRNQPQHF	0	0.00011671335200747	0	0.00011671335200747	1
CSARRPVLSTDTQYF	0	0.00011671335200747	0	0.00011671335200747	1
CSASKGKADTIYF	0	0.00011671335200747	0	0.00011671335200747	1
CSASQPLSGRANTDTQYF	0	0.00011671335200747	0	0.00011671335200747	1
CAASQREGWEQYF	0	0	0.000113406972260655	0.000113406972260655	1
CAISAGGRARELFF	0	0	0.000113406972260655	0.000113406972260655	1
CAISDDMNTEAFF	0	0	0.000113406972260655	0.000113406972260655	1
CAISERGNSPLHF	0	0	0.000113406972260655	0.000113406972260655	1
CAISGGPGGSYEQYF	0	0	0.000113406972260655	0.000113406972260655	1
CAISGGPLGTQYF	0	0	0.000113406972260655	0.000113406972260655	1
CAISTGATNEKLFF	0	0	0.000113406972260655	0.000113406972260655	1
CAISVAPGGGTGELFF	0	0	0.000113406972260655	0.000113406972260655	1
CASGTGNTEAFF	0	0	0.000113406972260655	0.000113406972260655	1
CASHRGQGLKTQYF	0	0	0.000113406972260655	0.000113406972260655	1
CASIAGVAGANVLTF	0	0	0.000113406972260655	0.000113406972260655	1
CASILAGGTSYEQYF	0	0	0.000113406972260655	0.000113406972260655	1
CASKQIGVAGELFF	0	0	0.000113406972260655	0.000113406972260655	1
CASKVTSGYEQYF	7.23362187447255e-05	0	0.000113406972260655	0.000113406972260655	2
CASNQMISETQYF	0	0	0.000113406972260655	0.000113406972260655	1
CASRADRTNSPLHF	0	0	0.000113406972260655	0.000113406972260655	1
CASRETGIEQYF	0	0	0.000113406972260655	0.000113406972260655	1
CASRFGTSHTNEKLFF	0	0	0.000113406972260655	0.000113406972260655	1
CASRGMGAGAYEQYF	0	0	0.000113406972260655	0.000113406972260655	1
CASRGTGVAEKLFF	4.8224145829817e-05	0	0.000113406972260655	0.000113406972260655	2
CASRGTRSLEQYF	0	0	0.000113406972260655	0.000113406972260655	1
CASRLGTGGLFF	0	0	0.000113406972260655	0.000113406972260655	1
CASRMWDRTDTQYF	0	0	0.000113406972260655	0.000113406972260655	1
CASRPGQKNTEAFF	0	0	0.000113406972260655	0.000113406972260655	1
CASRQDYGYTF	0	0	0.000113406972260655	0.000113406972260655	1
CASRRDTNQPQHF	8.43922552021797e-05	0	0.000113406972260655	0.000113406972260655	2
CASRRSEKETQYF	0	0	0.000113406972260655	0.000113406972260655	1
CASRSGGHYGYTF	0	0	0.000113406972260655	0.000113406972260655	1
CASRSWGLEQFF	0	0	0.000113406972260655	0.000113406972260655	1
CASSAGPSNQPQHF	8.43922552021797e-05	0	0.000113406972260655	0.000113406972260655	2
CASSARDQNTGELFF	0	0	0.000113406972260655	0.000113406972260655	1
CASSDREGYGYTF	0	0	0.000113406972260655	0.000113406972260655	1
CASSELPSAYNEQFF	0	0	0.000113406972260655	0.000113406972260655	1
CASSEPQSRGYTF	0	0	0.000113406972260655	0.000113406972260655	1
CASSEYQGTTGQYF	0	0	0.000113406972260655	0.000113406972260655	1
CASSFEQTEQFF	0	0	0.000113406972260655	0.000113406972260655	1
CASSFKGGGRRDTQYF	0	0	0.000113406972260655	0.000113406972260655	1
CASSFLDLLVKTFDEQFF	0	0	0.000113406972260655	0.000113406972260655	1
CASSFPTAANYGYTF	0	0	0.000113406972260655	0.000113406972260655	1
CASSFSGWVEKLFF	0	0	0.000113406972260655	0.000113406972260655	1
CASSHARPLGGRVETQYF	0	0	0.000113406972260655	0.000113406972260655	1
CASSHGLAGVTGELFF	0	0	0.000113406972260655	0.000113406972260655	1
CASSIAGGSYNEQFF	0	0	0.000113406972260655	0.000113406972260655	1
CASSIEPSGGELFF	0	0	0.000113406972260655	0.000113406972260655	1
CASSIGPRSRTVRGYSNQPQHF	0	0	0.000113406972260655	0.000113406972260655	1
CASSITGHGDYYEQYF	0	0	0.000113406972260655	0.000113406972260655	1
CASSIWGRAHEQFF	2.41120729149085e-05	0	0.000113406972260655	0.000113406972260655	2
CASSKPASGSKWNTGELFF	0	0	0.000113406972260655	0.000113406972260655	1
CASSKQGVRHYGYTF	0	0	0.000113406972260655	0.000113406972260655	1
CASSKTGTSNEQFF	0	0	0.000113406972260655	0.000113406972260655	1
CASSLATGVSTEAFF	0	0	0.000113406972260655	0.000113406972260655	1
CASSLDTGLVDTQYF	0	0	0.000113406972260655	0.000113406972260655	1
CASSLEPYSGETQYF	0	0	0.000113406972260655	0.000113406972260655	1
CASSLEYEQYF	0	0	0.000113406972260655	0.000113406972260655	1
CASSLFRSDRASYEQYF	1.20560364574542e-05	0	0.000113406972260655	0.000113406972260655	2
CASSLGGDYNEQFF	0	0	0.000113406972260655	0.000113406972260655	1
CASSLGTGTYEQYF	0	0	0.000113406972260655	0.000113406972260655	1
CASSLIAGESQTQYF	0	0	0.000113406972260655	0.000113406972260655	1
CASSLIGRMNTEAFF	0	0	0.000113406972260655	0.000113406972260655	1
CASSLLGDYEQYF	0	0	0.000113406972260655	0.000113406972260655	1
CASSLLGVETQYF	0	0	0.000113406972260655	0.000113406972260655	1
CASSLQGQGETGGYTF	0	0	0.000113406972260655	0.000113406972260655	1
CASSLRGAGSPLHF	0	0	0.000113406972260655	0.000113406972260655	1
CASSLRGLLGAKETQYF	9.6448291659634e-05	0	0.000113406972260655	0.000113406972260655	2
CASSLRPRYYEQYF	0	0	0.000113406972260655	0.000113406972260655	1
CASSLRYQPQHF	0	0	0.000113406972260655	0.000113406972260655	1
CASSLSASSYNSPLHF	0	0	0.000113406972260655	0.000113406972260655	1
CASSLVARGGPWETQYF	0	0	0.000113406972260655	0.000113406972260655	1
CASSMDRLSTQQYF	0	0	0.000113406972260655	0.000113406972260655	1
CASSNISGRNIQYF	0	0	0.000113406972260655	0.000113406972260655	1
CASSPDSGWSTDTQYF	2.41120729149085e-05	0	0.000113406972260655	0.000113406972260655	2
CASSPDSKGEQFF	0	0	0.000113406972260655	0.000113406972260655	1
CASSPEAMNYGYTF	0	0	0.000113406972260655	0.000113406972260655	1
CASSPFGQGWNTGELFF	0	0	0.000113406972260655	0.000113406972260655	1
CASSPGAYSNQPQHF	0	0	0.000113406972260655	0.000113406972260655	1
CASSPGLAGELFF	0	0	0.000113406972260655	0.000113406972260655	1
CASSPLALGNTIYF	6.02801822872712e-05	0	0.000113406972260655	0.000113406972260655	2
CASSPPRKSLSYEQYF	0	0	0.000113406972260655	0.000113406972260655	1
CASSPQGFFAGYTF	0	0	0.000113406972260655	0.000113406972260655	1
CASSPQGRETQYF	0	0	0.000113406972260655	0.000113406972260655	1
CASSPRDSYEQYF	0	0	0.000113406972260655	0.000113406972260655	1
CASSPREEVLFDGYTF	0	0	0.000113406972260655	0.000113406972260655	1
CASSPRERGNTIYF	0	0	0.000113406972260655	0.000113406972260655	1
CASSPRSADTQYF	0	0	0.000113406972260655	0.000113406972260655	1
CASSPTGFVYGYTF	0	0	0.000113406972260655	0.000113406972260655	1
CASSPTGQGSSGYTF	0	0	0.000113406972260655	0.000113406972260655	1
CASSPYPQVYEQYF	0	0	0.000113406972260655	0.000113406972260655	1
CASSQAGGRSPLHF	0	0	0.000113406972260655	0.000113406972260655	1
CASSQDGQPYNEQFF	0	0	0.000113406972260655	0.000113406972260655	1
CASSQDLAGSQYF	0	0	0.000113406972260655	0.000113406972260655	1
CASSQDLHHEQFF	3.61681093723627e-05	0	0.000113406972260655	0.000113406972260655	2
CASSQDRAGGGEQFF	0	0	0.000113406972260655	0.000113406972260655	1
CASSQDRPNTEAFF	0	0	0.000113406972260655	0.000113406972260655	1
CASSQDSGNGETQYF	0	0	0.000113406972260655	0.000113406972260655	1
CASSQELLPGLAGGFTDTQYF	0	0	0.000113406972260655	0.000113406972260655	1
CASSQETGSPYNEQFF	0	0	0.000113406972260655	0.000113406972260655	1
CASSQGLERVNTGELFF	0	0	0.000113406972260655	0.000113406972260655	1
CASSQGPRGNTEAFF	0	0	0.000113406972260655	0.000113406972260655	1
CASSQGQGREGDNEQYF	0	0	0.000113406972260655	0.000113406972260655	1
CASSQTLGSMNTEAFF	0	0	0.000113406972260655	0.000113406972260655	1
CASSRQAPTDTQYF	0	0	0.000113406972260655	0.000113406972260655	1
CASSRTGRYSNQPQHF	0	0	0.000113406972260655	0.000113406972260655	1
CASSSDIHSYEQYF	0	0	0.000113406972260655	0.000113406972260655	1
CASSSFTGTGESGYTF	0	0	0.000113406972260655	0.000113406972260655	1
CASSSGLAGGDIQYF	0	0	0.000113406972260655	0.000113406972260655	1
CASSSRDRGAHRNTEAFF	0	0	0.000113406972260655	0.000113406972260655	1
CASSSRRTVEGSSYEQYF	0	0	0.000113406972260655	0.000113406972260655	1
CASSTQQGSYNEQFF	0	0	0.000113406972260655	0.000113406972260655	1
CASSVQGWTEAFF	0	0	0.000113406972260655	0.000113406972260655	1
CASSYASGRLNTEAFF	0	0	0.000113406972260655	0.000113406972260655	1
CASSYGGNQPQHF	0	0	0.000113406972260655	0.000113406972260655	1
CASSYLGTPSTPQHF	0	0	0.000113406972260655	0.000113406972260655	1
CASSYRPGFNSPLHF	1.20560364574542e-05	0	0.000113406972260655	0.000113406972260655	2
CASSYRRDYNSPLHF	0	0	0.000113406972260655	0.000113406972260655	1
CASSYRRMGSDEQYF	0	0	0.000113406972260655	0.000113406972260655	1
CASSYRTGSNEQFF	4.8224145829817e-05	0	0.000113406972260655	0.000113406972260655	2
CASSYSTGSYNEQFF	0	0	0.000113406972260655	0.000113406972260655	1
CASSYSTYEQYF	0	0	0.000113406972260655	0.000113406972260655	1
CASSYWDSNSPLHF	0	0	0.000113406972260655	0.000113406972260655	1
CASTRPGGGYGYTF	0	0	0.000113406972260655	0.000113406972260655	1
CASTTVADPTDTQYF	2.41120729149085e-05	0	0.000113406972260655	0.000113406972260655	2
CATAGTGGYNEQFF	0	0	0.000113406972260655	0.000113406972260655	1
CATRNTANTGELFF	0	0	0.000113406972260655	0.000113406972260655	1
CATSDSSLADLYKTQYF	6.02801822872712e-05	0	0.000113406972260655	0.000113406972260655	2
CATSRDQDTQYF	0	0	0.000113406972260655	0.000113406972260655	1
CATTVNYGYTF	0	0	0.000113406972260655	0.000113406972260655	1
CAWSALSGGYGYTF	8.43922552021797e-05	0	0.000113406972260655	0.000113406972260655	2
CAWSVAGTGELFF	0	0	0.000113406972260655	0.000113406972260655	1
CSAALRTGNSEQYF	9.6448291659634e-05	0	0.000113406972260655	0.000113406972260655	2
CSADSSGSYEQYF	0	0	0.000113406972260655	0.000113406972260655	1
CSAELGGTHEKLFF	0	0	0.000113406972260655	0.000113406972260655	1
CSAGIGTTNTEAFF	0	0	0.000113406972260655	0.000113406972260655	1
CSAIGGTYQETQYF	0	0	0.000113406972260655	0.000113406972260655	1
CSAQDRAWSYEQYF	0	0	0.000113406972260655	0.000113406972260655	1
CSARAGGSYNSPLHF	0	0	0.000113406972260655	0.000113406972260655	1
CSARDLADRGDGGYTF	0	0	0.000113406972260655	0.000113406972260655	1
CSARDQVTVYEQYF	0	0	0.000113406972260655	0.000113406972260655	1
CSARDWADNTGELFF	0	0	0.000113406972260655	0.000113406972260655	1
CSARLDLNAGTQYF	0	0	0.000113406972260655	0.000113406972260655	1
CSARPRPLNEQFF	0	0	0.000113406972260655	0.000113406972260655	1
CSARSSGGRAGETQYF	0	0	0.000113406972260655	0.000113406972260655	1
CSARVGLAYEQYF	0	0	0.000113406972260655	0.000113406972260655	1
CSARVVLGYGGYTF	0	0	0.000113406972260655	0.000113406972260655	1
CSASGLLGQKLIQETQYF	0	0	0.000113406972260655	0.000113406972260655	1
CSASHLLPLSGGSYEQYF	0	0	0.000113406972260655	0.000113406972260655	1
CSASMTGSGNTIYF	4.8224145829817e-05	0	0.000113406972260655	0.000113406972260655	2
CSASPSGRTETQYF	0	0	0.000113406972260655	0.000113406972260655	1
CSASPTSSISYEQYF	8.43922552021797e-05	0	0.000113406972260655	0.000113406972260655	2
CSASQGLSQETQYF	0	0	0.000113406972260655	0.000113406972260655	1
CSASRLAGINYEQYF	0	0	0.000113406972260655	0.000113406972260655	1
CSATLLAYEQYF	0	0	0.000113406972260655	0.000113406972260655	1
CSATLPSYEQYF	0	0	0.000113406972260655	0.000113406972260655	1
CSATSGRGETQYF	0	0	0.000113406972260655	0.000113406972260655	1
CSVARRLDFPPGTDTQYF	0	0	0.000113406972260655	0.000113406972260655	1
CSVEGQGHQPQHF	0	0	0.000113406972260655	0.000113406972260655	1
CSVEKLAANEQFF	0	0	0.000113406972260655	0.000113406972260655	1
CSVGRRGDEQYF	0	0	0.000113406972260655	0.000113406972260655	1
CTSSVGGEAFF	0	0	0.000113406972260655	0.000113406972260655	1
CAIAGTSGSNTGELFF	0.000108504328117088	0	0	0.000108504328117088	1
CAINPGQSYEQYF	0.000108504328117088	0	0	0.000108504328117088	1
CAISAPGTVSYEQYF	0.000108504328117088	0	0	0.000108504328117088	1
CAISESNREVEQFF	0.000108504328117088	0	0	0.000108504328117088	1
CAISIEQERQPQHF	0.000108504328117088	0	0	0.000108504328117088	1
CAISPSRLNTIYF	0.000108504328117088	0	0	0.000108504328117088	1
CAITPGLQPQETQYF	0.000108504328117088	0	0	0.000108504328117088	1
CASFWGRAYEQYF	0.000108504328117088	0	0	0.000108504328117088	1
CASGLDFPSNEKLFF	0.000108504328117088	0	0	0.000108504328117088	1
CASGLVTGGITF	0.000108504328117088	0	0	0.000108504328117088	1
CASGLVWETGGGETQYF	0.000108504328117088	0	0	0.000108504328117088	1
CASGRGVGVYEQYF	0.000108504328117088	0	0	0.000108504328117088	1
CASGTSGSPYEQYF	0.000108504328117088	0	0	0.000108504328117088	1
CASIGGGMRYGYTF	0.000108504328117088	0	0	0.000108504328117088	1
CASLGTSGNPNEQFF	0.000108504328117088	0	0	0.000108504328117088	1
CASNGRNTGELFF	0.000108504328117088	0	0	0.000108504328117088	1
CASRDREGGSYEQYF	0.000108504328117088	0	0	0.000108504328117088	1
CASRLAEAYYEQYF	0.000108504328117088	0	0	0.000108504328117088	1
CASRLTGGDRVYF	0.000108504328117088	0	2.26813944521309e-05	0.000108504328117088	2
CASRPPGSPNYGYTF	0.000108504328117088	0	0	0.000108504328117088	1
CASRPTGGQNEQYF	0.000108504328117088	0	0	0.000108504328117088	1
CASRRGQTEAFF	0.000108504328117088	0	0	0.000108504328117088	1
CASRSPQGGGGGYTF	0.000108504328117088	0	4.53627889042618e-05	0.000108504328117088	2
CASRTPNEKLFF	0.000108504328117088	0	0	0.000108504328117088	1
CASSADRATLEGEKLFF	0.000108504328117088	0	0	0.000108504328117088	1
CASSAGTSNEQFF	0.000108504328117088	0	0	0.000108504328117088	1
CASSAPRRDGNQETQYF	0.000108504328117088	0	0	0.000108504328117088	1
CASSEHSGPASYGQYF	0.000108504328117088	0	0	0.000108504328117088	1
CASSERSRQGRYEQYF	0.000108504328117088	0	0	0.000108504328117088	1
CASSEVGRNQPQHF	0.000108504328117088	0	0	0.000108504328117088	1
CASSFPPVNEQFF	0.000108504328117088	0	0	0.000108504328117088	1
CASSGAGSTEAFF	0.000108504328117088	0	0	0.000108504328117088	1
CASSHATGTYANTEAFF	0.000108504328117088	0	0	0.000108504328117088	1
CASSHEGKRNTGELFF	0.000108504328117088	0	0	0.000108504328117088	1
CASSIGTGTGELFF	0.000108504328117088	0	0	0.000108504328117088	1
CASSLAGQGSYEQYF	0.000108504328117088	0	0	0.000108504328117088	1
CASSLAWGGTVTGELFF	0.000108504328117088	0	0	0.000108504328117088	1
CASSLDSSEDEKLFF	0.000108504328117088	0	0	0.000108504328117088	1
CASSLEFQGTYNEQFF	0.000108504328117088	0	0	0.000108504328117088	1
CASSLEGLSGREQYF	0.000108504328117088	0	0	0.000108504328117088	1
CASSLFQETEAFF	0.000108504328117088	0	0	0.000108504328117088	1
CASSLGGRSGNTIYF	0.000108504328117088	0	0	0.000108504328117088	1
CASSLGLAGIYEQYF	0.000108504328117088	0	0	0.000108504328117088	1
CASSLGLAQYNEQFF	0.000108504328117088	0	0	0.000108504328117088	1
CASSLGLGGLGETQYF	0.000108504328117088	0	0	0.000108504328117088	1
CASSLGLPNEQFF	0.000108504328117088	0	6.80441833563927e-05	0.000108504328117088	2
CASSLGTVAGEEQYF	0.000108504328117088	0	2.26813944521309e-05	0.000108504328117088	2
CASSLHGGTSGSYEQYF	0.000108504328117088	0	0	0.000108504328117088	1
CASSLQGPNTEAFF	0.000108504328117088	0	0	0.000108504328117088	1
CASSLRDTGELFF	0.000108504328117088	0	0	0.000108504328117088	1
CASSLSGGRPYEQYF	0.000108504328117088	0	0	0.000108504328117088	1
CASSLSWRTAALANYGYTF	0.000108504328117088	0	0	0.000108504328117088	1
CASSLTGQGTYEQYF	0.000108504328117088	0	0	0.000108504328117088	1
CASSLTSGGASSYNEQFF	0.000108504328117088	0	0	0.000108504328117088	1
CASSLYGGVSSYEQYF	0.000108504328117088	0	0	0.000108504328117088	1
CASSNPLLDGELFF	0.000108504328117088	0	0	0.000108504328117088	1
CASSNQVAGYYGYTF	0.000108504328117088	0	0	0.000108504328117088	1
CASSPAGGSGNQPQHF	0.000108504328117088	3.33466720021342e-05	0	0.000108504328117088	2
CASSPASGTDYEQYF	0.000108504328117088	0	0	0.000108504328117088	1
CASSPDGSGNTIYF	0.000108504328117088	0	0	0.000108504328117088	1
CASSPFGVANTGELFF	0.000108504328117088	0	0	0.000108504328117088	1
CASSPGDAYEQYF	0.000108504328117088	0	0	0.000108504328117088	1
CASSPGGSNTGELFF	0.000108504328117088	0	0	0.000108504328117088	1
CASSPGLAGVTDTQYF	0.000108504328117088	0	0	0.000108504328117088	1
CASSPGLRNEQFF	0.000108504328117088	0	0	0.000108504328117088	1
CASSPGQGALGYTF	0.000108504328117088	0	0	0.000108504328117088	1
CASSPGTMGNEKLFF	0.000108504328117088	0	0	0.000108504328117088	1
CASSPGVGANVLTF	0.000108504328117088	0	0	0.000108504328117088	1
CASSPGYFEGDTQYF	0.000108504328117088	0	0	0.000108504328117088	1
CASSPIGGGRGANVLTF	0.000108504328117088	0	0	0.000108504328117088	1
CASSPLPSGRVYEQYF	0.000108504328117088	0	0	0.000108504328117088	1
CASSPPAGGYNEQFF	0.000108504328117088	0	0	0.000108504328117088	1
CASSPRGETQYF	0.000108504328117088	0	0	0.000108504328117088	1
CASSPRMGGYGYTF	0.000108504328117088	0	0	0.000108504328117088	1
CASSPRRDTGELFF	0.000108504328117088	0	0	0.000108504328117088	1
CASSPSTGGTEAFF	0.000108504328117088	0	0	0.000108504328117088	1
CASSPYRTYEQYF	0.000108504328117088	0	0	0.000108504328117088	1
CASSQDLRRQPQHF	0.000108504328117088	0	0	0.000108504328117088	1
CASSQDLSLTYEQYF	0.000108504328117088	0	0	0.000108504328117088	1
CASSQDLVAGGVGELFF	0.000108504328117088	0	0	0.000108504328117088	1
CASSQDPRSSGGNQPQHF	0.000108504328117088	0	0	0.000108504328117088	1
CASSQDSTWTGEQYF	0.000108504328117088	0	0	0.000108504328117088	1
CASSQDWAAEQEQFF	0.000108504328117088	0	0	0.000108504328117088	1
CASSQERREQYF	0.000108504328117088	0	0	0.000108504328117088	1
CASSQGAYEQYF	0.000108504328117088	0	0	0.000108504328117088	1
CASSQGGQGGYNEQFF	0.000108504328117088	0	0	0.000108504328117088	1
CASSQTGWRETQYF	0.000108504328117088	0	0	0.000108504328117088	1
CASSQVDMGLVNEQFF	0.000108504328117088	0	0	0.000108504328117088	1
CASSRAGVQETQYF	0.000108504328117088	0	0	0.000108504328117088	1
CASSRALNEKLFF	0.000108504328117088	0	0	0.000108504328117088	1
CASSRGFRIDGYTF	0.000108504328117088	0	0	0.000108504328117088	1
CASSRIGQGMEQFF	0.000108504328117088	0	0	0.000108504328117088	1
CASSRVRTRAYEQYF	0.000108504328117088	0	0	0.000108504328117088	1
CASSSDGYGYTF	0.000108504328117088	0	0	0.000108504328117088	1
CASSSGGVGYTF	0.000108504328117088	0	0	0.000108504328117088	1
CASSSLQAGEKLFF	0.000108504328117088	0	0	0.000108504328117088	1
CASSSRQGSTEAFF	0.000108504328117088	0	0	0.000108504328117088	1
CASSSSAGPYNEQFF	0.000108504328117088	0	0.000102066275034589	0.000108504328117088	2
CASSSSDRKYYEQYF	0.000108504328117088	0	0	0.000108504328117088	1
CASSSYRGGNTEAFF	0.000108504328117088	0	0	0.000108504328117088	1
CASSTAGTSLRYEQYF	0.000108504328117088	0	3.40220916781964e-05	0.000108504328117088	2
CASSTGHNTGELFF	0.000108504328117088	0	0	0.000108504328117088	1
CASSVLAGAPNEQFF	0.000108504328117088	0	0	0.000108504328117088	1
CASSVTQGAAYEQYF	0.000108504328117088	0	0	0.000108504328117088	1
CASSWGTGELFF	0.000108504328117088	3.33466720021342e-05	0	0.000108504328117088	2
CASSWVGGELFF	0.000108504328117088	0	0	0.000108504328117088	1
CASSYPGTNQPQHF	0.000108504328117088	0	2.26813944521309e-05	0.000108504328117088	2
CASSYRALAGGASYEQYF	0.000108504328117088	0	0	0.000108504328117088	1
CASSYRQAHYGYTF	0.000108504328117088	0	0	0.000108504328117088	1
CASSYSKWNYGYTF	0.000108504328117088	0	0	0.000108504328117088	1
CASSYSRGMGYEQYF	0.000108504328117088	0	0	0.000108504328117088	1
CASTEGMKGQPQHF	0.000108504328117088	0	0.000102066275034589	0.000108504328117088	2
CATRGRTNTEAFF	0.000108504328117088	0	0	0.000108504328117088	1
CATSREKSGYSGRASYNEQFF	0.000108504328117088	0	0	0.000108504328117088	1
CATSRGAGGRREQFF	0.000108504328117088	0	0	0.000108504328117088	1
CSAAGPSTDTQYF	0.000108504328117088	0	0	0.000108504328117088	1
CSAATGGAGQPQHF	0.000108504328117088	0	0	0.000108504328117088	1
CSAFAGGLNYGYTF	0.000108504328117088	0	0	0.000108504328117088	1
CSAHARGRLDVNEQFF	0.000108504328117088	0	0	0.000108504328117088	1
CSAQSGDSPTYEQYF	0.000108504328117088	0	0	0.000108504328117088	1
CSARDLEGISYEQYF	0.000108504328117088	0	6.80441833563927e-05	0.000108504328117088	2
CSARDSSGTGSRKLFF	0.000108504328117088	0	0	0.000108504328117088	1
CSARDSYYEQYF	0.000108504328117088	0	0	0.000108504328117088	1
CSARGPGTSGGVVNEQFF	0.000108504328117088	0	0	0.000108504328117088	1
CSARGPRDNNYGYTF	0.000108504328117088	0	0	0.000108504328117088	1
CSARGRLAPTYEQYF	0.000108504328117088	0	0	0.000108504328117088	1
CSARGTSGPYEQYF	0.000108504328117088	0	0	0.000108504328117088	1
CSARKTSAGELFF	0.000108504328117088	0	0	0.000108504328117088	1
CSASEGLAESHYEQYF	0.000108504328117088	0	0	0.000108504328117088	1
CSASPGNQPQHF	0.000108504328117088	0	0	0.000108504328117088	1
CSATGGSYEQYF	0.000108504328117088	0	0	0.000108504328117088	1
CSATHRDRNTGELFF	0.000108504328117088	0	0	0.000108504328117088	1
CSATIGAAYEQYF	0.000108504328117088	0	0	0.000108504328117088	1
CSATRQGSYGYTF	0.000108504328117088	0	0	0.000108504328117088	1
CSTATPNYGYTF	0.000108504328117088	0	0	0.000108504328117088	1
CSVDGGDSTDTQYF	0.000108504328117088	0	0	0.000108504328117088	1
CSVEVSSSGSGNEQFF	0.000108504328117088	0	0	0.000108504328117088	1
CSVKFGVSRNEKLFF	0.000108504328117088	0	0	0.000108504328117088	1
CSVTSGSREQYF	0.000108504328117088	0	0	0.000108504328117088	1
YASGPGTYGYTF	0.000108504328117088	0	0	0.000108504328117088	1
CAIFLRNTGELFF	0	0	0.000102066275034589	0.000102066275034589	1
CAIRRTGSSYEQYF	0	0	0.000102066275034589	0.000102066275034589	1
CAIRSQEEQYF	0	0	0.000102066275034589	0.000102066275034589	1
CAIRTSGRSSTDTQYF	0	0	0.000102066275034589	0.000102066275034589	1
CAISALEREGYTF	0	0	0.000102066275034589	0.000102066275034589	1
CAISGGGHLNTEAFF	0	0	0.000102066275034589	0.000102066275034589	1
CAISGGTSGYNEQFF	0	0	0.000102066275034589	0.000102066275034589	1
CAISGVGGLNSPLHF	0	0	0.000102066275034589	0.000102066275034589	1
CAISIGTNEKLFF	0	0	0.000102066275034589	0.000102066275034589	1
CANQRLVPLYNEQFF	0	0	0.000102066275034589	0.000102066275034589	1
CASAQGRGYEQYF	0	0	0.000102066275034589	0.000102066275034589	1
CASARDAKETQYF	0	0	0.000102066275034589	0.000102066275034589	1
CASELTGQETQYF	0	0	0.000102066275034589	0.000102066275034589	1
CASGFTRGGNEQFF	0	0	0.000102066275034589	0.000102066275034589	1
CASKTGLSNQPQHF	0	0	0.000102066275034589	0.000102066275034589	1
CASMTSDKLYEQYF	0	0	0.000102066275034589	0.000102066275034589	1
CASNIAGTPGEQYF	0	0	0.000102066275034589	0.000102066275034589	1
CASRHESRYEQYF	0	0	0.000102066275034589	0.000102066275034589	1
CASRLDQSSYEQYF	0	0	0.000102066275034589	0.000102066275034589	1
CASRLVGEQYF	0	0	0.000102066275034589	0.000102066275034589	1
CASRNNTGELFF	0	0	0.000102066275034589	0.000102066275034589	1
CASRRGASYEQYF	0	0	0.000102066275034589	0.000102066275034589	1
CASRRRFSGNTIYF	0	0	0.000102066275034589	0.000102066275034589	1
CASRSGQPNTEAFF	0	0	0.000102066275034589	0.000102066275034589	1
CASRTGGIRYEQYF	0	0	0.000102066275034589	0.000102066275034589	1
CASSADPSIRNEQFF	0	0	0.000102066275034589	0.000102066275034589	1
CASSAGQPHSYF	0	0	0.000102066275034589	0.000102066275034589	1
CASSAPTGGYTF	0	0	0.000102066275034589	0.000102066275034589	1
CASSDFGLAGDEQYF	0	0	0.000102066275034589	0.000102066275034589	1
CASSDIGPPEKLFF	0	0	0.000102066275034589	0.000102066275034589	1
CASSDSSGQETQYF	0	0	0.000102066275034589	0.000102066275034589	1
CASSEGLAGGSNTGELFF	0	0	0.000102066275034589	0.000102066275034589	1
CASSEGTSGSYEQFF	0	0	0.000102066275034589	0.000102066275034589	1
CASSEQDSLLAKNIQYF	0	0	0.000102066275034589	0.000102066275034589	1
CASSERYNEQFF	0	0	0.000102066275034589	0.000102066275034589	1
CASSEVEGRGNYGYTF	0	0	0.000102066275034589	0.000102066275034589	1
CASSEVPQGHYEQYF	0	0	0.000102066275034589	0.000102066275034589	1
CASSFDWGLEKLFF	0	0	0.000102066275034589	0.000102066275034589	1
CASSFKSRGGYTF	0	0	0.000102066275034589	0.000102066275034589	1
CASSFRATAGLHNEQFF	0	0	0.000102066275034589	0.000102066275034589	1
CASSFREKLFF	0	0	0.000102066275034589	0.000102066275034589	1
CASSFSGALQTQYF	1.20560364574542e-05	0	0.000102066275034589	0.000102066275034589	2
CASSFTPLSGRRYEQYF	0	0	0.000102066275034589	0.000102066275034589	1
CASSGESLGYGYTF	0	0	0.000102066275034589	0.000102066275034589	1
CASSGGISTDTQYF	0	0	0.000102066275034589	0.000102066275034589	1
CASSHATRGYTF	0	0	0.000102066275034589	0.000102066275034589	1
CASSHQLLGQGDYEQYF	0	0	0.000102066275034589	0.000102066275034589	1
CASSIAGATSEQYF	0	0	0.000102066275034589	0.000102066275034589	1
CASSIGGGLANEKLFF	0	0	0.000102066275034589	0.000102066275034589	1
CASSILAGVYEQYF	0	0	0.000102066275034589	0.000102066275034589	1
CASSISGRAGYEQYF	0	0	0.000102066275034589	0.000102066275034589	1
CASSLAGPFNTEAFF	2.41120729149085e-05	0	0.000102066275034589	0.000102066275034589	2
CASSLALGEQFF	0	5.00200080032013e-05	0.000102066275034589	0.000102066275034589	2
CASSLALGPGSKNEQFF	0	0	0.000102066275034589	0.000102066275034589	1
CASSLDLLGETQYF	0	0	0.000102066275034589	0.000102066275034589	1
CASSLEGLAGSEQFF	0	0	0.000102066275034589	0.000102066275034589	1
CASSLFGSNTGELFF	0	0	0.000102066275034589	0.000102066275034589	1
CASSLGETDTQYF	0	3.33466720021342e-05	0.000102066275034589	0.000102066275034589	2
CASSLGGGQGQETQYF	0	0	0.000102066275034589	0.000102066275034589	1
CASSLGGLNTEAFF	0	0	0.000102066275034589	0.000102066275034589	1
CASSLGQITGELFF	0	0	0.000102066275034589	0.000102066275034589	1
CASSLGTKSTDTQYF	0	0	0.000102066275034589	0.000102066275034589	1
CASSLRSGRPFKTEAFF	0	0	0.000102066275034589	0.000102066275034589	1
CASSLSGRGTGELFF	0	0	0.000102066275034589	0.000102066275034589	1
CASSLTLAPYNEQFF	0	0	0.000102066275034589	0.000102066275034589	1
CASSLTQGPTSSSYEQYF	0	0	0.000102066275034589	0.000102066275034589	1
CASSLVASPNEQYF	1.20560364574542e-05	1.66733360010671e-05	0.000102066275034589	0.000102066275034589	3
CASSLVMGDTEAFF	0	0	0.000102066275034589	0.000102066275034589	1
CASSLYHLASYNEQFF	0	0	0.000102066275034589	0.000102066275034589	1
CASSMTGGVYGYTF	0	0	0.000102066275034589	0.000102066275034589	1
CASSPGTVLNTEAFF	0	0	0.000102066275034589	0.000102066275034589	1
CASSPLAGGYNEQFF	0	0	0.000102066275034589	0.000102066275034589	1
CASSPLRTGRIMETQYF	0	0	0.000102066275034589	0.000102066275034589	1
CASSPPAGAKNIQYF	0	0	0.000102066275034589	0.000102066275034589	1
CASSPQIAGVNEQFF	0	0	0.000102066275034589	0.000102066275034589	1
CASSPRGEESYNSPLHF	9.6448291659634e-05	0	0.000102066275034589	0.000102066275034589	2
CASSPRSGSSEQYF	6.02801822872712e-05	0	0.000102066275034589	0.000102066275034589	2
CASSPRTSGTYEQYF	0	0	0.000102066275034589	0.000102066275034589	1
CASSPSSPGRSSADTQYF	0	0	0.000102066275034589	0.000102066275034589	1
CASSPWGEGQETQYF	0	0	0.000102066275034589	0.000102066275034589	1
CASSQAEGEQFF	0	0	0.000102066275034589	0.000102066275034589	1
CASSQAHSGEEAFF	2.41120729149085e-05	0	0.000102066275034589	0.000102066275034589	2
CASSQDLAGPYNEQFF	0	0	0.000102066275034589	0.000102066275034589	1
CASSQDRRYEQYF	0	0	0.000102066275034589	0.000102066275034589	1
CASSQELAVQETQYF	0	0	0.000102066275034589	0.000102066275034589	1
CASSQEVGRVASPLHF	3.61681093723627e-05	0	0.000102066275034589	0.000102066275034589	2
CASSQGMADTQYF	0	0	0.000102066275034589	0.000102066275034589	1
CASSQGNPYGYTF	0	0	0.000102066275034589	0.000102066275034589	1
CASSQGRVAGSVQETQYF	0	0	0.000102066275034589	0.000102066275034589	1
CASSQVEERTYYNEQFF	0	0	0.000102066275034589	0.000102066275034589	1
CASSQVPGHEQYF	0	0	0.000102066275034589	0.000102066275034589	1
CASSRAGGGSFYNEQFF	0	0	0.000102066275034589	0.000102066275034589	1
CASSRGTATDTQYF	0	0	0.000102066275034589	0.000102066275034589	1
CASSRILATNEKLFF	0	0	0.000102066275034589	0.000102066275034589	1
CASSRKHEQYF	0	0	0.000102066275034589	0.000102066275034589	1
CASSRLITLAGHTGELFF	0	0	0.000102066275034589	0.000102066275034589	1
CASSRTKRATTYEQYF	0	0	0.000102066275034589	0.000102066275034589	1
CASSSGQAYPNQPQHF	0	0	0.000102066275034589	0.000102066275034589	1
CASSSGTSPGTGELFF	0	0	0.000102066275034589	0.000102066275034589	1
CASSSGYGNQPQHF	0	0	0.000102066275034589	0.000102066275034589	1
CASSSLGDSLEQYF	0	0	0.000102066275034589	0.000102066275034589	1
CASSSLTGIYEQYF	0	0	0.000102066275034589	0.000102066275034589	1
CASSSLVGEQYF	0	0	0.000102066275034589	0.000102066275034589	1
CASSSRNRGPYEQYF	6.02801822872712e-05	0	0.000102066275034589	0.000102066275034589	2
CASSSSFETQYF	0	0	0.000102066275034589	0.000102066275034589	1
CASSTDRNSPLHF	0	0	0.000102066275034589	0.000102066275034589	1
CASSVDGYEQYF	0	0	0.000102066275034589	0.000102066275034589	1
CASSVSGAGYTF	0	0	0.000102066275034589	0.000102066275034589	1
CASSVTEGYQPQHF	0	0	0.000102066275034589	0.000102066275034589	1
CASSVTSGRSEQYF	0	0	0.000102066275034589	0.000102066275034589	1
CASSWDNLYEQYF	0	0	0.000102066275034589	0.000102066275034589	1
CASSWGFTEAFF	0	0	0.000102066275034589	0.000102066275034589	1
CASSWRASGSDTQYF	0	0	0.000102066275034589	0.000102066275034589	1
CASSYAGGPSYEQYF	0	0	0.000102066275034589	0.000102066275034589	1
CASSYFRNTGELFF	0	0	0.000102066275034589	0.000102066275034589	1
CASSYGAGRETQYF	0	0	0.000102066275034589	0.000102066275034589	1
CASSYGTSGFEQYF	0	0	0.000102066275034589	0.000102066275034589	1
CASSYIPRGGNSPLHF	0	0	0.000102066275034589	0.000102066275034589	1
CASSYRQGVIETQYF	0	0	0.000102066275034589	0.000102066275034589	1
CASSYRSNEQYF	0	0	0.000102066275034589	0.000102066275034589	1
CASSYSMDRTYEQYF	0	0	0.000102066275034589	0.000102066275034589	1
CASSYTPAGSSYNEQFF	4.8224145829817e-05	0	0.000102066275034589	0.000102066275034589	2
CASSYVGVGYTF	2.41120729149085e-05	0	0.000102066275034589	0.000102066275034589	2
CASSYYGHRSSLYSNQPQHF	0	0	0.000102066275034589	0.000102066275034589	1
CASTGYEQYF	0	0	0.000102066275034589	0.000102066275034589	1
CASTRAGEGYTF	0	0	0.000102066275034589	0.000102066275034589	1
CASTTWTVYNSPLHF	8.43922552021797e-05	0	0.000102066275034589	0.000102066275034589	2
CATRAREWYGYTF	0	0	0.000102066275034589	0.000102066275034589	1
CATSDAYGYTF	0	0	0.000102066275034589	0.000102066275034589	1
CATSDGQNVANVLTF	6.02801822872712e-05	0	0.000102066275034589	0.000102066275034589	2
CATSRDPHSTDTQYF	0	0	0.000102066275034589	0.000102066275034589	1
CATSRDQSEQYF	0	0	0.000102066275034589	0.000102066275034589	1
CAWREYEQYF	8.43922552021797e-05	0	0.000102066275034589	0.000102066275034589	2
CAWRTGQGDYNEQFF	0	0	0.000102066275034589	0.000102066275034589	1
CAWSPLSGNNEQFF	0	0	0.000102066275034589	0.000102066275034589	1
CAWSVHGAQGYTF	0	0	0.000102066275034589	0.000102066275034589	1
CAWSVPRARGFYEQYF	0	0	0.000102066275034589	0.000102066275034589	1
CSAASGPTYEQYF	0	0	0.000102066275034589	0.000102066275034589	1
CSAKPGTGANEQFF	0	0	0.000102066275034589	0.000102066275034589	1
CSARAGALNTEAFF	0	0	0.000102066275034589	0.000102066275034589	1
CSARAPERAEQYF	1.20560364574542e-05	0	0.000102066275034589	0.000102066275034589	2
CSARDKLAGPYEQYF	0	0	0.000102066275034589	0.000102066275034589	1
CSAREAGGGQFF	0	0	0.000102066275034589	0.000102066275034589	1
CSARIDPTIKQFF	7.23362187447255e-05	0	0.000102066275034589	0.000102066275034589	2
CSARLAGGETQYF	0	0	0.000102066275034589	0.000102066275034589	1
CSARNSGGRAGETQYF	0	0	0.000102066275034589	0.000102066275034589	1
CSARPPLNGQPQHF	0	0	0.000102066275034589	0.000102066275034589	1
CSARQGNTEAFF	0	0	0.000102066275034589	0.000102066275034589	1
CSARRSGSYEQYF	0	0	0.000102066275034589	0.000102066275034589	1
CSARTNGNTIYF	0	0	0.000102066275034589	0.000102066275034589	1
CSARVGTGGYEQYF	0	0	0.000102066275034589	0.000102066275034589	1
CSASGNTEAFF	8.43922552021797e-05	0	0.000102066275034589	0.000102066275034589	2
CSASLANVEKLFF	0	0	0.000102066275034589	0.000102066275034589	1
CSASSPADAETQYF	0	0	0.000102066275034589	0.000102066275034589	1
CSATRGRVNQETQYF	0	0	0.000102066275034589	0.000102066275034589	1
CSLGDNYGYTF	0	0	0.000102066275034589	0.000102066275034589	1
CSVEQGAQNEKLFF	0	0	0.000102066275034589	0.000102066275034589	1
CARSGADIVHYNEQFF	0	3.33466720021342e-05	0.000102066275034589	0.000102066275034589	2
CASSDREAGELFF	0	0	0.000102066275034589	0.000102066275034589	1
CASSPSGPRTEAFF	0	0	0.000102066275034589	0.000102066275034589	1
CSARVQGSGGYTF	0	0	0.000102066275034589	0.000102066275034589	1
CAATTVNYGYTF	0	0.000100040016006403	0	0.000100040016006403	1
CAISELAGVADTQYF	0	0.000100040016006403	0	0.000100040016006403	1
CAISEWGGLVGTDTQYF	0	0.000100040016006403	0	0.000100040016006403	1
CASCALIYEQYF	0	0.000100040016006403	0	0.000100040016006403	1
CASRDPSGANVLTF	0	0.000100040016006403	0	0.000100040016006403	1
CASRDRGSKQYF	0	0.000100040016006403	0	0.000100040016006403	1
CASRETKNIQYF	9.6448291659634e-05	0.000100040016006403	0	0.000100040016006403	2
CASRPLGTGGLGANVLTF	0	0.000100040016006403	0	0.000100040016006403	1
CASRSPGHTIGEAFF	0	0.000100040016006403	0	0.000100040016006403	1
CASSDRDRSGNTIYF	0	0.000100040016006403	0	0.000100040016006403	1
CASSFGGANEKLFF	0	0.000100040016006403	1.13406972260655e-05	0.000100040016006403	2
CASSFGLADEQYF	0	0.000100040016006403	0	0.000100040016006403	1
CASSIQGTEAFF	0	0.000100040016006403	0	0.000100040016006403	1
CASSIRILAGDWQETQYF	0	0.000100040016006403	0	0.000100040016006403	1
CASSKGGGRSPDTQYF	0	0.000100040016006403	0	0.000100040016006403	1
CASSLAGPQETQYF	0	0.000100040016006403	2.26813944521309e-05	0.000100040016006403	2
CASSLSGGNSPLHF	0	0.000100040016006403	0	0.000100040016006403	1
CASSLSTGFYSNQPQHF	0	0.000100040016006403	0	0.000100040016006403	1
CASSLTFGHISYEQYF	0	0.000100040016006403	0	0.000100040016006403	1
CASSPGQGPGNEQFF	0	0.000100040016006403	0	0.000100040016006403	1
CASSPHWGRSQETQYF	0	0.000100040016006403	0	0.000100040016006403	1
CASSPQGALHEQYF	0	0.000100040016006403	0	0.000100040016006403	1
CASSQDRRPNYGYTF	0	0.000100040016006403	0	0.000100040016006403	1
CASSQGLAGGGNEQFF	9.6448291659634e-05	0.000100040016006403	0	0.000100040016006403	2
CASSQRSGTPSGNTIYF	0	0.000100040016006403	0	0.000100040016006403	1
CASSQVWRGDTDTQYF	7.23362187447255e-05	0.000100040016006403	0	0.000100040016006403	2
CASSSLTSGRAGANVLTF	0	0.000100040016006403	0	0.000100040016006403	1
CASSSLWDRRQSSGNTIYF	0	0.000100040016006403	0	0.000100040016006403	1
CASSSPPGQGMGNTIYF	0	0.000100040016006403	0	0.000100040016006403	1
CASSVGPAVDSPLHF	0	0.000100040016006403	0	0.000100040016006403	1
CASSVVPGGSGELFF	0	0.000100040016006403	0	0.000100040016006403	1
CASSYATGTNYGYTF	0	0.000100040016006403	0	0.000100040016006403	1
CASSYFLRRASGRETQYF	1.20560364574542e-05	0.000100040016006403	0	0.000100040016006403	2
CASSYPGTGGEQYF	0	0.000100040016006403	0	0.000100040016006403	1
CASSYSPIAGGQVDTQYF	0	0.000100040016006403	0	0.000100040016006403	1
CATSDPSSNAKNIQYF	0	0.000100040016006403	0	0.000100040016006403	1
CAWSVIGQGESPLHF	0	0.000100040016006403	0	0.000100040016006403	1
CSAEFGGTSRAF	0	0.000100040016006403	0	0.000100040016006403	1
CSARDRRLADTQYF	0	0.000100040016006403	0	0.000100040016006403	1
CSAREGVAGALAKNIQYF	0	0.000100040016006403	0	0.000100040016006403	1
CSARLIGNNEQFF	1.20560364574542e-05	0.000100040016006403	0	0.000100040016006403	2
CSARRDRAYYGYTF	0	0.000100040016006403	0	0.000100040016006403	1
CSARRTSGSGEQYF	0	0.000100040016006403	0	0.000100040016006403	1
CSASRAYEQYF	0	0.000100040016006403	0	0.000100040016006403	1
CSVIRENSPYNEQFF	0	0.000100040016006403	0	0.000100040016006403	1
CAIGSQGANEKLFF	9.6448291659634e-05	0	0	9.6448291659634e-05	1
CAIKGTGGEKLFF	9.6448291659634e-05	0	0	9.6448291659634e-05	1
CAISATGNTEAFF	9.6448291659634e-05	0	0	9.6448291659634e-05	1
CAISELPTGAYYEQYF	9.6448291659634e-05	0	0	9.6448291659634e-05	1
CAISGRAASGTSSYEQYF	9.6448291659634e-05	0	0	9.6448291659634e-05	1
CAISHDLRSSYNEQFF	9.6448291659634e-05	0	0	9.6448291659634e-05	1
CAISLMTSLSNTGELFF	9.6448291659634e-05	0	0	9.6448291659634e-05	1
CAISQTYEQYF	9.6448291659634e-05	0	0	9.6448291659634e-05	1
CASARPGLAGHEQFF	9.6448291659634e-05	0	0	9.6448291659634e-05	1
CASATFSGNTIYF	9.6448291659634e-05	5.00200080032013e-05	0	9.6448291659634e-05	2
CASGLGGLSSYEQYF	9.6448291659634e-05	0	0	9.6448291659634e-05	1
CASGRDSYNEQFF	9.6448291659634e-05	0	0	9.6448291659634e-05	1
CASGRERTSGPYNEQFF	9.6448291659634e-05	0	0	9.6448291659634e-05	1
CASIDRMNTEAFF	9.6448291659634e-05	0	0	9.6448291659634e-05	1
CASISAGGSVVNEKLFF	9.6448291659634e-05	0	0	9.6448291659634e-05	1
CASISGRGGLEQFF	9.6448291659634e-05	0	0	9.6448291659634e-05	1
CASLEVTGGYTEAFF	9.6448291659634e-05	0	0	9.6448291659634e-05	1
CASRAQREGRNEQFF	9.6448291659634e-05	0	0	9.6448291659634e-05	1
CASRGGHPNSPLHF	9.6448291659634e-05	0	0	9.6448291659634e-05	1
CASRGGLAGAWRDTQYF	9.6448291659634e-05	3.33466720021342e-05	3.40220916781964e-05	9.6448291659634e-05	3
CASRGLAGPLSSTDTQYF	9.6448291659634e-05	0	0	9.6448291659634e-05	1
CASRLAGDGTEAFF	9.6448291659634e-05	0	0	9.6448291659634e-05	1
CASRLLQGNTEAFF	9.6448291659634e-05	0	1.13406972260655e-05	9.6448291659634e-05	2
CASRLSPYTDTQYF	9.6448291659634e-05	0	0	9.6448291659634e-05	1
CASRPYPGSGANVLTF	9.6448291659634e-05	0	0	9.6448291659634e-05	1
CASRQGLTGQETQYF	9.6448291659634e-05	0	0	9.6448291659634e-05	1
CASRQGRTSGQETQYF	9.6448291659634e-05	0	4.53627889042618e-05	9.6448291659634e-05	2
CASRRGERNTIYF	9.6448291659634e-05	0	7.93848805824582e-05	9.6448291659634e-05	2
CASRSTVNTEAFF	9.6448291659634e-05	0	0	9.6448291659634e-05	1
CASRTQGGNGYTF	9.6448291659634e-05	0	0	9.6448291659634e-05	1
CASSDGRVLETQYF	9.6448291659634e-05	0	0	9.6448291659634e-05	1
CASSDLAGSSYNEQFF	9.6448291659634e-05	0	0	9.6448291659634e-05	1
CASSDRGFTYEQYF	9.6448291659634e-05	0	0	9.6448291659634e-05	1
CASSEGDRVRNEQYF	9.6448291659634e-05	0	0	9.6448291659634e-05	1
CASSEGGSYNEQFF	9.6448291659634e-05	0	0	9.6448291659634e-05	1
CASSEGQNYGYTF	9.6448291659634e-05	0	0	9.6448291659634e-05	1
CASSEPGHRSYGYTF	9.6448291659634e-05	0	0	9.6448291659634e-05	1
CASSFLAPTNNEQFF	9.6448291659634e-05	0	0	9.6448291659634e-05	1
CASSFLGSNQETQYF	9.6448291659634e-05	0	0	9.6448291659634e-05	1
CASSFMSQNQPQHF	9.6448291659634e-05	0	0	9.6448291659634e-05	1
CASSFPYGGALNEQYF	9.6448291659634e-05	0	0	9.6448291659634e-05	1
CASSFQGSYNEQFF	9.6448291659634e-05	0	0	9.6448291659634e-05	1
CASSFSTFTEQFF	9.6448291659634e-05	0	0	9.6448291659634e-05	1
CASSFWQGAYNEQFF	9.6448291659634e-05	0	0	9.6448291659634e-05	1
CASSGLAVPYEQYF	9.6448291659634e-05	0	0	9.6448291659634e-05	1
CASSGQGVEQYF	9.6448291659634e-05	0	0	9.6448291659634e-05	1
CASSHLLAGVGEQYF	9.6448291659634e-05	0	0	9.6448291659634e-05	1
CASSHREFQETQYF	9.6448291659634e-05	0	0	9.6448291659634e-05	1
CASSIQLAGGGEQYF	9.6448291659634e-05	0	0	9.6448291659634e-05	1
CASSKGVGSLWETQYF	9.6448291659634e-05	0	0	9.6448291659634e-05	1
CASSKSGTSSYNEQFF	9.6448291659634e-05	0	0	9.6448291659634e-05	1
CASSKTWTGGNSPLHF	9.6448291659634e-05	0	0	9.6448291659634e-05	1
CASSLAGAYGELFF	9.6448291659634e-05	0	0	9.6448291659634e-05	1
CASSLAGLAGDEQFF	9.6448291659634e-05	0	0	9.6448291659634e-05	1
CASSLAGLAGVHEQFF	9.6448291659634e-05	0	0	9.6448291659634e-05	1
CASSLAGQGRWETQYF	9.6448291659634e-05	0	0	9.6448291659634e-05	1
CASSLAGSAVQETQYF	9.6448291659634e-05	0	0	9.6448291659634e-05	1
CASSLAPSGAYEQYF	9.6448291659634e-05	0	0	9.6448291659634e-05	1
CASSLAVDRAAEQFF	9.6448291659634e-05	0	0	9.6448291659634e-05	1
CASSLFWVAPGARSYEQYF	9.6448291659634e-05	0	0	9.6448291659634e-05	1
CASSLGAGGVYEQYF	9.6448291659634e-05	0	0	9.6448291659634e-05	1
CASSLGAYEQYF	9.6448291659634e-05	0	0	9.6448291659634e-05	1
CASSLGGEQFF	9.6448291659634e-05	0	0	9.6448291659634e-05	1
CASSLGGRAYEQYF	9.6448291659634e-05	0	0	9.6448291659634e-05	1
CASSLGGSGNEQFF	9.6448291659634e-05	0	4.53627889042618e-05	9.6448291659634e-05	2
CASSLGLGAVEKLFF	9.6448291659634e-05	0	0	9.6448291659634e-05	1
CASSLGQGAYEQYF	9.6448291659634e-05	0	0	9.6448291659634e-05	1
CASSLGTIPTGETQYF	9.6448291659634e-05	0	0	9.6448291659634e-05	1
CASSLGVDEQFF	9.6448291659634e-05	1.66733360010671e-05	1.13406972260655e-05	9.6448291659634e-05	3
CASSLGVVADAYEQYF	9.6448291659634e-05	0	0	9.6448291659634e-05	1
CASSLQGLAVGELFF	9.6448291659634e-05	0	0	9.6448291659634e-05	1
CASSLQGYYGYTF	9.6448291659634e-05	0	0	9.6448291659634e-05	1
CASSLRNEQFF	9.6448291659634e-05	0	0	9.6448291659634e-05	1
CASSLRNTGELFF	9.6448291659634e-05	0	0	9.6448291659634e-05	1
CASSLRSGSGSEQYF	9.6448291659634e-05	0	0	9.6448291659634e-05	1
CASSLRVNTEAFF	9.6448291659634e-05	0	0	9.6448291659634e-05	1
CASSLRVPGSGETQYF	9.6448291659634e-05	0	0	9.6448291659634e-05	1
CASSLSSGRNEQFF	9.6448291659634e-05	0	0	9.6448291659634e-05	1
CASSLTRTDTQYF	9.6448291659634e-05	0	0	9.6448291659634e-05	1
CASSLVGTVGQPQHF	9.6448291659634e-05	0	0	9.6448291659634e-05	1
CASSLVSGRAVTGELFF	9.6448291659634e-05	0	0	9.6448291659634e-05	1
CASSLVTWGTDTQYF	9.6448291659634e-05	0	0	9.6448291659634e-05	1
CASSLVWSRNNSPLHF	9.6448291659634e-05	0	0	9.6448291659634e-05	1
CASSNTGVSPLHF	9.6448291659634e-05	0	0	9.6448291659634e-05	1
CASSPAKGSDYGYTF	9.6448291659634e-05	0	0	9.6448291659634e-05	1
CASSPDVSVEAFF	9.6448291659634e-05	0	0	9.6448291659634e-05	1
CASSPGLAGAYEQYF	9.6448291659634e-05	0	0	9.6448291659634e-05	1
CASSPGNRKETQYF	9.6448291659634e-05	0	0	9.6448291659634e-05	1
CASSPGTSGYEQYF	9.6448291659634e-05	0	0	9.6448291659634e-05	1
CASSPKEYNSPLHF	9.6448291659634e-05	0	0	9.6448291659634e-05	1
CASSPLGGREQYF	9.6448291659634e-05	0	0	9.6448291659634e-05	1
CASSPMDRGFQETQYF	9.6448291659634e-05	0	0	9.6448291659634e-05	1
CASSPPSSGRLNEQFF	9.6448291659634e-05	0	0	9.6448291659634e-05	1
CASSPPYSGRNEKLFF	9.6448291659634e-05	0	0	9.6448291659634e-05	1
CASSPREGNYGYTF	9.6448291659634e-05	0	0	9.6448291659634e-05	1
CASSPRLTGQYF	9.6448291659634e-05	0	0	9.6448291659634e-05	1
CASSPRPWNNSPLHF	9.6448291659634e-05	1.66733360010671e-05	0	9.6448291659634e-05	2
CASSPRRLGASGTRRYNEQFF	9.6448291659634e-05	0	0	9.6448291659634e-05	1
CASSPRRTDTQYF	9.6448291659634e-05	0	0	9.6448291659634e-05	1
CASSPRWNEKLFF	9.6448291659634e-05	0	0	9.6448291659634e-05	1
CASSPSGRATDTQYF	9.6448291659634e-05	0	0	9.6448291659634e-05	1
CASSPTDGKLFF	9.6448291659634e-05	0	6.80441833563927e-05	9.6448291659634e-05	2
CASSPWRSSPNFIF	9.6448291659634e-05	0	0	9.6448291659634e-05	1
CASSQAGQIPGANVLTF	9.6448291659634e-05	0	0	9.6448291659634e-05	1
CASSQAGRQETQYF	9.6448291659634e-05	0	0	9.6448291659634e-05	1
CASSQASGRGGEQFF	9.6448291659634e-05	0	0	9.6448291659634e-05	1
CASSQDAGDHGGEQFF	9.6448291659634e-05	0	0	9.6448291659634e-05	1
CASSQDPRGRGHTDTQYF	9.6448291659634e-05	0	0	9.6448291659634e-05	1
CASSQDQGSQETQYF	9.6448291659634e-05	0	0	9.6448291659634e-05	1
CASSQDRAGEGYEQYF	9.6448291659634e-05	0	0	9.6448291659634e-05	1
CASSQDRAGSPLHF	9.6448291659634e-05	0	0	9.6448291659634e-05	1
CASSQDRSGQETQYF	9.6448291659634e-05	0	0	9.6448291659634e-05	1
CASSQDSGAGTQYF	9.6448291659634e-05	0	0	9.6448291659634e-05	1
CASSQDSNNQPQHF	9.6448291659634e-05	0	0	9.6448291659634e-05	1
CASSQEGRQMRTVGELFF	9.6448291659634e-05	0	0	9.6448291659634e-05	1
CASSQEGSGQETQYF	9.6448291659634e-05	0	0	9.6448291659634e-05	1
CASSQEVAGDWTGELFF	9.6448291659634e-05	0	0	9.6448291659634e-05	1
CASSQFSQETQYF	9.6448291659634e-05	0	0	9.6448291659634e-05	1
CASSQFTSGSHEQFF	9.6448291659634e-05	0	0	9.6448291659634e-05	1
CASSQGEYETQYF	9.6448291659634e-05	0	0	9.6448291659634e-05	1
CASSQGGLAGVYEQFF	9.6448291659634e-05	0	0	9.6448291659634e-05	1
CASSQGGNYYNEQFF	9.6448291659634e-05	0	0	9.6448291659634e-05	1
CASSQGGSSYNEQFF	9.6448291659634e-05	0	0	9.6448291659634e-05	1
CASSQGLRNYEQYF	9.6448291659634e-05	0	0	9.6448291659634e-05	1
CASSQGPGPSSYEQYF	9.6448291659634e-05	0	0	9.6448291659634e-05	1
CASSQGTDATNEKLFF	9.6448291659634e-05	0	0	9.6448291659634e-05	1
CASSQGTGAYEQYF	9.6448291659634e-05	0	0	9.6448291659634e-05	1
CASSQGTGGRTGELFF	9.6448291659634e-05	0	0	9.6448291659634e-05	1
CASSQGVHVPYEQYF	9.6448291659634e-05	0	0	9.6448291659634e-05	1
CASSQGWGSNQPQHF	9.6448291659634e-05	0	0	9.6448291659634e-05	1
CASSQIGQLLGSPLHF	9.6448291659634e-05	0	0	9.6448291659634e-05	1
CASSQNPGFTIGEQYF	9.6448291659634e-05	0	0	9.6448291659634e-05	1
CASSQSFSSYEQYF	9.6448291659634e-05	0	0	9.6448291659634e-05	1
CASSQSTSGYEQYF	9.6448291659634e-05	0	0	9.6448291659634e-05	1
CASSQTRGGGPPQHF	9.6448291659634e-05	0	0	9.6448291659634e-05	1
CASSRGEALTFYNEQFF	9.6448291659634e-05	0	0	9.6448291659634e-05	1
CASSRGGSDEQYF	9.6448291659634e-05	0	0	9.6448291659634e-05	1
CASSRGPSGTQYF	9.6448291659634e-05	0	0	9.6448291659634e-05	1
CASSRGTSLFLTDTQYF	9.6448291659634e-05	0	3.40220916781964e-05	9.6448291659634e-05	2
CASSRLGGLVPNQPQHF	9.6448291659634e-05	0	0	9.6448291659634e-05	1
CASSRRSLAGDNEQFF	9.6448291659634e-05	0	0	9.6448291659634e-05	1
CASSSAPGATGELFF	9.6448291659634e-05	0	0	9.6448291659634e-05	1
CASSSGGNTEAFF	9.6448291659634e-05	0	0	9.6448291659634e-05	1
CASSSGTILTDTQYF	9.6448291659634e-05	0	0	9.6448291659634e-05	1
CASSSSGVITEQFF	9.6448291659634e-05	0	0	9.6448291659634e-05	1
CASSSTGTGNYEQYF	9.6448291659634e-05	0	0	9.6448291659634e-05	1
CASSTFGQGNPGANVLTF	9.6448291659634e-05	0	0	9.6448291659634e-05	1
CASSTPGTGVREQYF	9.6448291659634e-05	0	0	9.6448291659634e-05	1
CASSTSPDTRETQYF	9.6448291659634e-05	0	0	9.6448291659634e-05	1
CASSVGLGGPGELFF	9.6448291659634e-05	0	0	9.6448291659634e-05	1
CASSWDDTSTDTQYF	9.6448291659634e-05	0	0	9.6448291659634e-05	1
CASSWGAEQETQYF	9.6448291659634e-05	0	5.67034861303273e-05	9.6448291659634e-05	2
CASSWPKEGLQETQYF	9.6448291659634e-05	0	0	9.6448291659634e-05	1
CASSWSPEINTGELFF	9.6448291659634e-05	0	0	9.6448291659634e-05	1
CASSWTSTNEQYF	9.6448291659634e-05	3.33466720021342e-05	7.93848805824582e-05	9.6448291659634e-05	3
CASSYGQGAAEAFF	9.6448291659634e-05	0	0	9.6448291659634e-05	1
CASSYRQGSSPLHF	9.6448291659634e-05	0	0	9.6448291659634e-05	1
CASSYSTTYEQYF	9.6448291659634e-05	0	0	9.6448291659634e-05	1
CASTEVAYEQYF	9.6448291659634e-05	0	0	9.6448291659634e-05	1
CASTLWGGAEAFF	9.6448291659634e-05	0	0	9.6448291659634e-05	1
CASTMSLRETQYF	9.6448291659634e-05	0	9.07255778085237e-05	9.6448291659634e-05	2
CATSDPRHQPQHF	9.6448291659634e-05	0	0	9.6448291659634e-05	1
CATSDRDRGVYGYTF	9.6448291659634e-05	0	0	9.6448291659634e-05	1
CATSDSGGSAEKLFF	9.6448291659634e-05	0	0	9.6448291659634e-05	1
CATSEGKGGTQGETQYF	9.6448291659634e-05	0	0	9.6448291659634e-05	1
CATSRAADTQYF	9.6448291659634e-05	0	0	9.6448291659634e-05	1
CAWGPLNTEAFF	9.6448291659634e-05	0	0	9.6448291659634e-05	1
CSAGLAGGIADTQYF	9.6448291659634e-05	0	0	9.6448291659634e-05	1
CSANTPGGFTDTQYF	9.6448291659634e-05	0	0	9.6448291659634e-05	1
CSARAGVSYEQYF	9.6448291659634e-05	0	0	9.6448291659634e-05	1
CSARDGLRDSSYEQYF	9.6448291659634e-05	0	0	9.6448291659634e-05	1
CSARDLERQGPNQPQHF	9.6448291659634e-05	0	0	9.6448291659634e-05	1
CSARDRRGYSYNEQFF	9.6448291659634e-05	0	0	9.6448291659634e-05	1
CSARDWPPSGLDYEQYF	9.6448291659634e-05	8.33666800053355e-05	0	9.6448291659634e-05	2
CSAREGSGRGREQYF	9.6448291659634e-05	0	0	9.6448291659634e-05	1
CSARGETSSYEQYF	9.6448291659634e-05	0	0	9.6448291659634e-05	1
CSARQGGMNTEAFF	9.6448291659634e-05	0	0	9.6448291659634e-05	1
CSARRTSAYEQYF	9.6448291659634e-05	0	0	9.6448291659634e-05	1
CSARRTSGSPLHF	9.6448291659634e-05	0	0	9.6448291659634e-05	1
CSARRVERGEQYF	9.6448291659634e-05	8.33666800053355e-05	3.40220916781964e-05	9.6448291659634e-05	3
CSARSYLRAFF	9.6448291659634e-05	0	0	9.6448291659634e-05	1
CSASQQPPAQYF	9.6448291659634e-05	0	0	9.6448291659634e-05	1
CSATTGASREQYF	9.6448291659634e-05	0	0	9.6448291659634e-05	1
CSIDLVETQYF	9.6448291659634e-05	0	0	9.6448291659634e-05	1
CSVEGGGGQLDTQYF	9.6448291659634e-05	0	0	9.6448291659634e-05	1
CSVRTSDVYNEQFF	9.6448291659634e-05	0	0	9.6448291659634e-05	1
CSYEQYF	9.6448291659634e-05	0	0	9.6448291659634e-05	1
CAARSSGRAHGEQFF	0	0	9.07255778085237e-05	9.07255778085237e-05	1
CAISDTGMRETQYF	0	0	9.07255778085237e-05	9.07255778085237e-05	1
CAISETPGQPSL	0	0	9.07255778085237e-05	9.07255778085237e-05	1
CAISFTGSPYEQYF	0	0	9.07255778085237e-05	9.07255778085237e-05	1
CAISGRGANVLTF	0	0	9.07255778085237e-05	9.07255778085237e-05	1
CAKAGPWGYNEQFF	0	0	9.07255778085237e-05	9.07255778085237e-05	1
CARTLAGGPNTGELFF	0	0	9.07255778085237e-05	9.07255778085237e-05	1
CASATGTLNNQPQHF	0	0	9.07255778085237e-05	9.07255778085237e-05	1
CASGRASNEKLFF	0	0	9.07255778085237e-05	9.07255778085237e-05	1
CASGRGGLTGELFF	0	0	9.07255778085237e-05	9.07255778085237e-05	1
CASKAYGYTF	0	0	9.07255778085237e-05	9.07255778085237e-05	1
CASKRGTGVYEQYF	4.8224145829817e-05	0	9.07255778085237e-05	9.07255778085237e-05	2
CASLIAGGRKEQFF	0	0	9.07255778085237e-05	9.07255778085237e-05	1
CASQNGRANQPQHF	0	0	9.07255778085237e-05	9.07255778085237e-05	1
CASRADRRYYQPQHF	0	0	9.07255778085237e-05	9.07255778085237e-05	1
CASRDSSLDSYEQYF	0	0	9.07255778085237e-05	9.07255778085237e-05	1
CASRFDRGGTEAFF	0	0	9.07255778085237e-05	9.07255778085237e-05	1
CASRLAGGNNEQFF	0	0	9.07255778085237e-05	9.07255778085237e-05	1
CASRLGLAGARYEQYF	0	0	9.07255778085237e-05	9.07255778085237e-05	1
CASRQGPYGYTF	0	0	9.07255778085237e-05	9.07255778085237e-05	1
CASRRGGSSNQPQHF	0	0	9.07255778085237e-05	9.07255778085237e-05	1
CASRRWTDNSPLHF	1.20560364574542e-05	0	9.07255778085237e-05	9.07255778085237e-05	2
CASRSASGSYNEQFF	0	0	9.07255778085237e-05	9.07255778085237e-05	1
CASRSHPEAFF	0	0	9.07255778085237e-05	9.07255778085237e-05	1
CASRWGLETQYF	0	0	9.07255778085237e-05	9.07255778085237e-05	1
CASSAAGTETQYF	0	0	9.07255778085237e-05	9.07255778085237e-05	1
CASSAFELNEQFF	0	0	9.07255778085237e-05	9.07255778085237e-05	1
CASSAGQGIYEQYF	0	0	9.07255778085237e-05	9.07255778085237e-05	1
CASSAQNLADLNTGELFF	0	0	9.07255778085237e-05	9.07255778085237e-05	1
CASSASGATNEKLFF	0	0	9.07255778085237e-05	9.07255778085237e-05	1
CASSEDGMSGNTIYF	0	0	9.07255778085237e-05	9.07255778085237e-05	1
CASSEGTGETQYF	0	0	9.07255778085237e-05	9.07255778085237e-05	1
CASSEPLRGQYF	0	0	9.07255778085237e-05	9.07255778085237e-05	1
CASSEQGFSNQPQHF	0	0	9.07255778085237e-05	9.07255778085237e-05	1
CASSESGRTNSPLHF	7.23362187447255e-05	0	9.07255778085237e-05	9.07255778085237e-05	2
CASSESTDTQYF	0	0	9.07255778085237e-05	9.07255778085237e-05	1
CASSEYSSGISYNEQFF	0	0	9.07255778085237e-05	9.07255778085237e-05	1
CASSFFGTSGSNEQFF	1.20560364574542e-05	0	9.07255778085237e-05	9.07255778085237e-05	2
CASSFGGSWETQYF	1.20560364574542e-05	0	9.07255778085237e-05	9.07255778085237e-05	2
CASSFGLAGGETLSGNEQFF	3.61681093723627e-05	0	9.07255778085237e-05	9.07255778085237e-05	2
CASSFLGGYEKLFF	0	0	9.07255778085237e-05	9.07255778085237e-05	1
CASSFPGTDTQYF	0	0	9.07255778085237e-05	9.07255778085237e-05	1
CASSFRKGIGYTF	0	0	9.07255778085237e-05	9.07255778085237e-05	1
CASSFRTSGRAPGELFF	1.20560364574542e-05	0	9.07255778085237e-05	9.07255778085237e-05	2
CASSFRVSSYEQYF	3.61681093723627e-05	0	9.07255778085237e-05	9.07255778085237e-05	2
CASSFRYNEQFF	0	0	9.07255778085237e-05	9.07255778085237e-05	1
CASSFYSSAEAFF	0	0	9.07255778085237e-05	9.07255778085237e-05	1
CASSGDLYEQYF	0	0	9.07255778085237e-05	9.07255778085237e-05	1
CASSGLAGGLSSYNEQFF	0	0	9.07255778085237e-05	9.07255778085237e-05	1
CASSGLTQTRGNTIYF	0	0	9.07255778085237e-05	9.07255778085237e-05	1
CASSGLVYEQYF	0	0	9.07255778085237e-05	9.07255778085237e-05	1
CASSHRLGNEQFF	0	0	9.07255778085237e-05	9.07255778085237e-05	1
CASSIFVEGTEAFF	0	0	9.07255778085237e-05	9.07255778085237e-05	1
CASSIGTGNTGELFF	0	0	9.07255778085237e-05	9.07255778085237e-05	1
CASSIGWQSYGYTF	0	0	9.07255778085237e-05	9.07255778085237e-05	1
CASSIQEGAGETQYF	0	0	9.07255778085237e-05	9.07255778085237e-05	1
CASSITRLPVTDTQYF	0	0	9.07255778085237e-05	9.07255778085237e-05	1
CASSIVGGRPHNEQFF	0	0	9.07255778085237e-05	9.07255778085237e-05	1
CASSKGLAGAEYETQYF	0	0	9.07255778085237e-05	9.07255778085237e-05	1
CASSKPADLRTPLHF	0	0	9.07255778085237e-05	9.07255778085237e-05	1
CASSLAGQTYEQYF	0	0	9.07255778085237e-05	9.07255778085237e-05	1
CASSLAPWQGYGYTF	0	1.66733360010671e-05	9.07255778085237e-05	9.07255778085237e-05	2
CASSLDEVASGNTIYF	0	0	9.07255778085237e-05	9.07255778085237e-05	1
CASSLDVHTEAFF	0	0	9.07255778085237e-05	9.07255778085237e-05	1
CASSLEGPPGPSTDTQYF	0	0	9.07255778085237e-05	9.07255778085237e-05	1
CASSLGDRALHVLTF	0	0	9.07255778085237e-05	9.07255778085237e-05	1
CASSLGFERTEQFF	0	0	9.07255778085237e-05	9.07255778085237e-05	1
CASSLGLAIQYF	0	0	9.07255778085237e-05	9.07255778085237e-05	1
CASSLGLGTGGNGANVLTF	0	0	9.07255778085237e-05	9.07255778085237e-05	1
CASSLGRMAEAFF	6.02801822872712e-05	0	9.07255778085237e-05	9.07255778085237e-05	2
CASSLGRNTEAFF	0	0	9.07255778085237e-05	9.07255778085237e-05	1
CASSLKVGETQYF	0	0	9.07255778085237e-05	9.07255778085237e-05	1
CASSLLGLSTDTQYF	0	0	9.07255778085237e-05	9.07255778085237e-05	1
CASSLLRGLGTGELFF	0	0	9.07255778085237e-05	9.07255778085237e-05	1
CASSLLTGANVLTF	0	0	9.07255778085237e-05	9.07255778085237e-05	1
CASSLMEGLASTGELFF	0	0	9.07255778085237e-05	9.07255778085237e-05	1
CASSLNSGEYNEQFF	0	0	9.07255778085237e-05	9.07255778085237e-05	1
CASSLRGRREGGYTF	3.61681093723627e-05	0	9.07255778085237e-05	9.07255778085237e-05	2
CASSLRLNTDTQYF	0	0	9.07255778085237e-05	9.07255778085237e-05	1
CASSLSGAVVTEAFF	0	0	9.07255778085237e-05	9.07255778085237e-05	1
CASSLSGISYEQYF	0	0	9.07255778085237e-05	9.07255778085237e-05	1
CASSLSQQPSYEQYF	0	0	9.07255778085237e-05	9.07255778085237e-05	1
CASSLSTANSPLHF	0	0	9.07255778085237e-05	9.07255778085237e-05	1
CASSLVSTHEQYF	0	0	9.07255778085237e-05	9.07255778085237e-05	1
CASSMSGQGYSNQPQHF	0	0	9.07255778085237e-05	9.07255778085237e-05	1
CASSPDLTSGAYF	0	0	9.07255778085237e-05	9.07255778085237e-05	1
CASSPGAGDTEAFF	0	0	9.07255778085237e-05	9.07255778085237e-05	1
CASSPGGMGTGELFF	8.43922552021797e-05	0	9.07255778085237e-05	9.07255778085237e-05	2
CASSPGHLQETQYF	0	0	9.07255778085237e-05	9.07255778085237e-05	1
CASSPGPWAGYTF	0	0	9.07255778085237e-05	9.07255778085237e-05	1
CASSPLGGSRYNEQFF	0	0	9.07255778085237e-05	9.07255778085237e-05	1
CASSPPGPERLETQYF	0	0	9.07255778085237e-05	9.07255778085237e-05	1
CASSPQGGPYEQYF	0	0	9.07255778085237e-05	9.07255778085237e-05	1
CASSPRGNQWETQYF	0	0	9.07255778085237e-05	9.07255778085237e-05	1
CASSPRSPGPSLETQYF	0	0	9.07255778085237e-05	9.07255778085237e-05	1
CASSPTGTGEKLFF	0	0	9.07255778085237e-05	9.07255778085237e-05	1
CASSPVGGATNYGYTF	0	0	9.07255778085237e-05	9.07255778085237e-05	1
CASSPWGTEAFF	0	0	9.07255778085237e-05	9.07255778085237e-05	1
CASSQASGGDGYTF	0	0	9.07255778085237e-05	9.07255778085237e-05	1
CASSQATQGRDTQYF	0	0	9.07255778085237e-05	9.07255778085237e-05	1
CASSQAYEQYF	0	0	9.07255778085237e-05	9.07255778085237e-05	1
CASSQDLGTGKNIQYF	0	0	9.07255778085237e-05	9.07255778085237e-05	1
CASSQGGLAWNEQFF	0	0	9.07255778085237e-05	9.07255778085237e-05	1
CASSQPRTPRTQYF	0	0	9.07255778085237e-05	9.07255778085237e-05	1
CASSQQGNNEQFF	0	0	9.07255778085237e-05	9.07255778085237e-05	1
CASSQVAGRHEQYF	0	0	9.07255778085237e-05	9.07255778085237e-05	1
CASSQVGTGNSNYGYTF	0	0	9.07255778085237e-05	9.07255778085237e-05	1
CASSQYPYEQYF	0	0	9.07255778085237e-05	9.07255778085237e-05	1
CASSRAGHYQETQYF	0	0	9.07255778085237e-05	9.07255778085237e-05	1
CASSRAYGGSPVEQYF	0	0	9.07255778085237e-05	9.07255778085237e-05	1
CASSRDLGVAGELFF	0	0	9.07255778085237e-05	9.07255778085237e-05	1
CASSREERLTDTQYF	0	0	9.07255778085237e-05	9.07255778085237e-05	1
CASSRGDGYTF	0	0	9.07255778085237e-05	9.07255778085237e-05	1
CASSRGGLQETQYF	0	0	9.07255778085237e-05	9.07255778085237e-05	1
CASSRGGTSRITYEQYF	7.23362187447255e-05	0	9.07255778085237e-05	9.07255778085237e-05	2
CASSRLFTVLNGYTF	0	0	9.07255778085237e-05	9.07255778085237e-05	1
CASSRPGQGKQYF	0	0	9.07255778085237e-05	9.07255778085237e-05	1
CASSRPGQGPPPYEQYF	0	0	9.07255778085237e-05	9.07255778085237e-05	1
CASSRRQGASETQYF	0	0	9.07255778085237e-05	9.07255778085237e-05	1
CASSRTANTGELFF	3.61681093723627e-05	0	9.07255778085237e-05	9.07255778085237e-05	2
CASSSAGGTYNEQFF	0	0	9.07255778085237e-05	9.07255778085237e-05	1
CASSSPLAGTETQYF	0	0	9.07255778085237e-05	9.07255778085237e-05	1
CASSSPPGPNYGYTF	0	0	9.07255778085237e-05	9.07255778085237e-05	1
CASSSRGPGELFF	0	0	9.07255778085237e-05	9.07255778085237e-05	1
CASSTRQGSRERYTF	0	0	9.07255778085237e-05	9.07255778085237e-05	1
CASSVLKNTEAFF	0	0	9.07255778085237e-05	9.07255778085237e-05	1
CASSYGSLSNQPQHF	0	0	9.07255778085237e-05	9.07255778085237e-05	1
CASSYLPAGVGNEQFF	0	0	9.07255778085237e-05	9.07255778085237e-05	1
CASSYNSGGYTF	0	0	9.07255778085237e-05	9.07255778085237e-05	1
CASSYRGAGANVLTF	0	0	9.07255778085237e-05	9.07255778085237e-05	1
CASSYRGRLNEQFF	0	0	9.07255778085237e-05	9.07255778085237e-05	1
CASSYSAGTTNEKLFF	0	0	9.07255778085237e-05	9.07255778085237e-05	1
CASSYSIGGQARF	0	0	9.07255778085237e-05	9.07255778085237e-05	1
CASSYSPMAGGNTGELFF	0	0	9.07255778085237e-05	9.07255778085237e-05	1
CATQSRGYSYNEQFF	0	0	9.07255778085237e-05	9.07255778085237e-05	1
CATRKPTGELFF	0	0	9.07255778085237e-05	9.07255778085237e-05	1
CATSDSTGLKETQYF	0	0	9.07255778085237e-05	9.07255778085237e-05	1
CAWSGGLSGANVLTF	3.61681093723627e-05	0	9.07255778085237e-05	9.07255778085237e-05	2
CAWSVGGPSSEQYF	7.23362187447255e-05	0	9.07255778085237e-05	9.07255778085237e-05	2
CSAAPFF	0	0	9.07255778085237e-05	9.07255778085237e-05	1
CSADQGASNQPQHF	7.23362187447255e-05	0	9.07255778085237e-05	9.07255778085237e-05	2
CSALKLREGVNTEAFF	0	0	9.07255778085237e-05	9.07255778085237e-05	1
CSALWGDQPQHF	3.61681093723627e-05	0	9.07255778085237e-05	9.07255778085237e-05	2
CSAPGTGSEKLFF	0	0	9.07255778085237e-05	9.07255778085237e-05	1
CSAREEYGLGEKLFF	7.23362187447255e-05	0	9.07255778085237e-05	9.07255778085237e-05	2
CSAREIGVGTIAYNEQFF	0	0	9.07255778085237e-05	9.07255778085237e-05	1
CSARGIAGANVLTF	0	0	9.07255778085237e-05	9.07255778085237e-05	1
CSARGQGETQYF	0	0	9.07255778085237e-05	9.07255778085237e-05	1
CSARPGSSYNEQFF	0	0	9.07255778085237e-05	9.07255778085237e-05	1
CSARPINGGNQPQHF	0	0	9.07255778085237e-05	9.07255778085237e-05	1
CSARQLAGAYNEQFF	0	0	9.07255778085237e-05	9.07255778085237e-05	1
CSARTSGIYNEQFF	0	0	9.07255778085237e-05	9.07255778085237e-05	1
CSASGREHYNEQFF	0	0	9.07255778085237e-05	9.07255778085237e-05	1
CSASPLRGSEQYF	0	0	9.07255778085237e-05	9.07255778085237e-05	1
CSASRGSRTDEQFF	0	0	9.07255778085237e-05	9.07255778085237e-05	1
CSASRNGVSEQYF	0	0	9.07255778085237e-05	9.07255778085237e-05	1
CSATGTSGYNEQFF	0	0	9.07255778085237e-05	9.07255778085237e-05	1
CSATPGQFYEQYF	0	0	9.07255778085237e-05	9.07255778085237e-05	1
CSATQASYEQYF	6.02801822872712e-05	0	9.07255778085237e-05	9.07255778085237e-05	2
CSVASTSGSYEQYF	0	0	9.07255778085237e-05	9.07255778085237e-05	1
CSVDRSTDTQYF	0	0	9.07255778085237e-05	9.07255778085237e-05	1
CSVEDGGLETQYF	0	0	9.07255778085237e-05	9.07255778085237e-05	1
CSVRYVGNYEQYF	0	0	9.07255778085237e-05	9.07255778085237e-05	1
CSVWQTDTDTQYF	0	0	9.07255778085237e-05	9.07255778085237e-05	1
CAAGLVNTIYF	8.43922552021797e-05	0	0	8.43922552021797e-05	1
CAASPGVAGFGEQYF	8.43922552021797e-05	0	0	8.43922552021797e-05	1
CACAGTSFSNEQFF	8.43922552021797e-05	0	0	8.43922552021797e-05	1
CACRGLDTDTQYF	8.43922552021797e-05	0	0	8.43922552021797e-05	1
CAIHRTGGTGELFF	8.43922552021797e-05	0	0	8.43922552021797e-05	1
CAIRKGGDAYGYTF	8.43922552021797e-05	0	0	8.43922552021797e-05	1
CAISDPTGVNSPLHF	8.43922552021797e-05	0	0	8.43922552021797e-05	1
CAISEDSPRQYF	8.43922552021797e-05	0	0	8.43922552021797e-05	1
CAISEIGSGVDTQYF	8.43922552021797e-05	0	0	8.43922552021797e-05	1
CAISENSPTGGQYEQFF	8.43922552021797e-05	0	0	8.43922552021797e-05	1
CAISESGGTSKQYF	8.43922552021797e-05	0	0	8.43922552021797e-05	1
CAISESRPGLGTEAFF	8.43922552021797e-05	0	0	8.43922552021797e-05	1
CAISKDRGRETQYF	8.43922552021797e-05	0	6.80441833563927e-05	8.43922552021797e-05	2
CAITAPGAYNEQFF	8.43922552021797e-05	0	0	8.43922552021797e-05	1
CASCDRGWSPLHF	8.43922552021797e-05	0	0	8.43922552021797e-05	1
CASCLYRDTEAFF	8.43922552021797e-05	0	0	8.43922552021797e-05	1
CASGRDRGSGANVLTF	8.43922552021797e-05	0	0	8.43922552021797e-05	1
CASGRTRNEQFF	8.43922552021797e-05	0	0	8.43922552021797e-05	1
CASGTNLLAKNIQYF	8.43922552021797e-05	0	0	8.43922552021797e-05	1
CASKAAGGEKLFF	8.43922552021797e-05	0	0	8.43922552021797e-05	1
CASKRGTDQPQHF	8.43922552021797e-05	0	0	8.43922552021797e-05	1
CASLLAADTQYF	8.43922552021797e-05	0	0	8.43922552021797e-05	1
CASNLRAGRHEQYF	8.43922552021797e-05	0	0	8.43922552021797e-05	1
CASNQSFPLYNEQFF	8.43922552021797e-05	0	0	8.43922552021797e-05	1
CASNRGADYGYTF	8.43922552021797e-05	0	0	8.43922552021797e-05	1
CASQKGYSRTGELFF	8.43922552021797e-05	0	0	8.43922552021797e-05	1
CASRDKYQETQYF	8.43922552021797e-05	0	0	8.43922552021797e-05	1
CASREQSSTDTQYF	8.43922552021797e-05	0	0	8.43922552021797e-05	1
CASRFSSGANVLTF	8.43922552021797e-05	0	0	8.43922552021797e-05	1
CASRGEFIDEQYF	8.43922552021797e-05	0	0	8.43922552021797e-05	1
CASRGGGDNTGELFF	8.43922552021797e-05	0	0	8.43922552021797e-05	1
CASRIAGGPADTQYF	8.43922552021797e-05	0	0	8.43922552021797e-05	1
CASRISGDSNQPQHF	8.43922552021797e-05	0	0	8.43922552021797e-05	1
CASRLVGSYNSPLHF	8.43922552021797e-05	0	0	8.43922552021797e-05	1
CASRPLGLVGELFF	8.43922552021797e-05	5.00200080032013e-05	0	8.43922552021797e-05	2
CASRPSSALAAEQYF	8.43922552021797e-05	0	0	8.43922552021797e-05	1
CASRPTGAGNQPQHF	8.43922552021797e-05	0	0	8.43922552021797e-05	1
CASRQGSWGNQPQHF	8.43922552021797e-05	0	0	8.43922552021797e-05	1
CASRSGLAGATSYNEQFF	8.43922552021797e-05	0	0	8.43922552021797e-05	1
CASRTGDINQPQHF	8.43922552021797e-05	0	0	8.43922552021797e-05	1
CASRTGSGNTIYF	8.43922552021797e-05	0	0	8.43922552021797e-05	1
CASRYTGTQTEAFF	8.43922552021797e-05	0	0	8.43922552021797e-05	1
CASSAGQYNSPLHF	8.43922552021797e-05	0	0	8.43922552021797e-05	1
CASSATAPTEAFF	8.43922552021797e-05	5.00200080032013e-05	0	8.43922552021797e-05	2
CASSDFYEQYF	8.43922552021797e-05	0	0	8.43922552021797e-05	1
CASSDGARGYQPQHF	8.43922552021797e-05	0	0	8.43922552021797e-05	1
CASSDSGKGYNEQFF	8.43922552021797e-05	0	0	8.43922552021797e-05	1
CASSEALGQGDGYTF	8.43922552021797e-05	0	0	8.43922552021797e-05	1
CASSEGQGYEQYF	8.43922552021797e-05	0	6.80441833563927e-05	8.43922552021797e-05	2
CASSESGGASYNEQFF	8.43922552021797e-05	0	0	8.43922552021797e-05	1
CASSESLRGYTF	8.43922552021797e-05	0	0	8.43922552021797e-05	1
CASSFAEAGQYF	8.43922552021797e-05	0	0	8.43922552021797e-05	1
CASSFGGINTGELFF	8.43922552021797e-05	0	0	8.43922552021797e-05	1
CASSFGGLETQYF	8.43922552021797e-05	0	0	8.43922552021797e-05	1
CASSFLGLSSYEQYF	8.43922552021797e-05	0	0	8.43922552021797e-05	1
CASSFLSSGRRYEQYF	8.43922552021797e-05	0	0	8.43922552021797e-05	1
CASSFRTGEGEQYF	8.43922552021797e-05	0	0	8.43922552021797e-05	1
CASSFRTGLAGSPHNEQFF	8.43922552021797e-05	0	0	8.43922552021797e-05	1
CASSHGPYEQYF	8.43922552021797e-05	0	0	8.43922552021797e-05	1
CASSHRGGDGYTF	8.43922552021797e-05	0	0	8.43922552021797e-05	1
CASSHVPGQGGNTEAFF	8.43922552021797e-05	0	0	8.43922552021797e-05	1
CASSIAAVGYEQYF	8.43922552021797e-05	0	0	8.43922552021797e-05	1
CASSIGQGVGANVLTF	8.43922552021797e-05	0	0	8.43922552021797e-05	1
CASSIRLAGGGDTQYF	8.43922552021797e-05	0	0	8.43922552021797e-05	1
CASSISGTSAYNEQFF	8.43922552021797e-05	0	0	8.43922552021797e-05	1
CASSITSVSYEQYF	8.43922552021797e-05	0	0	8.43922552021797e-05	1
CASSLAAGLSYNEQFF	8.43922552021797e-05	0	0	8.43922552021797e-05	1
CASSLAGLAGPNTGELFF	8.43922552021797e-05	1.66733360010671e-05	0	8.43922552021797e-05	2
CASSLAKQNNEKLFF	8.43922552021797e-05	0	1.13406972260655e-05	8.43922552021797e-05	2
CASSLAPGTGAPYEQYF	8.43922552021797e-05	0	0	8.43922552021797e-05	1
CASSLAPSGAGETQYF	8.43922552021797e-05	0	0	8.43922552021797e-05	1
CASSLAQGDSYEQYF	8.43922552021797e-05	0	0	8.43922552021797e-05	1
CASSLATSGSSGEQFF	8.43922552021797e-05	0	0	8.43922552021797e-05	1
CASSLDPTGSNQPQHF	8.43922552021797e-05	0	0	8.43922552021797e-05	1
CASSLDSSNEQFF	8.43922552021797e-05	0	0	8.43922552021797e-05	1
CASSLEGRTQYF	8.43922552021797e-05	0	6.80441833563927e-05	8.43922552021797e-05	2
CASSLGDSRSYEQYF	8.43922552021797e-05	0	0	8.43922552021797e-05	1
CASSLGGFGRTGNQPQHF	8.43922552021797e-05	0	0	8.43922552021797e-05	1
CASSLGGSYNEQFF	8.43922552021797e-05	0	0	8.43922552021797e-05	1
CASSLGITYEQYF	8.43922552021797e-05	0	0	8.43922552021797e-05	1
CASSLGLASYNEQFF	8.43922552021797e-05	0	0	8.43922552021797e-05	1
CASSLGLNNEQFF	8.43922552021797e-05	0	0	8.43922552021797e-05	1
CASSLGLQGMLTYNEQFF	8.43922552021797e-05	0	0	8.43922552021797e-05	1
CASSLGLQTYNEQFF	8.43922552021797e-05	0	0	8.43922552021797e-05	1
CASSLGQGGNQPQHF	8.43922552021797e-05	0	0	8.43922552021797e-05	1
CASSLGQGSSGNTIYF	8.43922552021797e-05	0	0	8.43922552021797e-05	1
CASSLGQLEAFF	8.43922552021797e-05	0	0	8.43922552021797e-05	1
CASSLGRINQETQYF	8.43922552021797e-05	0	0	8.43922552021797e-05	1
CASSLGSSYEQYF	8.43922552021797e-05	0	0	8.43922552021797e-05	1
CASSLGTGSYEQYF	8.43922552021797e-05	0	0	8.43922552021797e-05	1
CASSLIASGLYEQYF	8.43922552021797e-05	0	0	8.43922552021797e-05	1
CASSLKTGTYEQYF	8.43922552021797e-05	0	0	8.43922552021797e-05	1
CASSLLQGPIYEQYF	8.43922552021797e-05	0	5.67034861303273e-05	8.43922552021797e-05	2
CASSLLSGQGGGGYTF	8.43922552021797e-05	0	0	8.43922552021797e-05	1
CASSLPEGGYSYEQYF	8.43922552021797e-05	0	0	8.43922552021797e-05	1
CASSLRPRTSGYNEQFF	8.43922552021797e-05	0	0	8.43922552021797e-05	1
CASSLSGFTEAFF	8.43922552021797e-05	0	0	8.43922552021797e-05	1
CASSLSLDRHRYGYTF	8.43922552021797e-05	0	0	8.43922552021797e-05	1
CASSLYGTGGGETQYF	8.43922552021797e-05	0	0	8.43922552021797e-05	1
CASSMGLAGDEQYF	8.43922552021797e-05	0	0	8.43922552021797e-05	1
CASSNPPGGRAKETQYF	8.43922552021797e-05	0	0	8.43922552021797e-05	1
CASSPDWPFSGTDLNQPQHF	8.43922552021797e-05	0	0	8.43922552021797e-05	1
CASSPGLAGGLRFYEQYF	8.43922552021797e-05	0	0	8.43922552021797e-05	1
CASSPGRVETYEQYF	8.43922552021797e-05	0	0	8.43922552021797e-05	1
CASSPGWHRETQYF	8.43922552021797e-05	0	0	8.43922552021797e-05	1
CASSPLASVEQFF	8.43922552021797e-05	0	0	8.43922552021797e-05	1
CASSPLRGAGELFF	8.43922552021797e-05	0	5.67034861303273e-05	8.43922552021797e-05	2
CASSPLSGLAGKGTDTQYF	8.43922552021797e-05	0	0	8.43922552021797e-05	1
CASSPNGGAYEQYF	8.43922552021797e-05	0	0	8.43922552021797e-05	1
CASSPPGSGRGEQTQYF	8.43922552021797e-05	1.66733360010671e-05	0	8.43922552021797e-05	2
CASSPPNRSGNTIYF	8.43922552021797e-05	0	0	8.43922552021797e-05	1
CASSPPPGTDTQYF	8.43922552021797e-05	0	0	8.43922552021797e-05	1
CASSPPSGANVLTF	8.43922552021797e-05	0	0	8.43922552021797e-05	1
CASSPQGANTGELFF	8.43922552021797e-05	0	0	8.43922552021797e-05	1
CASSPRDRSNQPQHF	8.43922552021797e-05	0	0	8.43922552021797e-05	1
CASSPRGRGPNTEAFF	8.43922552021797e-05	0	0	8.43922552021797e-05	1
CASSPRQGAGDTQYF	8.43922552021797e-05	0	0	8.43922552021797e-05	1
CASSPSGGLNQPQHF	8.43922552021797e-05	0	0	8.43922552021797e-05	1
CASSPSLGPRRDEQFF	8.43922552021797e-05	0	0	8.43922552021797e-05	1
CASSPWWPGPGGANVLTF	8.43922552021797e-05	0	0	8.43922552021797e-05	1
CASSQALRLETQYF	8.43922552021797e-05	0	0	8.43922552021797e-05	1
CASSQDGGVDEKLFF	8.43922552021797e-05	0	0	8.43922552021797e-05	1
CASSQDGLANTGELFF	8.43922552021797e-05	0	0	8.43922552021797e-05	1
CASSQDPFETQYF	8.43922552021797e-05	0	0	8.43922552021797e-05	1
CASSQDRTSGNTIYF	8.43922552021797e-05	0	0	8.43922552021797e-05	1
CASSQDTALAGSRYYF	8.43922552021797e-05	0	0	8.43922552021797e-05	1
CASSQDVSGRAETQYF	8.43922552021797e-05	0	0	8.43922552021797e-05	1
CASSQESGAVSGTDTQYF	8.43922552021797e-05	0	0	8.43922552021797e-05	1
CASSQGHEQFF	8.43922552021797e-05	0	0	8.43922552021797e-05	1
CASSQGHGYRLFF	8.43922552021797e-05	0	0	8.43922552021797e-05	1
CASSQGTAGANVLTF	8.43922552021797e-05	0	0	8.43922552021797e-05	1
CASSQNRGTAQFF	8.43922552021797e-05	0	0	8.43922552021797e-05	1
CASSQPGGTGELFF	8.43922552021797e-05	0	0	8.43922552021797e-05	1
CASSQRGGRGTEAFF	8.43922552021797e-05	0	0	8.43922552021797e-05	1
CASSQVRTGELFF	8.43922552021797e-05	0	0	8.43922552021797e-05	1
CASSQVWRGLAVSYEQYF	8.43922552021797e-05	0	0	8.43922552021797e-05	1
CASSQWAGGPTYNEQFF	8.43922552021797e-05	0	0	8.43922552021797e-05	1
CASSRLTGDSYEQYF	8.43922552021797e-05	1.66733360010671e-05	0	8.43922552021797e-05	2
CASSRQGGANTEAFF	8.43922552021797e-05	0	0	8.43922552021797e-05	1
CASSRTSGHSGANVLTF	8.43922552021797e-05	0	0	8.43922552021797e-05	1
CASSSGGGGEAFF	8.43922552021797e-05	0	0	8.43922552021797e-05	1
CASSSGPRGEQFF	8.43922552021797e-05	0	0	8.43922552021797e-05	1
CASSSGVYEQYF	8.43922552021797e-05	0	0	8.43922552021797e-05	1
CASSSLAGPSSYEQYF	8.43922552021797e-05	0	0	8.43922552021797e-05	1
CASSSLMQGHSSYNSPLHF	8.43922552021797e-05	0	0	8.43922552021797e-05	1
CASSSQVWREQYF	8.43922552021797e-05	0	0	8.43922552021797e-05	1
CASSSRGSDNEQFF	8.43922552021797e-05	0	0	8.43922552021797e-05	1
CASSSTGGEQYF	8.43922552021797e-05	0	0	8.43922552021797e-05	1
CASSTIRGQGGTEAFF	8.43922552021797e-05	0	0	8.43922552021797e-05	1
CASSTPRQGIEKLFF	8.43922552021797e-05	0	0	8.43922552021797e-05	1
CASSTVGKLAGELFF	8.43922552021797e-05	0	0	8.43922552021797e-05	1
CASSVAPLQPQHF	8.43922552021797e-05	0	0	8.43922552021797e-05	1
CASSVASGTYNEQFF	8.43922552021797e-05	3.33466720021342e-05	3.40220916781964e-05	8.43922552021797e-05	3
CASSVDRETQYF	8.43922552021797e-05	0	0	8.43922552021797e-05	1
CASSVEATGLGNTIYF	8.43922552021797e-05	0	0	8.43922552021797e-05	1
CASSVFEQVNQPQHF	8.43922552021797e-05	0	0	8.43922552021797e-05	1
CASSVSYEQYF	8.43922552021797e-05	0	0	8.43922552021797e-05	1
CASSWTGGGEKLFF	8.43922552021797e-05	0	0	8.43922552021797e-05	1
CASSWTGGNSPLHF	8.43922552021797e-05	0	0	8.43922552021797e-05	1
CASSYGGALSWFDYGYTF	8.43922552021797e-05	0	0	8.43922552021797e-05	1
CASSYGGELFF	8.43922552021797e-05	0	3.40220916781964e-05	8.43922552021797e-05	2
CASSYRSGGEQFF	8.43922552021797e-05	0	0	8.43922552021797e-05	1
CASSYSGTLNNEQFF	8.43922552021797e-05	0	0	8.43922552021797e-05	1
CASSYSPSHSGYGYTF	8.43922552021797e-05	0	0	8.43922552021797e-05	1
CASSYSSLSRLYF	8.43922552021797e-05	0	0	8.43922552021797e-05	1
CASSYTGTSGNYEQYF	8.43922552021797e-05	0	0	8.43922552021797e-05	1
CASSYVRGSGNTEAFF	8.43922552021797e-05	0	0	8.43922552021797e-05	1
CASTELPGQGNTEAFF	8.43922552021797e-05	0	0	8.43922552021797e-05	1
CASTKRGLADNSPLHF	8.43922552021797e-05	0	0	8.43922552021797e-05	1
CASTNLIGSTYNEQFF	8.43922552021797e-05	0	0	8.43922552021797e-05	1
CASTSTETMNTEAFF	8.43922552021797e-05	0	1.13406972260655e-05	8.43922552021797e-05	2
CATGRTQETQYF	8.43922552021797e-05	0	0	8.43922552021797e-05	1
CATRDLNSPLHF	8.43922552021797e-05	0	0	8.43922552021797e-05	1
CATSARGPPRDTEAFF	8.43922552021797e-05	0	6.80441833563927e-05	8.43922552021797e-05	2
CATSDLFRTSDGLREQYF	8.43922552021797e-05	0	0	8.43922552021797e-05	1
CATSKPSGSKYEQFF	8.43922552021797e-05	0	0	8.43922552021797e-05	1
CATSQDSSTTEAFF	8.43922552021797e-05	0	0	8.43922552021797e-05	1
CATSRDWHYEQYF	8.43922552021797e-05	0	0	8.43922552021797e-05	1
CAVRQANTGELFF	8.43922552021797e-05	0	0	8.43922552021797e-05	1
CAWSGILQYF	8.43922552021797e-05	0	0	8.43922552021797e-05	1
CAWSPGGTEAFF	8.43922552021797e-05	0	0	8.43922552021797e-05	1
CAWSVGGHAGANVLTF	8.43922552021797e-05	0	0	8.43922552021797e-05	1
CSAFDFQNTGELFF	8.43922552021797e-05	0	0	8.43922552021797e-05	1
CSAGDLGYEQYF	8.43922552021797e-05	3.33466720021342e-05	0	8.43922552021797e-05	2
CSAGDRGRLRGNEQFF	8.43922552021797e-05	0	0	8.43922552021797e-05	1
CSAKNRGAYNEQFF	8.43922552021797e-05	0	0	8.43922552021797e-05	1
CSAKPMVGGAGELFF	8.43922552021797e-05	0	0	8.43922552021797e-05	1
CSAKQGSLSNQPQHF	8.43922552021797e-05	0	0	8.43922552021797e-05	1
CSALAGGKNEQYF	8.43922552021797e-05	0	0	8.43922552021797e-05	1
CSANRYRSSPNEKLFF	8.43922552021797e-05	0	0	8.43922552021797e-05	1
CSAPQGNNQPQHF	8.43922552021797e-05	6.66933440042684e-05	0	8.43922552021797e-05	2
CSARDERGGNTEAFF	8.43922552021797e-05	0	0	8.43922552021797e-05	1
CSARDGTSGRGEQYF	8.43922552021797e-05	0	0	8.43922552021797e-05	1
CSARDRTSGSRELFF	8.43922552021797e-05	0	0	8.43922552021797e-05	1
CSARDVLLGTVNSPLHF	8.43922552021797e-05	0	0	8.43922552021797e-05	1
CSAREPGQGAEQYF	8.43922552021797e-05	0	0	8.43922552021797e-05	1
CSAREVGKGANYGYTF	8.43922552021797e-05	0	0	8.43922552021797e-05	1
CSARGLAGGLNSNTGELFF	8.43922552021797e-05	0	0	8.43922552021797e-05	1
CSARGLGHSYNEQFF	8.43922552021797e-05	0	0	8.43922552021797e-05	1
CSARGSGRVEQYF	8.43922552021797e-05	0	0	8.43922552021797e-05	1
CSARHRGRYEQYF	8.43922552021797e-05	0	0	8.43922552021797e-05	1
CSARILAGGYNEQFF	8.43922552021797e-05	0	0	8.43922552021797e-05	1
CSARPSLGAGKTLNYGYTF	8.43922552021797e-05	0	0	8.43922552021797e-05	1
CSARRDSHNEQFF	8.43922552021797e-05	0	4.53627889042618e-05	8.43922552021797e-05	2
CSARRGWEQYF	8.43922552021797e-05	0	0	8.43922552021797e-05	1
CSARSGTTSSYEQYF	8.43922552021797e-05	0	0	8.43922552021797e-05	1
CSASAPTVQETQYF	8.43922552021797e-05	0	0	8.43922552021797e-05	1
CSASARAGGYEQYF	8.43922552021797e-05	0	0	8.43922552021797e-05	1
CSASGSPRETQYF	8.43922552021797e-05	0	0	8.43922552021797e-05	1
CSASIGNQPQHF	8.43922552021797e-05	0	0	8.43922552021797e-05	1
CSASSSGQGKETQYF	8.43922552021797e-05	0	0	8.43922552021797e-05	1
CSATRTSGRGAYEQYF	8.43922552021797e-05	0	0	8.43922552021797e-05	1
CSGGEVVNEQFF	8.43922552021797e-05	0	0	8.43922552021797e-05	1
CSGSWYNEQFF	8.43922552021797e-05	0	0	8.43922552021797e-05	1
CSVALGQVLDEQYF	8.43922552021797e-05	0	0	8.43922552021797e-05	1
CSVEDESTSGSIPVTDGDTQYF	8.43922552021797e-05	0	0	8.43922552021797e-05	1
CSVEDWLAYEQFF	8.43922552021797e-05	0	0	8.43922552021797e-05	1
CSVETGPETQYF	8.43922552021797e-05	0	0	8.43922552021797e-05	1
CSVGRGGEQFF	8.43922552021797e-05	0	0	8.43922552021797e-05	1
CSVTWTSGTDTQYF	8.43922552021797e-05	0	0	8.43922552021797e-05	1
CSVVGGADTQYF	8.43922552021797e-05	0	0	8.43922552021797e-05	1
CAISAGAGSDNEQFF	0	8.33666800053355e-05	0	8.33666800053355e-05	1
CARPRGETQYF	0	8.33666800053355e-05	0	8.33666800053355e-05	1
CASIGLSGANVLTF	0	8.33666800053355e-05	0	8.33666800053355e-05	1
CASNPGSRNEKLFF	0	8.33666800053355e-05	0	8.33666800053355e-05	1
CASRIRDRGYEQYF	0	8.33666800053355e-05	0	8.33666800053355e-05	1
CASRKTSGRTDTQYF	0	8.33666800053355e-05	0	8.33666800053355e-05	1
CASRPGQAYSEQYF	0	8.33666800053355e-05	0	8.33666800053355e-05	1
CASRPGTSDYEQYF	0	8.33666800053355e-05	0	8.33666800053355e-05	1
CASSEAGGRRQFNSPLHF	0	8.33666800053355e-05	0	8.33666800053355e-05	1
CASSEALRLAGTVGTDTQYF	0	8.33666800053355e-05	0	8.33666800053355e-05	1
CASSEAPGLAGGGEQFF	0	8.33666800053355e-05	0	8.33666800053355e-05	1
CASSEVGQGSNYGYTF	0	8.33666800053355e-05	0	8.33666800053355e-05	1
CASSEVLDEQFF	0	8.33666800053355e-05	0	8.33666800053355e-05	1
CASSEWAGTRGNEQFF	2.41120729149085e-05	8.33666800053355e-05	7.93848805824582e-05	8.33666800053355e-05	3
CASSFGQGNYEQYF	0	8.33666800053355e-05	0	8.33666800053355e-05	1
CASSHGLAGGTDTQYF	0	8.33666800053355e-05	0	8.33666800053355e-05	1
CASSIVRGNEQFF	0	8.33666800053355e-05	0	8.33666800053355e-05	1
CASSLGGGTQYF	0	8.33666800053355e-05	0	8.33666800053355e-05	1
CASSLGSGGETQYF	0	8.33666800053355e-05	0	8.33666800053355e-05	1
CASSLNRDYNTDTQYF	0	8.33666800053355e-05	0	8.33666800053355e-05	1
CASSLTSGQETQYF	0	8.33666800053355e-05	0	8.33666800053355e-05	1
CASSLWSRGRRFSKNIQYF	0	8.33666800053355e-05	0	8.33666800053355e-05	1
CASSMLAGVPNEQFF	0	8.33666800053355e-05	0	8.33666800053355e-05	1
CASSPLPGSSSGNTIYF	0	8.33666800053355e-05	0	8.33666800053355e-05	1
CASSPPDRGQYEQYF	0	8.33666800053355e-05	0	8.33666800053355e-05	1
CASSPPSGADTEAFF	4.8224145829817e-05	8.33666800053355e-05	5.67034861303273e-05	8.33666800053355e-05	3
CASSPQGLSNQPQHF	0	8.33666800053355e-05	0	8.33666800053355e-05	1
CASSPRGAAFATEAFF	0	8.33666800053355e-05	0	8.33666800053355e-05	1
CASSQDFQGLRDIQYF	0	8.33666800053355e-05	0	8.33666800053355e-05	1
CASSQETSYEQYF	0	8.33666800053355e-05	0	8.33666800053355e-05	1
CASSRGGRTTYEQYF	0	8.33666800053355e-05	0	8.33666800053355e-05	1
CASSRIILDRGLKLSSYEQYF	6.02801822872712e-05	8.33666800053355e-05	0	8.33666800053355e-05	2
CASSRLAVLYEQYF	2.41120729149085e-05	8.33666800053355e-05	0	8.33666800053355e-05	2
CASSSQGARYNEQFF	0	8.33666800053355e-05	0	8.33666800053355e-05	1
CASSTGSSGLLDTQYF	0	8.33666800053355e-05	0	8.33666800053355e-05	1
CASSVVSGRVGNEQFF	0	8.33666800053355e-05	0	8.33666800053355e-05	1
CASSVWDMNYGYTF	0	8.33666800053355e-05	0	8.33666800053355e-05	1
CASSYDLLQASGSELNNEQFF	4.8224145829817e-05	8.33666800053355e-05	0	8.33666800053355e-05	2
CASSYSSSRETQYF	4.8224145829817e-05	8.33666800053355e-05	0	8.33666800053355e-05	2
CASSYSTDTQYF	6.02801822872712e-05	8.33666800053355e-05	5.67034861303273e-05	8.33666800053355e-05	3
CASTKGTAPQHF	0	8.33666800053355e-05	0	8.33666800053355e-05	1
CASTTGVTDTQYF	0	8.33666800053355e-05	0	8.33666800053355e-05	1
CASVPGTGGYEQYF	0	8.33666800053355e-05	0	8.33666800053355e-05	1
CAWAGGGAYEQYF	0	8.33666800053355e-05	0	8.33666800053355e-05	1
CAWSPLGGGGTEAFF	0	8.33666800053355e-05	6.80441833563927e-05	8.33666800053355e-05	2
CAWSVTGELFF	0	8.33666800053355e-05	0	8.33666800053355e-05	1
CSAIPNLAGGVYNEQFF	0	8.33666800053355e-05	0	8.33666800053355e-05	1
CSALSGQGNEQYF	0	8.33666800053355e-05	0	8.33666800053355e-05	1
CSAPRSGHEQFF	0	8.33666800053355e-05	0	8.33666800053355e-05	1
CSARDARGLGAYF	0	8.33666800053355e-05	0	8.33666800053355e-05	1
CSARDSAASTDTQDF	0	8.33666800053355e-05	0	8.33666800053355e-05	1
CSAREQRGINEQFF	0	8.33666800053355e-05	0	8.33666800053355e-05	1
CSARGRAHYNEQFF	0	8.33666800053355e-05	7.93848805824582e-05	8.33666800053355e-05	2
CSASPGTGNQPQHF	0	8.33666800053355e-05	0	8.33666800053355e-05	1
CSTSGRFGDTQYF	0	8.33666800053355e-05	0	8.33666800053355e-05	1
CSVVGENTEAFF	0	8.33666800053355e-05	0	8.33666800053355e-05	1
CAGGGPSSYNSPLHF	0	0	7.93848805824582e-05	7.93848805824582e-05	1
CAIRDRKNTEAFF	0	0	7.93848805824582e-05	7.93848805824582e-05	1
CAIRGQDSVNEQFF	7.23362187447255e-05	0	7.93848805824582e-05	7.93848805824582e-05	2
CAISEQTWTGTSTQYF	0	0	7.93848805824582e-05	7.93848805824582e-05	1
CAISESWTGAYEQYF	0	0	7.93848805824582e-05	7.93848805824582e-05	1
CAISFNYGYTF	0	0	7.93848805824582e-05	7.93848805824582e-05	1
CAISGQGNYGYTF	0	0	7.93848805824582e-05	7.93848805824582e-05	1
CAISLAGGPNEQFF	0	0	7.93848805824582e-05	7.93848805824582e-05	1
CAISPGLAGIPKGNEQFF	0	0	7.93848805824582e-05	7.93848805824582e-05	1
CAISRGQYNSPLHF	0	0	7.93848805824582e-05	7.93848805824582e-05	1
CASGRTFSPTTNEKLFF	0	0	7.93848805824582e-05	7.93848805824582e-05	1
CASHGQGGPTNYGYTF	0	0	7.93848805824582e-05	7.93848805824582e-05	1
CASISAGVATQETQYF	0	0	7.93848805824582e-05	7.93848805824582e-05	1
CASIWGQTETQYF	0	0	7.93848805824582e-05	7.93848805824582e-05	1
CASKGTSGFRNEQFF	3.61681093723627e-05	0	7.93848805824582e-05	7.93848805824582e-05	2
CASKKGAGNQPQHF	0	0	7.93848805824582e-05	7.93848805824582e-05	1
CASKQTGSGANVLTF	0	0	7.93848805824582e-05	7.93848805824582e-05	1
CASKREGYNEQFF	0	0	7.93848805824582e-05	7.93848805824582e-05	1
CASLTASNQPQHF	0	0	7.93848805824582e-05	7.93848805824582e-05	1
CASNRANSPLHF	0	0	7.93848805824582e-05	7.93848805824582e-05	1
CASREGGVNQPQHF	0	0	7.93848805824582e-05	7.93848805824582e-05	1
CASRETGGGAFF	0	0	7.93848805824582e-05	7.93848805824582e-05	1
CASRGDRGNTEAFF	0	0	7.93848805824582e-05	7.93848805824582e-05	1
CASRGQLSNYGYTF	1.20560364574542e-05	0	7.93848805824582e-05	7.93848805824582e-05	2
CASRGTSGRSYNEQFF	0	0	7.93848805824582e-05	7.93848805824582e-05	1
CASRKNTEAFF	0	0	7.93848805824582e-05	7.93848805824582e-05	1
CASRNPGYSNQPQHF	3.61681093723627e-05	0	7.93848805824582e-05	7.93848805824582e-05	2
CASRRDVGVSYEQYF	0	0	7.93848805824582e-05	7.93848805824582e-05	1
CASRRLRDSRNEQFF	0	0	7.93848805824582e-05	7.93848805824582e-05	1
CASRSGQPPHEQYF	0	0	7.93848805824582e-05	7.93848805824582e-05	1
CASRSYGVGGYTF	0	0	7.93848805824582e-05	7.93848805824582e-05	1
CASRVSMNTEAFF	0	0	7.93848805824582e-05	7.93848805824582e-05	1
CASSDGGDANYGYTF	0	0	7.93848805824582e-05	7.93848805824582e-05	1
CASSDRVHTEAFF	0	0	7.93848805824582e-05	7.93848805824582e-05	1
CASSDSSSGEYEQYF	3.61681093723627e-05	0	7.93848805824582e-05	7.93848805824582e-05	2
CASSDTLAGLGTDTQYF	0	0	7.93848805824582e-05	7.93848805824582e-05	1
CASSEALRAAGYTF	0	0	7.93848805824582e-05	7.93848805824582e-05	1
CASSEDMTSGLDEQYF	2.41120729149085e-05	0	7.93848805824582e-05	7.93848805824582e-05	2
CASSEFSTASYEQYF	0	0	7.93848805824582e-05	7.93848805824582e-05	1
CASSEFTSGRTYNEQFF	3.61681093723627e-05	0	7.93848805824582e-05	7.93848805824582e-05	2
CASSEGGAQGRNQPQHF	0	0	7.93848805824582e-05	7.93848805824582e-05	1
CASSEGGNLRISYEQYF	0	0	7.93848805824582e-05	7.93848805824582e-05	1
CASSELADTQYF	0	0	7.93848805824582e-05	7.93848805824582e-05	1
CASSEPLRMLVDYGYTF	0	0	7.93848805824582e-05	7.93848805824582e-05	1
CASSETGSYGYTF	0	0	7.93848805824582e-05	7.93848805824582e-05	1
CASSFFYEQYF	0	0	7.93848805824582e-05	7.93848805824582e-05	1
CASSFQGNSLEQFF	0	0	7.93848805824582e-05	7.93848805824582e-05	1
CASSFRQGYEQYF	0	0	7.93848805824582e-05	7.93848805824582e-05	1
CASSFSERNNEQFF	0	0	7.93848805824582e-05	7.93848805824582e-05	1
CASSFTASSANEQFF	0	0	7.93848805824582e-05	7.93848805824582e-05	1
CASSFTGTGAYEQYF	3.61681093723627e-05	0	7.93848805824582e-05	7.93848805824582e-05	2
CASSFWAANPYEQYF	0	0	7.93848805824582e-05	7.93848805824582e-05	1
CASSFYRGRFRGYTF	0	0	7.93848805824582e-05	7.93848805824582e-05	1
CASSGIQGVYEQYF	0	0	7.93848805824582e-05	7.93848805824582e-05	1
CASSGYEQYF	0	0	7.93848805824582e-05	7.93848805824582e-05	1
CASSHLFQLAVTETNYGYTF	0	0	7.93848805824582e-05	7.93848805824582e-05	1
CASSHPGTGMIEQFF	0	0	7.93848805824582e-05	7.93848805824582e-05	1
CASSHQGIQETQYF	0	0	7.93848805824582e-05	7.93848805824582e-05	1
CASSILAGYNEQFF	1.20560364574542e-05	0	7.93848805824582e-05	7.93848805824582e-05	2
CASSILASGRALGELFF	0	0	7.93848805824582e-05	7.93848805824582e-05	1
CASSIQDYNQPQHF	0	0	7.93848805824582e-05	7.93848805824582e-05	1
CASSISGQGAYEQYF	0	0	7.93848805824582e-05	7.93848805824582e-05	1
CASSKGTGYTF	0	0	7.93848805824582e-05	7.93848805824582e-05	1
CASSLAAGSGLDTQYF	0	0	7.93848805824582e-05	7.93848805824582e-05	1
CASSLADTLMNTEAFF	0	0	7.93848805824582e-05	7.93848805824582e-05	1
CASSLAGDRSQHF	0	0	7.93848805824582e-05	7.93848805824582e-05	1
CASSLAGRGTDTQYF	0	0	7.93848805824582e-05	7.93848805824582e-05	1
CASSLAHRGLPLTDTQYF	0	0	7.93848805824582e-05	7.93848805824582e-05	1
CASSLASGEQYF	0	0	7.93848805824582e-05	7.93848805824582e-05	1
CASSLASGTEIYEQYF	0	0	7.93848805824582e-05	7.93848805824582e-05	1
CASSLDGSEQYF	0	0	7.93848805824582e-05	7.93848805824582e-05	1
CASSLDRGSKAFF	0	0	7.93848805824582e-05	7.93848805824582e-05	1
CASSLEGAVNQPQHF	4.8224145829817e-05	0	7.93848805824582e-05	7.93848805824582e-05	2
CASSLFSSYNEQFF	0	0	7.93848805824582e-05	7.93848805824582e-05	1
CASSLGFGLAVYNEQFF	0	0	7.93848805824582e-05	7.93848805824582e-05	1
CASSLGGGKVGELFF	0	0	7.93848805824582e-05	7.93848805824582e-05	1
CASSLGGLGGASYEQYF	0	0	7.93848805824582e-05	7.93848805824582e-05	1
CASSLGGQRLDNEQFF	0	0	7.93848805824582e-05	7.93848805824582e-05	1
CASSLGSLNYGYTF	1.20560364574542e-05	0	7.93848805824582e-05	7.93848805824582e-05	2
CASSLGTGLNYGYTF	0	0	7.93848805824582e-05	7.93848805824582e-05	1
CASSLLAGGTGELFF	0	0	7.93848805824582e-05	7.93848805824582e-05	1
CASSLLTGTSGTIEQFF	0	0	7.93848805824582e-05	7.93848805824582e-05	1
CASSLPYNEQFF	0	0	7.93848805824582e-05	7.93848805824582e-05	1
CASSLQNQPQHF	0	3.33466720021342e-05	7.93848805824582e-05	7.93848805824582e-05	2
CASSLRGQGNQPQHF	0	0	7.93848805824582e-05	7.93848805824582e-05	1
CASSLRLAGNEQYF	1.20560364574542e-05	0	7.93848805824582e-05	7.93848805824582e-05	2
CASSLSGAQETQYF	0	0	7.93848805824582e-05	7.93848805824582e-05	1
CASSLSGSPLHF	0	0	7.93848805824582e-05	7.93848805824582e-05	1
CASSLSLGSYEQYF	0	0	7.93848805824582e-05	7.93848805824582e-05	1
CASSLSVIAGGGSLGTQYF	0	0	7.93848805824582e-05	7.93848805824582e-05	1
CASSLTSGTSAQFF	0	0	7.93848805824582e-05	7.93848805824582e-05	1
CASSLVGTGALSYEQYF	0	3.33466720021342e-05	7.93848805824582e-05	7.93848805824582e-05	2
CASSLVPVNTEAFF	0	0	7.93848805824582e-05	7.93848805824582e-05	1
CASSLVTGGGAGELFF	0	0	7.93848805824582e-05	7.93848805824582e-05	1
CASSLYGEQFF	0	0	7.93848805824582e-05	7.93848805824582e-05	1
CASSLYSSRASNGNTIYF	0	0	7.93848805824582e-05	7.93848805824582e-05	1
CASSMGLIKETQYF	0	0	7.93848805824582e-05	7.93848805824582e-05	1
CASSMKGINTEAFF	0	0	7.93848805824582e-05	7.93848805824582e-05	1
CASSPAGTFVEQYF	0	0	7.93848805824582e-05	7.93848805824582e-05	1
CASSPAVPGGEQYF	0	0	7.93848805824582e-05	7.93848805824582e-05	1
CASSPDRDLQETQYF	0	0	7.93848805824582e-05	7.93848805824582e-05	1
CASSPDRNQPQHF	4.8224145829817e-05	0	7.93848805824582e-05	7.93848805824582e-05	2
CASSPGAPAYEQYF	0	0	7.93848805824582e-05	7.93848805824582e-05	1
CASSPGGDRSYEQYF	0	0	7.93848805824582e-05	7.93848805824582e-05	1
CASSPGRLQETQYF	0	0	7.93848805824582e-05	7.93848805824582e-05	1
CASSPGTGGESFQPQHF	0	0	7.93848805824582e-05	7.93848805824582e-05	1
CASSPIGRASTTDTQYF	0	0	7.93848805824582e-05	7.93848805824582e-05	1
CASSPLGVGEKLFF	0	0	7.93848805824582e-05	7.93848805824582e-05	1
CASSPLRETQYF	3.61681093723627e-05	0	7.93848805824582e-05	7.93848805824582e-05	2
CASSPLRSPLHF	0	0	7.93848805824582e-05	7.93848805824582e-05	1
CASSPPGDGTEAFF	0	0	7.93848805824582e-05	7.93848805824582e-05	1
CASSPPGQGARSYEQYF	0	0	7.93848805824582e-05	7.93848805824582e-05	1
CASSPPQRGGDTQYF	0	0	7.93848805824582e-05	7.93848805824582e-05	1
CASSPQIGFNQPQHF	0	0	7.93848805824582e-05	7.93848805824582e-05	1
CASSPRGGRVGEQYF	0	0	7.93848805824582e-05	7.93848805824582e-05	1
CASSPRGREETQYF	0	0	7.93848805824582e-05	7.93848805824582e-05	1
CASSPRRERVTEAFF	0	0	7.93848805824582e-05	7.93848805824582e-05	1
CASSPRSRHTQYF	0	0	7.93848805824582e-05	7.93848805824582e-05	1
CASSPRSRPPYQETQYF	0	0	7.93848805824582e-05	7.93848805824582e-05	1
CASSPRTGSQYF	0	0	7.93848805824582e-05	7.93848805824582e-05	1
CASSPRTGTGVRNEQFF	0	0	7.93848805824582e-05	7.93848805824582e-05	1
CASSPWGAETQYF	0	0	7.93848805824582e-05	7.93848805824582e-05	1
CASSPYSQGIHEQFF	0	0	7.93848805824582e-05	7.93848805824582e-05	1
CASSQAGSPLYAEAFF	0	0	7.93848805824582e-05	7.93848805824582e-05	1
CASSQAKGHGTTAFF	0	0	7.93848805824582e-05	7.93848805824582e-05	1
CASSQASSYNEQFF	0	0	7.93848805824582e-05	7.93848805824582e-05	1
CASSQATTTDTQYF	0	0	7.93848805824582e-05	7.93848805824582e-05	1
CASSQDAGGSGNEQFF	0	0	7.93848805824582e-05	7.93848805824582e-05	1
CASSQDLGGAAFF	0	0	7.93848805824582e-05	7.93848805824582e-05	1
CASSQDLLDREKLFF	0	0	7.93848805824582e-05	7.93848805824582e-05	1
CASSQEGTTGELFF	0	0	7.93848805824582e-05	7.93848805824582e-05	1
CASSQESGASTEAFF	4.8224145829817e-05	0	7.93848805824582e-05	7.93848805824582e-05	2
CASSQFSSGANVLTF	0	0	7.93848805824582e-05	7.93848805824582e-05	1
CASSQGGEKLFF	0	0	7.93848805824582e-05	7.93848805824582e-05	1
CASSQGSLGGEQYF	0	0	7.93848805824582e-05	7.93848805824582e-05	1
CASSQNRGHSGNTIYF	0	0	7.93848805824582e-05	7.93848805824582e-05	1
CASSQRPTGWSNQPQHF	0	0	7.93848805824582e-05	7.93848805824582e-05	1
CASSQSQGNYGYTF	0	0	7.93848805824582e-05	7.93848805824582e-05	1
CASSQSWRDTEAFF	0	0	7.93848805824582e-05	7.93848805824582e-05	1
CASSQTSGSYEQYF	0	0	7.93848805824582e-05	7.93848805824582e-05	1
CASSQVGSYETQYF	0	0	7.93848805824582e-05	7.93848805824582e-05	1
CASSQVLRQELFF	0	0	7.93848805824582e-05	7.93848805824582e-05	1
CASSQVRKGSTDTQYF	0	0	7.93848805824582e-05	7.93848805824582e-05	1
CASSQVTRGSPTQETQYF	0	0	7.93848805824582e-05	7.93848805824582e-05	1
CASSRGQDEKLFF	0	0	7.93848805824582e-05	7.93848805824582e-05	1
CASSRIKREWILNEQFF	0	0	7.93848805824582e-05	7.93848805824582e-05	1
CASSRLAGGPGEQFF	0	0	7.93848805824582e-05	7.93848805824582e-05	1
CASSRPTSYEQYF	2.41120729149085e-05	0	7.93848805824582e-05	7.93848805824582e-05	2
CASSRYRAGQGAGSAFF	0	0	7.93848805824582e-05	7.93848805824582e-05	1
CASSSGLAGTGELFF	6.02801822872712e-05	0	7.93848805824582e-05	7.93848805824582e-05	2
CASSSKGPTNHGYTF	0	0	7.93848805824582e-05	7.93848805824582e-05	1
CASSSPRGTGWTDTQYF	0	0	7.93848805824582e-05	7.93848805824582e-05	1
CASSSQSSGVALEQYF	0	0	7.93848805824582e-05	7.93848805824582e-05	1
CASSSRGGYNEQFF	0	0	7.93848805824582e-05	7.93848805824582e-05	1
CASSSSIRDRYNQPQHF	0	0	7.93848805824582e-05	7.93848805824582e-05	1
CASSSTEGYGYTF	0	0	7.93848805824582e-05	7.93848805824582e-05	1
CASSSVNPTQYF	0	0	7.93848805824582e-05	7.93848805824582e-05	1
CASSTASGSTDTQYF	0	0	7.93848805824582e-05	7.93848805824582e-05	1
CASSVDSGGPYEQYF	0	0	7.93848805824582e-05	7.93848805824582e-05	1
CASSVEGGGETQYF	0	0	7.93848805824582e-05	7.93848805824582e-05	1
CASSVGGRAGPSGELFF	0	0	7.93848805824582e-05	7.93848805824582e-05	1
CASSVGPWQSSGNTIYF	0	0	7.93848805824582e-05	7.93848805824582e-05	1
CASSVLTGTGNEQYF	0	0	7.93848805824582e-05	7.93848805824582e-05	1
CASSVSRANYGYTF	0	0	7.93848805824582e-05	7.93848805824582e-05	1
CASSVTSGRATDTQYF	0	0	7.93848805824582e-05	7.93848805824582e-05	1
CASSYEDSFGEVLFF	0	0	7.93848805824582e-05	7.93848805824582e-05	1
CASSYGQYSYNSPLHF	0	0	7.93848805824582e-05	7.93848805824582e-05	1
CASSYNTLKRGEQFF	0	0	7.93848805824582e-05	7.93848805824582e-05	1
CASSYQGAATEAFF	0	0	7.93848805824582e-05	7.93848805824582e-05	1
CASSYQSYEQYF	0	0	7.93848805824582e-05	7.93848805824582e-05	1
CASSYRLRENTGELFF	0	0	7.93848805824582e-05	7.93848805824582e-05	1
CASSYSGRGGGETQYF	0	0	7.93848805824582e-05	7.93848805824582e-05	1
CASSYSILQPQHF	0	0	7.93848805824582e-05	7.93848805824582e-05	1
CASSYSMGTPSYGYTF	0	0	7.93848805824582e-05	7.93848805824582e-05	1
CASSYSPRLYNSPLHF	0	0	7.93848805824582e-05	7.93848805824582e-05	1
CASSYSQGRGNTEAFF	0	0	7.93848805824582e-05	7.93848805824582e-05	1
CASSYTFGEKLFF	0	0	7.93848805824582e-05	7.93848805824582e-05	1
CASSYTRASGVNTEAFF	0	0	7.93848805824582e-05	7.93848805824582e-05	1
CASTLSHLGIYEQYF	0	0	7.93848805824582e-05	7.93848805824582e-05	1
CASTRLAGPTDTQYF	0	0	7.93848805824582e-05	7.93848805824582e-05	1
CASVTDNYGYTF	0	0	7.93848805824582e-05	7.93848805824582e-05	1
CATQTGSYTIYF	0	0	7.93848805824582e-05	7.93848805824582e-05	1
CATRGGSNTGELFF	6.02801822872712e-05	0	7.93848805824582e-05	7.93848805824582e-05	2
CATSAWGQETQYF	0	0	7.93848805824582e-05	7.93848805824582e-05	1
CATSDTPDHRNLHEQFF	0	0	7.93848805824582e-05	7.93848805824582e-05	1
CATSGWEISGSNEQFF	0	0	7.93848805824582e-05	7.93848805824582e-05	1
CATSKGGRGTDTQYF	0	0	7.93848805824582e-05	7.93848805824582e-05	1
CAWSVGGVRTEAFF	0	0	7.93848805824582e-05	7.93848805824582e-05	1
CAWSVGVRVRETQYF	0	0	7.93848805824582e-05	7.93848805824582e-05	1
CAWSVRAEAFF	0	0	7.93848805824582e-05	7.93848805824582e-05	1
CSAIWPGRNEQFF	0	0	7.93848805824582e-05	7.93848805824582e-05	1
CSAKSQGPETQYF	0	0	7.93848805824582e-05	7.93848805824582e-05	1
CSALLGNEQFF	0	0	7.93848805824582e-05	7.93848805824582e-05	1
CSAQWIGVDEKLFF	0	0	7.93848805824582e-05	7.93848805824582e-05	1
CSARASALLYNEQFF	0	0	7.93848805824582e-05	7.93848805824582e-05	1
CSARDLAGDYNEQFF	0	0	7.93848805824582e-05	7.93848805824582e-05	1
CSARDLPGGRNEQFF	0	0	7.93848805824582e-05	7.93848805824582e-05	1
CSARDPRYEQYF	0	0	7.93848805824582e-05	7.93848805824582e-05	1
CSARDSEDSTDTQYF	0	0	7.93848805824582e-05	7.93848805824582e-05	1
CSAREASNPYEQFF	0	0	7.93848805824582e-05	7.93848805824582e-05	1
CSAREGASTDTQYF	0	0	7.93848805824582e-05	7.93848805824582e-05	1
CSAREGGSYEQYF	4.8224145829817e-05	0	7.93848805824582e-05	7.93848805824582e-05	2
CSARELPGQSFEAFF	0	0	7.93848805824582e-05	7.93848805824582e-05	1
CSARGVGYIQYF	0	0	7.93848805824582e-05	7.93848805824582e-05	1
CSARIGAVTGELFF	0	0	7.93848805824582e-05	7.93848805824582e-05	1
CSARKQDTYNSPLHF	0	0	7.93848805824582e-05	7.93848805824582e-05	1
CSARMGETQYF	0	0	7.93848805824582e-05	7.93848805824582e-05	1
CSARRGQLNTEAFF	0	0	7.93848805824582e-05	7.93848805824582e-05	1
CSARRRDSPLNEQFF	0	0	7.93848805824582e-05	7.93848805824582e-05	1
CSARRRGKSYEQYF	0	0	7.93848805824582e-05	7.93848805824582e-05	1
CSARRVYEQFF	0	0	7.93848805824582e-05	7.93848805824582e-05	1
CSASISGREYEQYF	0	0	7.93848805824582e-05	7.93848805824582e-05	1
CSASWDRGYEQYF	0	0	7.93848805824582e-05	7.93848805824582e-05	1
CSATEGGGNLYEQYF	0	0	7.93848805824582e-05	7.93848805824582e-05	1
CSATGQGFDQPQHF	0	0	7.93848805824582e-05	7.93848805824582e-05	1
CSATRTGWSQYF	0	0	7.93848805824582e-05	7.93848805824582e-05	1
CSAYRDRRNTEAFF	0	0	7.93848805824582e-05	7.93848805824582e-05	1
CSVDGLRGRTYEQYF	3.61681093723627e-05	0	7.93848805824582e-05	7.93848805824582e-05	2
CSVEDLGAQTQYF	0	0	7.93848805824582e-05	7.93848805824582e-05	1
CSVGADTQYF	0	0	7.93848805824582e-05	7.93848805824582e-05	1
CSVQRYNEQFF	0	0	7.93848805824582e-05	7.93848805824582e-05	1
CSVQSPGRCWI	0	0	7.93848805824582e-05	7.93848805824582e-05	1
CASSFPGQASYEQYF	0	0	7.93848805824582e-05	7.93848805824582e-05	1
CASSGQLSGANVLTF	0	0	7.93848805824582e-05	7.93848805824582e-05	1
CASSIEGYPNEKLFF	0	0	7.93848805824582e-05	7.93848805824582e-05	1
CASSLASTDTQYF	0	0	7.93848805824582e-05	7.93848805824582e-05	1
CASSLLNTQYF	0	0	7.93848805824582e-05	7.93848805824582e-05	1
CASSLNLRDTQYF	0	0	7.93848805824582e-05	7.93848805824582e-05	1
CASSQDPGSNQPQHF	0	0	7.93848805824582e-05	7.93848805824582e-05	1
CASSSLTGGNTEAFF	0	0	7.93848805824582e-05	7.93848805824582e-05	1
CAGGGVFF	7.23362187447255e-05	0	0	7.23362187447255e-05	1
CAISALAVQETQYF	7.23362187447255e-05	0	0	7.23362187447255e-05	1
CAISEGHSEAFF	7.23362187447255e-05	0	0	7.23362187447255e-05	1
CAISEHDRVDGNTIYF	7.23362187447255e-05	0	0	7.23362187447255e-05	1
CAISEMTDNEQFF	7.23362187447255e-05	0	0	7.23362187447255e-05	1
CAISESAGTEKLFF	7.23362187447255e-05	0	0	7.23362187447255e-05	1
CAISESGGQGEQPQHF	7.23362187447255e-05	0	0	7.23362187447255e-05	1
CAISGLRDRESYEQYF	7.23362187447255e-05	0	0	7.23362187447255e-05	1
CAISRRLSGANVLTF	7.23362187447255e-05	0	0	7.23362187447255e-05	1
CAISRTGTLGNTDTQYF	7.23362187447255e-05	0	0	7.23362187447255e-05	1
CASGLAGGTGELFF	7.23362187447255e-05	0	0	7.23362187447255e-05	1
CASGLVPWGNGELFF	7.23362187447255e-05	0	0	7.23362187447255e-05	1
CASGRSYNEQFF	7.23362187447255e-05	0	0	7.23362187447255e-05	1
CASGTWGGGSPLHF	7.23362187447255e-05	0	0	7.23362187447255e-05	1
CASIIPVQNTEAFF	7.23362187447255e-05	0	0	7.23362187447255e-05	1
CASKDITLNTEAFF	7.23362187447255e-05	0	0	7.23362187447255e-05	1
CASNGYSNQPQHF	7.23362187447255e-05	0	0	7.23362187447255e-05	1
CASNLPGQGQHEQYF	7.23362187447255e-05	0	0	7.23362187447255e-05	1
CASNQGPPGYNEQFF	7.23362187447255e-05	0	0	7.23362187447255e-05	1
CASQSAGGRNQPQHF	7.23362187447255e-05	0	0	7.23362187447255e-05	1
CASRDATGGDQPQHF	7.23362187447255e-05	0	0	7.23362187447255e-05	1
CASRFGTQVEKLFF	7.23362187447255e-05	0	0	7.23362187447255e-05	1
CASRGQGAETQYF	7.23362187447255e-05	0	0	7.23362187447255e-05	1
CASRGVYTGELFF	7.23362187447255e-05	0	5.67034861303273e-05	7.23362187447255e-05	2
CASRHSIGREQFF	7.23362187447255e-05	0	4.53627889042618e-05	7.23362187447255e-05	2
CASRKDRTGELFF	7.23362187447255e-05	0	0	7.23362187447255e-05	1
CASRKSLGGPDTGELFF	7.23362187447255e-05	0	4.53627889042618e-05	7.23362187447255e-05	2
CASRPPWAGYGYTF	7.23362187447255e-05	0	0	7.23362187447255e-05	1
CASRSGLAEQFF	7.23362187447255e-05	0	0	7.23362187447255e-05	1
CASRSGQETQYF	7.23362187447255e-05	0	0	7.23362187447255e-05	1
CASRSSHEKLFF	7.23362187447255e-05	0	0	7.23362187447255e-05	1
CASRTAMNTEAFF	7.23362187447255e-05	0	0	7.23362187447255e-05	1
CASRTGSNQPQHF	7.23362187447255e-05	0	0	7.23362187447255e-05	1
CASSAGSGQSEQYF	7.23362187447255e-05	0	0	7.23362187447255e-05	1
CASSAGVVNTEAFF	7.23362187447255e-05	0	0	7.23362187447255e-05	1
CASSALDSNSPLHF	7.23362187447255e-05	0	0	7.23362187447255e-05	1
CASSARTGTDNYGYTF	7.23362187447255e-05	0	0	7.23362187447255e-05	1
CASSDHSSNSPLHF	7.23362187447255e-05	0	0	7.23362187447255e-05	1
CASSDLDNEQFF	7.23362187447255e-05	0	0	7.23362187447255e-05	1
CASSDLGIGGIATGELFF	7.23362187447255e-05	1.66733360010671e-05	2.26813944521309e-05	7.23362187447255e-05	3
CASSDYRGRDSPLHF	7.23362187447255e-05	0	0	7.23362187447255e-05	1
CASSEAYSYSYEQYF	7.23362187447255e-05	0	0	7.23362187447255e-05	1
CASSEGTGPYEQYF	7.23362187447255e-05	0	0	7.23362187447255e-05	1
CASSEPTTTNEKLFF	7.23362187447255e-05	0	0	7.23362187447255e-05	1
CASSEYNTGELFF	7.23362187447255e-05	0	0	7.23362187447255e-05	1
CASSEYPLTSWTDTQYF	7.23362187447255e-05	0	0	7.23362187447255e-05	1
CASSFFSGEGTDTQYF	7.23362187447255e-05	0	0	7.23362187447255e-05	1
CASSFGGRGYTF	7.23362187447255e-05	0	0	7.23362187447255e-05	1
CASSFGLAGVTDTQYF	7.23362187447255e-05	0	0	7.23362187447255e-05	1
CASSFGQHHEQYF	7.23362187447255e-05	0	0	7.23362187447255e-05	1
CASSFGRYEQYF	7.23362187447255e-05	0	0	7.23362187447255e-05	1
CASSFKRATNEKLFF	7.23362187447255e-05	0	0	7.23362187447255e-05	1
CASSFLAGGYEQYF	7.23362187447255e-05	0	0	7.23362187447255e-05	1
CASSFLSGRSGELFF	7.23362187447255e-05	0	0	7.23362187447255e-05	1
CASSFRPGSGANVLTF	7.23362187447255e-05	0	0	7.23362187447255e-05	1
CASSFRSSGANVLTF	7.23362187447255e-05	0	0	7.23362187447255e-05	1
CASSFTSGRAETQYF	7.23362187447255e-05	0	0	7.23362187447255e-05	1
CASSFVGNTEAFF	7.23362187447255e-05	0	0	7.23362187447255e-05	1
CASSGRDGANVLTF	7.23362187447255e-05	0	0	7.23362187447255e-05	1
CASSHAPNEQFF	7.23362187447255e-05	0	0	7.23362187447255e-05	1
CASSHKRQGVNNSPLHF	7.23362187447255e-05	0	0	7.23362187447255e-05	1
CASSHRNTNSPLHF	7.23362187447255e-05	0	0	7.23362187447255e-05	1
CASSHRQGNEQFF	7.23362187447255e-05	0	0	7.23362187447255e-05	1
CASSHRTNTGELFF	7.23362187447255e-05	0	0	7.23362187447255e-05	1
CASSIGGTGTDTQYF	7.23362187447255e-05	0	0	7.23362187447255e-05	1
CASSIGSRAEPQHF	7.23362187447255e-05	0	0	7.23362187447255e-05	1
CASSIRRTSSYNEQFF	7.23362187447255e-05	0	0	7.23362187447255e-05	1
CASSIVSGGEPIEAFF	7.23362187447255e-05	0	0	7.23362187447255e-05	1
CASSKPDAKDFYGYTF	7.23362187447255e-05	1.66733360010671e-05	0	7.23362187447255e-05	2
CASSKPTAGQGFNEQFF	7.23362187447255e-05	0	0	7.23362187447255e-05	1
CASSKSEPYEQYF	7.23362187447255e-05	0	0	7.23362187447255e-05	1
CASSLASGRHNEQFF	7.23362187447255e-05	0	0	7.23362187447255e-05	1
CASSLAVGFQSPLHF	7.23362187447255e-05	0	0	7.23362187447255e-05	1
CASSLDRAASVEQYF	7.23362187447255e-05	0	0	7.23362187447255e-05	1
CASSLDRGAGGPLIYEQYF	7.23362187447255e-05	0	0	7.23362187447255e-05	1
CASSLEGRGYGYTF	7.23362187447255e-05	0	0	7.23362187447255e-05	1
CASSLESPGVTQYF	7.23362187447255e-05	0	0	7.23362187447255e-05	1
CASSLGAGVETQYF	7.23362187447255e-05	0	0	7.23362187447255e-05	1
CASSLGLAGPYEQFF	7.23362187447255e-05	0	0	7.23362187447255e-05	1
CASSLGPTGPYEQYF	7.23362187447255e-05	0	0	7.23362187447255e-05	1
CASSLGQGDNSPLHF	7.23362187447255e-05	0	0	7.23362187447255e-05	1
CASSLGTPGNTIYF	7.23362187447255e-05	0	0	7.23362187447255e-05	1
CASSLIAGWRTDTQYF	7.23362187447255e-05	0	0	7.23362187447255e-05	1
CASSLITGELFF	7.23362187447255e-05	0	0	7.23362187447255e-05	1
CASSLLLSVGEQFF	7.23362187447255e-05	0	0	7.23362187447255e-05	1
CASSLMGLAGWADTQYF	7.23362187447255e-05	0	0	7.23362187447255e-05	1
CASSLMGSGAETQYF	7.23362187447255e-05	0	0	7.23362187447255e-05	1
CASSLQGSGYNEQFF	7.23362187447255e-05	0	0	7.23362187447255e-05	1
CASSLRGLWTDNEQFF	7.23362187447255e-05	0	0	7.23362187447255e-05	1
CASSLRLAGDSDTQYF	7.23362187447255e-05	0	0	7.23362187447255e-05	1
CASSLRLGPQFF	7.23362187447255e-05	0	0	7.23362187447255e-05	1
CASSLRSGRLDEQFF	7.23362187447255e-05	0	0	7.23362187447255e-05	1
CASSLSGGGWSNQPQHF	7.23362187447255e-05	0	0	7.23362187447255e-05	1
CASSLSGGRAAGELFF	7.23362187447255e-05	0	0	7.23362187447255e-05	1
CASSLTQTYGYTF	7.23362187447255e-05	0	0	7.23362187447255e-05	1
CASSLVRQSRYF	7.23362187447255e-05	0	0	7.23362187447255e-05	1
CASSLVTGGTTEAFF	7.23362187447255e-05	0	0	7.23362187447255e-05	1
CASSLWGGLGSYEQYF	7.23362187447255e-05	0	0	7.23362187447255e-05	1
CASSMGDGSRNEQFF	7.23362187447255e-05	0	0	7.23362187447255e-05	1
CASSMTSGNYEQYF	7.23362187447255e-05	0	0	7.23362187447255e-05	1
CASSPDFYNEQFF	7.23362187447255e-05	0	0	7.23362187447255e-05	1
CASSPDRRNTGELFF	7.23362187447255e-05	0	0	7.23362187447255e-05	1
CASSPGFEQYF	7.23362187447255e-05	0	0	7.23362187447255e-05	1
CASSPGGTSTDTQYF	7.23362187447255e-05	0	0	7.23362187447255e-05	1
CASSPGQGAPVGEKLFF	7.23362187447255e-05	0	0	7.23362187447255e-05	1
CASSPGQLSYEQYF	7.23362187447255e-05	0	0	7.23362187447255e-05	1
CASSPGSGGTETQYF	7.23362187447255e-05	0	0	7.23362187447255e-05	1
CASSPIGQGSYGYTF	7.23362187447255e-05	0	0	7.23362187447255e-05	1
CASSPIRTEAFF	7.23362187447255e-05	0	0	7.23362187447255e-05	1
CASSPLGGRSDTQYF	7.23362187447255e-05	0	0	7.23362187447255e-05	1
CASSPLGREWHNEQFF	7.23362187447255e-05	5.00200080032013e-05	0	7.23362187447255e-05	2
CASSPLGRSTDTQYF	7.23362187447255e-05	6.66933440042684e-05	2.26813944521309e-05	7.23362187447255e-05	3
CASSPPSRGRELFF	7.23362187447255e-05	0	0	7.23362187447255e-05	1
CASSPPYLGETQYF	7.23362187447255e-05	0	0	7.23362187447255e-05	1
CASSPRDSSYNSPLHF	7.23362187447255e-05	0	0	7.23362187447255e-05	1
CASSPRGRSAYNEQFF	7.23362187447255e-05	0	0	7.23362187447255e-05	1
CASSPRSYQETQYF	7.23362187447255e-05	0	0	7.23362187447255e-05	1
CASSPTADSSYEQYF	7.23362187447255e-05	0	0	7.23362187447255e-05	1
CASSPTAGQIYGYTF	7.23362187447255e-05	0	0	7.23362187447255e-05	1
CASSPTGPGELFF	7.23362187447255e-05	0	0	7.23362187447255e-05	1
CASSPTQGPLAKNIQYF	7.23362187447255e-05	0	0	7.23362187447255e-05	1
CASSQAGSPYNEQFF	7.23362187447255e-05	0	0	7.23362187447255e-05	1
CASSQDIVKTQYF	7.23362187447255e-05	0	0	7.23362187447255e-05	1
CASSQDPSGIYNEQFF	7.23362187447255e-05	0	0	7.23362187447255e-05	1
CASSQDWLAGTSEQFF	7.23362187447255e-05	0	0	7.23362187447255e-05	1
CASSQEKLGGPGGELFF	7.23362187447255e-05	0	0	7.23362187447255e-05	1
CASSQELGQGARGANVLTF	7.23362187447255e-05	0	0	7.23362187447255e-05	1
CASSQGAKGEKLFF	7.23362187447255e-05	0	0	7.23362187447255e-05	1
CASSQPGTGVSGANVLTF	7.23362187447255e-05	0	0	7.23362187447255e-05	1
CASSQPNTGELFF	7.23362187447255e-05	0	0	7.23362187447255e-05	1
CASSQRLAGSYEQYF	7.23362187447255e-05	0	0	7.23362187447255e-05	1
CASSQRTSGTTQYF	7.23362187447255e-05	0	0	7.23362187447255e-05	1
CASSQTGGAGYGYTF	7.23362187447255e-05	0	0	7.23362187447255e-05	1
CASSQVIGGRASGYTF	7.23362187447255e-05	0	0	7.23362187447255e-05	1
CASSQVPGYEQYF	7.23362187447255e-05	0	0	7.23362187447255e-05	1
CASSQVVNSGNTIYF	7.23362187447255e-05	0	0	7.23362187447255e-05	1
CASSQYSGLSYEQYF	7.23362187447255e-05	0	0	7.23362187447255e-05	1
CASSRAPRQGGHGELFF	7.23362187447255e-05	0	0	7.23362187447255e-05	1
CASSRGGYTGELFF	7.23362187447255e-05	0	0	7.23362187447255e-05	1
CASSRGTNSPLHF	7.23362187447255e-05	0	3.40220916781964e-05	7.23362187447255e-05	2
CASSRLAGVDEQFF	7.23362187447255e-05	0	0	7.23362187447255e-05	1
CASSRLEGDTGELFF	7.23362187447255e-05	0	0	7.23362187447255e-05	1
CASSRQGARTNDF	7.23362187447255e-05	0	0	7.23362187447255e-05	1
CASSRRGTGELFF	7.23362187447255e-05	0	0	7.23362187447255e-05	1
CASSRSDRKGYEQYF	7.23362187447255e-05	0	0	7.23362187447255e-05	1
CASSRTGRYYNEQFF	7.23362187447255e-05	0	0	7.23362187447255e-05	1
CASSRTGTIAFGEQYF	7.23362187447255e-05	0	0	7.23362187447255e-05	1
CASSRTGTTGELFF	7.23362187447255e-05	0	0	7.23362187447255e-05	1
CASSRTSSYEQYF	7.23362187447255e-05	0	0	7.23362187447255e-05	1
CASSSGLAVGDEQYF	7.23362187447255e-05	0	0	7.23362187447255e-05	1
CASSSGQGVRNSPLHF	7.23362187447255e-05	0	0	7.23362187447255e-05	1
CASSSGTSGRAWETQYF	7.23362187447255e-05	0	0	7.23362187447255e-05	1
CASSSSGRAYEQYF	7.23362187447255e-05	0	0	7.23362187447255e-05	1
CASSSVYEQFF	7.23362187447255e-05	0	0	7.23362187447255e-05	1
CASSSYSGSSYEQYF	7.23362187447255e-05	0	0	7.23362187447255e-05	1
CASSTEGLAGSITYNEQFF	7.23362187447255e-05	0	0	7.23362187447255e-05	1
CASSTGDTQYF	7.23362187447255e-05	0	2.26813944521309e-05	7.23362187447255e-05	2
CASSTRLNTEAFF	7.23362187447255e-05	0	0	7.23362187447255e-05	1
CASSTSATNTGELFF	7.23362187447255e-05	0	0	7.23362187447255e-05	1
CASSTTGLASGELFF	7.23362187447255e-05	0	0	7.23362187447255e-05	1
CASSVETSGPVSWNEQFF	7.23362187447255e-05	0	0	7.23362187447255e-05	1
CASSVGLAESYEQYF	7.23362187447255e-05	0	0	7.23362187447255e-05	1
CASSVGQGNRVGYTF	7.23362187447255e-05	0	0	7.23362187447255e-05	1
CASSVTGLSGNTIYF	7.23362187447255e-05	0	0	7.23362187447255e-05	1
CASSWLRTDTQYF	7.23362187447255e-05	0	0	7.23362187447255e-05	1
CASSWTSSGRGNEQFF	7.23362187447255e-05	0	0	7.23362187447255e-05	1
CASSYGGSGNTIYF	7.23362187447255e-05	0	0	7.23362187447255e-05	1
CASSYHGGTYEQYF	7.23362187447255e-05	0	0	7.23362187447255e-05	1
CASSYSDRGAYEQYF	7.23362187447255e-05	0	0	7.23362187447255e-05	1
CASSYSTTEAFF	7.23362187447255e-05	0	0	7.23362187447255e-05	1
CASSYTGGGQPQHF	7.23362187447255e-05	0	0	7.23362187447255e-05	1
CASSYWASGSGTGELFF	7.23362187447255e-05	0	0	7.23362187447255e-05	1
CASSYWGQGPSEQYF	7.23362187447255e-05	0	0	7.23362187447255e-05	1
CASTGERYYEQYF	7.23362187447255e-05	0	0	7.23362187447255e-05	1
CASTGTGANYGYTF	7.23362187447255e-05	0	2.26813944521309e-05	7.23362187447255e-05	2
CASTQGAYGELFF	7.23362187447255e-05	0	0	7.23362187447255e-05	1
CASTRDSFSPLHF	7.23362187447255e-05	0	0	7.23362187447255e-05	1
CASTVGGGASPLHF	7.23362187447255e-05	0	0	7.23362187447255e-05	1
CATNSGPSPSIQYF	7.23362187447255e-05	0	0	7.23362187447255e-05	1
CATRGSDEAFF	7.23362187447255e-05	0	0	7.23362187447255e-05	1
CATSDFSEGRGTDTQYF	7.23362187447255e-05	0	0	7.23362187447255e-05	1
CATSDLDSHNEQFF	7.23362187447255e-05	0	0	7.23362187447255e-05	1
CATSGRAFNEQFF	7.23362187447255e-05	0	0	7.23362187447255e-05	1
CATSSPQPPNYGYTF	7.23362187447255e-05	0	0	7.23362187447255e-05	1
CATVHTGVPYEQYF	7.23362187447255e-05	0	0	7.23362187447255e-05	1
CAWRMVAGGPVQYF	7.23362187447255e-05	0	3.40220916781964e-05	7.23362187447255e-05	2
CAWSAPRATTGGGRGGGYTF	7.23362187447255e-05	0	0	7.23362187447255e-05	1
CAWSDQTGEWDSPLHF	7.23362187447255e-05	0	0	7.23362187447255e-05	1
CAWSVPATNEKLFF	7.23362187447255e-05	0	0	7.23362187447255e-05	1
CAWSVRTSGRSSYEQYF	7.23362187447255e-05	0	0	7.23362187447255e-05	1
CSADGRIRLADEQYF	7.23362187447255e-05	0	0	7.23362187447255e-05	1
CSAFGETNEQFF	7.23362187447255e-05	0	0	7.23362187447255e-05	1
CSAHGQALGYEQYF	7.23362187447255e-05	0	0	7.23362187447255e-05	1
CSAILAGGPYEQYF	7.23362187447255e-05	0	0	7.23362187447255e-05	1
CSALRQAPTDTQYF	7.23362187447255e-05	0	0	7.23362187447255e-05	1
CSANRQGKTQYF	7.23362187447255e-05	0	0	7.23362187447255e-05	1
CSARDALPGDEQFF	7.23362187447255e-05	0	0	7.23362187447255e-05	1
CSARDPGTVNTEAFF	7.23362187447255e-05	0	0	7.23362187447255e-05	1
CSARDSGRIEAFF	7.23362187447255e-05	0	0	7.23362187447255e-05	1
CSARDSSTSRSFF	7.23362187447255e-05	6.66933440042684e-05	3.40220916781964e-05	7.23362187447255e-05	3
CSARDVRTGEAGELFF	7.23362187447255e-05	0	0	7.23362187447255e-05	1
CSARGDRGTGELFF	7.23362187447255e-05	0	0	7.23362187447255e-05	1
CSARGGGPNTEAFF	7.23362187447255e-05	0	0	7.23362187447255e-05	1
CSARGGHVYEQYF	7.23362187447255e-05	0	0	7.23362187447255e-05	1
CSARGGTGEKLFF	7.23362187447255e-05	0	0	7.23362187447255e-05	1
CSARGQAGYSNQPQHF	7.23362187447255e-05	0	0	7.23362187447255e-05	1
CSARGRRNTEAFF	7.23362187447255e-05	0	0	7.23362187447255e-05	1
CSARLGLAGGPHGANVLTF	7.23362187447255e-05	0	0	7.23362187447255e-05	1
CSARPAGANVLTF	7.23362187447255e-05	0	0	7.23362187447255e-05	1
CSARRPSGKRDEQFF	7.23362187447255e-05	0	0	7.23362187447255e-05	1
CSARRQGYTEAFF	7.23362187447255e-05	0	0	7.23362187447255e-05	1
CSARSRSSYNEQFF	7.23362187447255e-05	0	0	7.23362187447255e-05	1
CSARVGLAGGETQYF	7.23362187447255e-05	0	0	7.23362187447255e-05	1
CSARVGQYNQPQHF	7.23362187447255e-05	0	0	7.23362187447255e-05	1
CSARVPGGSETQYF	7.23362187447255e-05	0	0	7.23362187447255e-05	1
CSASFRVGETQYF	7.23362187447255e-05	0	0	7.23362187447255e-05	1
CSASHTGGGEQYF	7.23362187447255e-05	0	0	7.23362187447255e-05	1
CSASLPGQGASYGYTF	7.23362187447255e-05	0	0	7.23362187447255e-05	1
CSASPGHLNTEAFF	7.23362187447255e-05	0	0	7.23362187447255e-05	1
CSASQGGEQYF	7.23362187447255e-05	0	0	7.23362187447255e-05	1
CSASREPGYEQYF	7.23362187447255e-05	0	0	7.23362187447255e-05	1
CSASSTGETQYF	7.23362187447255e-05	0	0	7.23362187447255e-05	1
CSASTGTDIQYF	7.23362187447255e-05	0	0	7.23362187447255e-05	1
CSATRQGAEAFF	7.23362187447255e-05	0	0	7.23362187447255e-05	1
CSATTIGQGRQPQHF	7.23362187447255e-05	0	0	7.23362187447255e-05	1
CSGEAGGYEQYF	7.23362187447255e-05	0	0	7.23362187447255e-05	1
CSGIPVHNSYEQYF	7.23362187447255e-05	0	0	7.23362187447255e-05	1
CSVDGSGETQYF	7.23362187447255e-05	0	0	7.23362187447255e-05	1
CSVGREKLFF	7.23362187447255e-05	0	0	7.23362187447255e-05	1
CSVVRIRLDEQFF	7.23362187447255e-05	0	0	7.23362187447255e-05	1
CSVWTSNTGELFF	7.23362187447255e-05	0	0	7.23362187447255e-05	1
CAGDTYNEQFF	0	0	6.80441833563927e-05	6.80441833563927e-05	1
CAIAGTSTDTQYF	0	0	6.80441833563927e-05	6.80441833563927e-05	1
CAIRDSGNEQYF	0	0	6.80441833563927e-05	6.80441833563927e-05	1
CAIRRRQGEGYTF	0	0	6.80441833563927e-05	6.80441833563927e-05	1
CAISAPGQGEYGYTF	0	0	6.80441833563927e-05	6.80441833563927e-05	1
CAISDRLSKSDEQFF	0	0	6.80441833563927e-05	6.80441833563927e-05	1
CAISDRRTGITNEKLFF	0	0	6.80441833563927e-05	6.80441833563927e-05	1
CAISESFTGGEDTQYF	0	0	6.80441833563927e-05	6.80441833563927e-05	1
CAISESREGAAEQYF	0	0	6.80441833563927e-05	6.80441833563927e-05	1
CAISGAAAGELFF	0	0	6.80441833563927e-05	6.80441833563927e-05	1
CAISGNRGNEQFF	0	0	6.80441833563927e-05	6.80441833563927e-05	1
CAISGPQETQYF	0	0	6.80441833563927e-05	6.80441833563927e-05	1
CAISGRPTVNEQFF	1.20560364574542e-05	0	6.80441833563927e-05	6.80441833563927e-05	2
CAISGSLFTDEQFF	0	0	6.80441833563927e-05	6.80441833563927e-05	1
CAISIAGGRNEQFF	0	0	6.80441833563927e-05	6.80441833563927e-05	1
CAISPGTGQWNIQYF	0	0	6.80441833563927e-05	6.80441833563927e-05	1
CAISVGVSGNTIYF	0	0	6.80441833563927e-05	6.80441833563927e-05	1
CAIVGKGASHEQYF	1.20560364574542e-05	0	6.80441833563927e-05	6.80441833563927e-05	2
CASCDSDNYGYTF	0	0	6.80441833563927e-05	6.80441833563927e-05	1
CASEGYARGNGYTF	0	0	6.80441833563927e-05	6.80441833563927e-05	1
CASGPRSPFTDTQYF	0	0	6.80441833563927e-05	6.80441833563927e-05	1
CASGSALSGEKLFF	4.8224145829817e-05	0	6.80441833563927e-05	6.80441833563927e-05	2
CASIGRFPTEAFF	0	0	6.80441833563927e-05	6.80441833563927e-05	1
CASKAWGGAGGNSGANVLTF	6.02801822872712e-05	0	6.80441833563927e-05	6.80441833563927e-05	2
CASKGGETQYF	0	0	6.80441833563927e-05	6.80441833563927e-05	1
CASKPDRASYEQYF	0	3.33466720021342e-05	6.80441833563927e-05	6.80441833563927e-05	2
CASKYLGPTGELFF	0	0	6.80441833563927e-05	6.80441833563927e-05	1
CASNDRLAGNEQYF	0	0	6.80441833563927e-05	6.80441833563927e-05	1
CASNIQGLPLHF	0	0	6.80441833563927e-05	6.80441833563927e-05	1
CASQQGLGYGYTF	0	0	6.80441833563927e-05	6.80441833563927e-05	1
CASRANTGDRSYEQYF	0	0	6.80441833563927e-05	6.80441833563927e-05	1
CASRDRGSYEQYF	0	0	6.80441833563927e-05	6.80441833563927e-05	1
CASRESNQPQHF	0	0	6.80441833563927e-05	6.80441833563927e-05	1
CASRGPLRDTEAFF	0	0	6.80441833563927e-05	6.80441833563927e-05	1
CASRGQANYNEQFF	0	0	6.80441833563927e-05	6.80441833563927e-05	1
CASRPRTSGSTDTQYF	0	0	6.80441833563927e-05	6.80441833563927e-05	1
CASRPSSEDTQYF	0	0	6.80441833563927e-05	6.80441833563927e-05	1
CASRPTGLSNQPQHF	0	0	6.80441833563927e-05	6.80441833563927e-05	1
CASRRARSGAYNEQFF	0	0	6.80441833563927e-05	6.80441833563927e-05	1
CASRRLAGGRYNEQFF	0	0	6.80441833563927e-05	6.80441833563927e-05	1
CASRSDRGSNTEAFF	0	0	6.80441833563927e-05	6.80441833563927e-05	1
CASRTGGVSYEQYF	0	0	6.80441833563927e-05	6.80441833563927e-05	1
CASRTGTSSSYNEQFF	0	0	6.80441833563927e-05	6.80441833563927e-05	1
CASSAGQGGSYGYTF	0	0	6.80441833563927e-05	6.80441833563927e-05	1
CASSARTSVTNTGELFF	0	0	6.80441833563927e-05	6.80441833563927e-05	1
CASSATTAWETQYF	0	0	6.80441833563927e-05	6.80441833563927e-05	1
CASSDFRGPNEQFF	0	0	6.80441833563927e-05	6.80441833563927e-05	1
CASSDVRGRSGNTIYF	0	0	6.80441833563927e-05	6.80441833563927e-05	1
CASSEFNEQYF	0	0	6.80441833563927e-05	6.80441833563927e-05	1
CASSEGTGKWYTEAFF	0	0	6.80441833563927e-05	6.80441833563927e-05	1
CASSELAGSLYNEQFF	0	1.66733360010671e-05	6.80441833563927e-05	6.80441833563927e-05	2
CASSERAGSTDTQYF	1.20560364574542e-05	0	6.80441833563927e-05	6.80441833563927e-05	2
CASSERGTLSKPQHF	0	0	6.80441833563927e-05	6.80441833563927e-05	1
CASSESGRAGEQYF	0	0	6.80441833563927e-05	6.80441833563927e-05	1
CASSETRQGFYGYTF	0	0	6.80441833563927e-05	6.80441833563927e-05	1
CASSEVMGLTEYSNQPQHF	0	0	6.80441833563927e-05	6.80441833563927e-05	1
CASSFFDEDTQYF	0	0	6.80441833563927e-05	6.80441833563927e-05	1
CASSFGSGNSYEQYF	0	0	6.80441833563927e-05	6.80441833563927e-05	1
CASSFHRLVGLAEPSYNEQFF	0	0	6.80441833563927e-05	6.80441833563927e-05	1
CASSFLRDRVNYGYTF	0	5.00200080032013e-05	6.80441833563927e-05	6.80441833563927e-05	2
CASSFRGAGANVLTF	0	0	6.80441833563927e-05	6.80441833563927e-05	1
CASSFTSAGGGEQYF	2.41120729149085e-05	0	6.80441833563927e-05	6.80441833563927e-05	2
CASSGAGRRTYNEQFF	0	0	6.80441833563927e-05	6.80441833563927e-05	1
CASSGGGGTEAFF	0	0	6.80441833563927e-05	6.80441833563927e-05	1
CASSGHTDTQYF	0	0	6.80441833563927e-05	6.80441833563927e-05	1
CASSGREIIGELFF	0	0	6.80441833563927e-05	6.80441833563927e-05	1
CASSGTPNTEAFF	0	0	6.80441833563927e-05	6.80441833563927e-05	1
CASSHDRGVQYF	0	0	6.80441833563927e-05	6.80441833563927e-05	1
CASSHGTGGSYEQYF	3.61681093723627e-05	0	6.80441833563927e-05	6.80441833563927e-05	2
CASSHPGLAGQRFF	0	0	6.80441833563927e-05	6.80441833563927e-05	1
CASSIARGKVETQYF	0	0	6.80441833563927e-05	6.80441833563927e-05	1
CASSIIDGYEQYF	0	0	6.80441833563927e-05	6.80441833563927e-05	1
CASSIRLAGEKEQYF	0	0	6.80441833563927e-05	6.80441833563927e-05	1
CASSISGRALDTQYF	0	0	6.80441833563927e-05	6.80441833563927e-05	1
CASSISPGTGMSGYTF	0	0	6.80441833563927e-05	6.80441833563927e-05	1
CASSISRSGSNEQFF	0	0	6.80441833563927e-05	6.80441833563927e-05	1
CASSKTANTGELFF	0	0	6.80441833563927e-05	6.80441833563927e-05	1
CASSKTPLFSKRETQYF	0	0	6.80441833563927e-05	6.80441833563927e-05	1
CASSLAGTEKLFF	0	0	6.80441833563927e-05	6.80441833563927e-05	1
CASSLAGTGAYEQYF	3.61681093723627e-05	0	6.80441833563927e-05	6.80441833563927e-05	2
CASSLAWTGWETQYF	0	0	6.80441833563927e-05	6.80441833563927e-05	1
CASSLDYYTDTQYF	0	0	6.80441833563927e-05	6.80441833563927e-05	1
CASSLGGGRARNEQFF	0	0	6.80441833563927e-05	6.80441833563927e-05	1
CASSLGGLATEAFF	0	0	6.80441833563927e-05	6.80441833563927e-05	1
CASSLGGRVLDEQYF	0	0	6.80441833563927e-05	6.80441833563927e-05	1
CASSLGGTGGWHEQFF	0	0	6.80441833563927e-05	6.80441833563927e-05	1
CASSLGQGAGEQYF	0	0	6.80441833563927e-05	6.80441833563927e-05	1
CASSLGQMNTEAFF	0	0	6.80441833563927e-05	6.80441833563927e-05	1
CASSLGSGTTNEQYF	0	0	6.80441833563927e-05	6.80441833563927e-05	1
CASSLGTSHTGELFF	0	0	6.80441833563927e-05	6.80441833563927e-05	1
CASSLGVTGLYNEQFF	0	0	6.80441833563927e-05	6.80441833563927e-05	1
CASSLHFRGRGSNQPQHF	0	0	6.80441833563927e-05	6.80441833563927e-05	1
CASSLLGGPQHF	0	0	6.80441833563927e-05	6.80441833563927e-05	1
CASSLNSYEQYF	0	0	6.80441833563927e-05	6.80441833563927e-05	1
CASSLPGTGTYEQYF	0	0	6.80441833563927e-05	6.80441833563927e-05	1
CASSLPLGEQYF	2.41120729149085e-05	0	6.80441833563927e-05	6.80441833563927e-05	2
CASSLQGSGVYAYEQYF	0	0	6.80441833563927e-05	6.80441833563927e-05	1
CASSLRLAGAMGYF	0	0	6.80441833563927e-05	6.80441833563927e-05	1
CASSLRTGGDSPLHF	0	0	6.80441833563927e-05	6.80441833563927e-05	1
CASSLSAGDPEQYF	0	0	6.80441833563927e-05	6.80441833563927e-05	1
CASSLSDLSYEQYF	0	0	6.80441833563927e-05	6.80441833563927e-05	1
CASSLSGTWGETQYF	2.41120729149085e-05	0	6.80441833563927e-05	6.80441833563927e-05	2
CASSLTAGGYETQYF	0	0	6.80441833563927e-05	6.80441833563927e-05	1
CASSLWGGSNYGYTF	6.02801822872712e-05	0	6.80441833563927e-05	6.80441833563927e-05	2
CASSLWGQETQYF	4.8224145829817e-05	0	6.80441833563927e-05	6.80441833563927e-05	2
CASSLWGQGYEQYF	0	0	6.80441833563927e-05	6.80441833563927e-05	1
CASSMGETNFGDTQYF	0	0	6.80441833563927e-05	6.80441833563927e-05	1
CASSMLGQRRNTIYF	0	0	6.80441833563927e-05	6.80441833563927e-05	1
CASSNLAGGSNEQFF	0	0	6.80441833563927e-05	6.80441833563927e-05	1
CASSPFDGAGGYTF	0	0	6.80441833563927e-05	6.80441833563927e-05	1
CASSPGQSPKNIQYF	0	0	6.80441833563927e-05	6.80441833563927e-05	1
CASSPGTSGPTDTQYF	0	0	6.80441833563927e-05	6.80441833563927e-05	1
CASSPHSGRMTRLFF	6.02801822872712e-05	0	6.80441833563927e-05	6.80441833563927e-05	2
CASSPHWAGELFF	0	0	6.80441833563927e-05	6.80441833563927e-05	1
CASSPKFEDRGQETQYF	0	0	6.80441833563927e-05	6.80441833563927e-05	1
CASSPLAGGGQPQHF	0	0	6.80441833563927e-05	6.80441833563927e-05	1
CASSPMGLVEAFF	0	0	6.80441833563927e-05	6.80441833563927e-05	1
CASSPNTLVGYF	0	0	6.80441833563927e-05	6.80441833563927e-05	1
CASSPQGNTEAFF	0	0	6.80441833563927e-05	6.80441833563927e-05	1
CASSPQTSGTYEQYF	0	0	6.80441833563927e-05	6.80441833563927e-05	1
CASSPRLAGGGGNEQFF	0	0	6.80441833563927e-05	6.80441833563927e-05	1
CASSPRLGTQYF	0	0	6.80441833563927e-05	6.80441833563927e-05	1
CASSPVLGQGDEKLFF	0	0	6.80441833563927e-05	6.80441833563927e-05	1
CASSPVPGSGAGGNTIYF	0	0	6.80441833563927e-05	6.80441833563927e-05	1
CASSPYDRGPYGYTF	4.8224145829817e-05	0	6.80441833563927e-05	6.80441833563927e-05	2
CASSQAGLAGGPTDTQYF	0	0	6.80441833563927e-05	6.80441833563927e-05	1
CASSQAWISKLFF	0	0	6.80441833563927e-05	6.80441833563927e-05	1
CASSQDGTVTNEKLFF	0	0	6.80441833563927e-05	6.80441833563927e-05	1
CASSQDRLAGSTDTQYF	2.41120729149085e-05	0	6.80441833563927e-05	6.80441833563927e-05	2
CASSQDRWLAGRDNEQFF	0	0	6.80441833563927e-05	6.80441833563927e-05	1
CASSQDWGREFPEQYF	0	0	6.80441833563927e-05	6.80441833563927e-05	1
CASSQGEGLYEQYF	0	0	6.80441833563927e-05	6.80441833563927e-05	1
CASSQGGGGDTGELFF	0	0	6.80441833563927e-05	6.80441833563927e-05	1
CASSQGMDSNQPQHF	0	0	6.80441833563927e-05	6.80441833563927e-05	1
CASSQGRFSSTDTQYF	0	0	6.80441833563927e-05	6.80441833563927e-05	1
CASSQGRNSYNEQFF	0	0	6.80441833563927e-05	6.80441833563927e-05	1
CASSQSPTGPRNSPLHF	0	0	6.80441833563927e-05	6.80441833563927e-05	1
CASSQVEGDTQYF	0	0	6.80441833563927e-05	6.80441833563927e-05	1
CASSRGAEETQYF	0	0	6.80441833563927e-05	6.80441833563927e-05	1
CASSRGDSSNQPQHF	0	0	6.80441833563927e-05	6.80441833563927e-05	1
CASSRGLAGGDTQYF	0	0	6.80441833563927e-05	6.80441833563927e-05	1
CASSRGSPGANVLTF	3.61681093723627e-05	0	6.80441833563927e-05	6.80441833563927e-05	2
CASSRTGFGEQYF	0	0	6.80441833563927e-05	6.80441833563927e-05	1
CASSRTGQGYEQYF	0	0	6.80441833563927e-05	6.80441833563927e-05	1
CASSRTTKNYEQYF	0	0	6.80441833563927e-05	6.80441833563927e-05	1
CASSRVGGLTDTQYF	6.02801822872712e-05	0	6.80441833563927e-05	6.80441833563927e-05	2
CASSSAFLYEQYF	6.02801822872712e-05	3.33466720021342e-05	6.80441833563927e-05	6.80441833563927e-05	3
CASSSDRGQRDEQYF	0	0	6.80441833563927e-05	6.80441833563927e-05	1
CASSSGGSSYNEQFF	0	0	6.80441833563927e-05	6.80441833563927e-05	1
CASSSGQGVIDEQFF	0	0	6.80441833563927e-05	6.80441833563927e-05	1
CASSSGTRTEAFF	0	0	6.80441833563927e-05	6.80441833563927e-05	1
CASSSGTSGKETQYF	0	0	6.80441833563927e-05	6.80441833563927e-05	1
CASSSKASPRPGNTIYF	0	0	6.80441833563927e-05	6.80441833563927e-05	1
CASSSLGDTQYF	0	0	6.80441833563927e-05	6.80441833563927e-05	1
CASSSRLAGGPGNEQFF	6.02801822872712e-05	0	6.80441833563927e-05	6.80441833563927e-05	2
CASSSRVAGANVLTF	0	0	6.80441833563927e-05	6.80441833563927e-05	1
CASSSTGTSTDTQYF	0	0	6.80441833563927e-05	6.80441833563927e-05	1
CASSSYGRAQNEQFF	0	0	6.80441833563927e-05	6.80441833563927e-05	1
CASSTGLGYEQYF	0	0	6.80441833563927e-05	6.80441833563927e-05	1
CASSTLGGPVMKVLFF	0	0	6.80441833563927e-05	6.80441833563927e-05	1
CASSVDGGPIYEQYF	0	0	6.80441833563927e-05	6.80441833563927e-05	1
CASSVDVTGELFF	0	0	6.80441833563927e-05	6.80441833563927e-05	1
CASSVGASGLETQYF	0	0	6.80441833563927e-05	6.80441833563927e-05	1
CASSVGRVGGETQYF	0	0	6.80441833563927e-05	6.80441833563927e-05	1
CASSVGWELGEQYF	0	0	6.80441833563927e-05	6.80441833563927e-05	1
CASSVLSSYEQYF	3.61681093723627e-05	0	6.80441833563927e-05	6.80441833563927e-05	2
CASSVTFFSYEQYF	0	3.33466720021342e-05	6.80441833563927e-05	6.80441833563927e-05	2
CASSVVGSTDTQYF	0	0	6.80441833563927e-05	6.80441833563927e-05	1
CASSVYNEQFF	0	0	6.80441833563927e-05	6.80441833563927e-05	1
CASSWEGLGTDTQYF	0	0	6.80441833563927e-05	6.80441833563927e-05	1
CASSYDPGVAKNIQYF	0	0	6.80441833563927e-05	6.80441833563927e-05	1
CASSYESRFYSGANVLTF	0	0	6.80441833563927e-05	6.80441833563927e-05	1
CASSYGPRETQYF	0	0	6.80441833563927e-05	6.80441833563927e-05	1
CASSYLPRGKNIQYF	0	0	6.80441833563927e-05	6.80441833563927e-05	1
CASSYLRQSPAGTQYF	0	0	6.80441833563927e-05	6.80441833563927e-05	1
CASSYRVAKNIQYF	3.61681093723627e-05	0	6.80441833563927e-05	6.80441833563927e-05	2
CASSYSDRANTIYF	0	0	6.80441833563927e-05	6.80441833563927e-05	1
CASSYSGQGNEKLFF	0	0	6.80441833563927e-05	6.80441833563927e-05	1
CASSYSGTGSGANVLTF	0	0	6.80441833563927e-05	6.80441833563927e-05	1
CASSYSIGSYNEQFF	0	0	6.80441833563927e-05	6.80441833563927e-05	1
CASSYSRVGPFAATPLHF	0	0	6.80441833563927e-05	6.80441833563927e-05	1
CASSYVVNTEAFF	0	0	6.80441833563927e-05	6.80441833563927e-05	1
CASSYWVAGTYEQYF	0	0	6.80441833563927e-05	6.80441833563927e-05	1
CASTDRVGYGYTF	0	0	6.80441833563927e-05	6.80441833563927e-05	1
CASTDSSGANVLTF	0	0	6.80441833563927e-05	6.80441833563927e-05	1
CASTLDRGRNEQYF	0	0	6.80441833563927e-05	6.80441833563927e-05	1
CASTMTSGTYNEQFF	0	0	6.80441833563927e-05	6.80441833563927e-05	1
CASTVQSSYEQYF	0	0	6.80441833563927e-05	6.80441833563927e-05	1
CASTWDGSGANVLTF	0	0	6.80441833563927e-05	6.80441833563927e-05	1
CASWTGYGANVLTF	0	0	6.80441833563927e-05	6.80441833563927e-05	1
CATRQGVGQPQHF	0	0	6.80441833563927e-05	6.80441833563927e-05	1
CATSDLPYEQYF	0	0	6.80441833563927e-05	6.80441833563927e-05	1
CATSDWGTGGHEQYF	0	0	6.80441833563927e-05	6.80441833563927e-05	1
CATSKEGAGANVLTF	0	0	6.80441833563927e-05	6.80441833563927e-05	1
CATSTFSAGLNEQFF	0	0	6.80441833563927e-05	6.80441833563927e-05	1
CATSTRQGTDTQYF	0	0	6.80441833563927e-05	6.80441833563927e-05	1
CAWSALAGVNEQFF	0	0	6.80441833563927e-05	6.80441833563927e-05	1
CAWSHKPTGTSQETQYF	0	0	6.80441833563927e-05	6.80441833563927e-05	1
CAWSVGGRAIRETQYF	0	0	6.80441833563927e-05	6.80441833563927e-05	1
CAWSVGTLSGQETQYF	0	0	6.80441833563927e-05	6.80441833563927e-05	1
CSAALMANTEAFF	0	0	6.80441833563927e-05	6.80441833563927e-05	1
CSAAPAGVNTGELFF	0	0	6.80441833563927e-05	6.80441833563927e-05	1
CSAEVGDSYEQYF	0	0	6.80441833563927e-05	6.80441833563927e-05	1
CSAGLAGGRETQYF	0	0	6.80441833563927e-05	6.80441833563927e-05	1
CSAGPGTGKGEQYF	0	0	6.80441833563927e-05	6.80441833563927e-05	1
CSAKQGKGQFF	0	0	6.80441833563927e-05	6.80441833563927e-05	1
CSAKRGGGADTQYF	0	0	6.80441833563927e-05	6.80441833563927e-05	1
CSAKRTARGDTQYF	0	0	6.80441833563927e-05	6.80441833563927e-05	1
CSALAANTGELFF	0	0	6.80441833563927e-05	6.80441833563927e-05	1
CSALENMGQFF	0	0	6.80441833563927e-05	6.80441833563927e-05	1
CSARAPPDTQYF	0	0	6.80441833563927e-05	6.80441833563927e-05	1
CSARDFAQQFF	0	0	6.80441833563927e-05	6.80441833563927e-05	1
CSARDGDGRLYEQYF	0	0	6.80441833563927e-05	6.80441833563927e-05	1
CSARDGRSSYNSPLHF	0	0	6.80441833563927e-05	6.80441833563927e-05	1
CSARGLAGVSYEQYF	0	0	6.80441833563927e-05	6.80441833563927e-05	1
CSARGSPGGSYEQYF	0	0	6.80441833563927e-05	6.80441833563927e-05	1
CSARKRLDTEAFF	0	0	6.80441833563927e-05	6.80441833563927e-05	1
CSARMGLYNEQFF	0	0	6.80441833563927e-05	6.80441833563927e-05	1
CSARPTSAPGLYEQYF	0	0	6.80441833563927e-05	6.80441833563927e-05	1
CSASFGNTEAFF	0	0	6.80441833563927e-05	6.80441833563927e-05	1
CSASSLGTGSRNEQFF	0	0	6.80441833563927e-05	6.80441833563927e-05	1
CSASSRGANEKLFF	2.41120729149085e-05	0	6.80441833563927e-05	6.80441833563927e-05	2
CSASSRNYGYTF	0	0	6.80441833563927e-05	6.80441833563927e-05	1
CSASWGGNIQYF	1.20560364574542e-05	0	6.80441833563927e-05	6.80441833563927e-05	2
CSATRGLPRDEQFF	0	0	6.80441833563927e-05	6.80441833563927e-05	1
CSATSGRASTDTQYF	0	0	6.80441833563927e-05	6.80441833563927e-05	1
CAISESTGTGGGTQYF	0	6.66933440042684e-05	0	6.66933440042684e-05	1
CAKDRGLGAGELFF	0	6.66933440042684e-05	0	6.66933440042684e-05	1
CASKKGGANVLTF	0	6.66933440042684e-05	0	6.66933440042684e-05	1
CASMGWSVAKNIQYF	1.20560364574542e-05	6.66933440042684e-05	0	6.66933440042684e-05	2
CASNDRGGTEAFF	1.20560364574542e-05	6.66933440042684e-05	0	6.66933440042684e-05	2
CASNQVQSLETYEQYF	0	6.66933440042684e-05	0	6.66933440042684e-05	1
CASSADSYNEQFF	0	6.66933440042684e-05	0	6.66933440042684e-05	1
CASSEAKGNYGYTF	0	6.66933440042684e-05	0	6.66933440042684e-05	1
CASSESRFHRVTSGTYNEQFF	0	6.66933440042684e-05	0	6.66933440042684e-05	1
CASSFGFQPQHF	0	6.66933440042684e-05	0	6.66933440042684e-05	1
CASSFRSATGRENIQYF	0	6.66933440042684e-05	0	6.66933440042684e-05	1
CASSGGQGTYNEQFF	0	6.66933440042684e-05	0	6.66933440042684e-05	1
CASSHRDRSPEAFF	0	6.66933440042684e-05	0	6.66933440042684e-05	1
CASSHRTRGQGYTF	0	6.66933440042684e-05	0	6.66933440042684e-05	1
CASSIGRNTGELFF	0	6.66933440042684e-05	0	6.66933440042684e-05	1
CASSILDRRAQPQHF	0	6.66933440042684e-05	0	6.66933440042684e-05	1
CASSIWTGRPGANVLTF	0	6.66933440042684e-05	0	6.66933440042684e-05	1
CASSLEVYLSYEQYF	0	6.66933440042684e-05	0	6.66933440042684e-05	1
CASSLFGAGSSYNEQFF	0	6.66933440042684e-05	1.13406972260655e-05	6.66933440042684e-05	2
CASSLGGLVEQYF	0	6.66933440042684e-05	0	6.66933440042684e-05	1
CASSLGQGLYEQYF	0	6.66933440042684e-05	0	6.66933440042684e-05	1
CASSLLSRKGTDTQYF	0	6.66933440042684e-05	0	6.66933440042684e-05	1
CASSLRGTGANVLTF	0	6.66933440042684e-05	0	6.66933440042684e-05	1
CASSLVVRSTGELFF	0	6.66933440042684e-05	0	6.66933440042684e-05	1
CASSMGAGAFF	0	6.66933440042684e-05	0	6.66933440042684e-05	1
CASSPGGLAGSYNEQFF	0	6.66933440042684e-05	0	6.66933440042684e-05	1
CASSPGTSGGYGETQYF	0	6.66933440042684e-05	0	6.66933440042684e-05	1
CASSQAGISYNEQFF	0	6.66933440042684e-05	0	6.66933440042684e-05	1
CASSQGLAGRIQYF	0	6.66933440042684e-05	0	6.66933440042684e-05	1
CASSQTGRYEQYF	0	6.66933440042684e-05	0	6.66933440042684e-05	1
CASSRAGGTAQYF	4.8224145829817e-05	6.66933440042684e-05	0	6.66933440042684e-05	2
CASSRRSGNTIYF	0	6.66933440042684e-05	0	6.66933440042684e-05	1
CASSRTTGGVAGELFF	0	6.66933440042684e-05	0	6.66933440042684e-05	1
CASSSHRGTSGTDTQYF	0	6.66933440042684e-05	0	6.66933440042684e-05	1
CASSVDSYSNYGYTF	0	6.66933440042684e-05	0	6.66933440042684e-05	1
CASSVGAGSRNEQYF	0	6.66933440042684e-05	0	6.66933440042684e-05	1
CASSWTGGSLIVTDTQYF	1.20560364574542e-05	6.66933440042684e-05	0	6.66933440042684e-05	2
CASSWTSGTSYEQYF	0	6.66933440042684e-05	0	6.66933440042684e-05	1
CASSYDWRRVADTQYF	2.41120729149085e-05	6.66933440042684e-05	0	6.66933440042684e-05	2
CASSYSETTQYF	0	6.66933440042684e-05	0	6.66933440042684e-05	1
CASTEGKVANQPQHF	0	6.66933440042684e-05	0	6.66933440042684e-05	1
CASTSKEREQYF	2.41120729149085e-05	6.66933440042684e-05	1.13406972260655e-05	6.66933440042684e-05	3
CATHDRAGELFF	0	6.66933440042684e-05	5.67034861303273e-05	6.66933440042684e-05	2
CAWNRQNTEAFF	0	6.66933440042684e-05	0	6.66933440042684e-05	1
CAWSARLAGEQYF	0	6.66933440042684e-05	0	6.66933440042684e-05	1
CAYGTSGRAAQYF	0	6.66933440042684e-05	0	6.66933440042684e-05	1
CSAGGQGYNYEQYF	0	6.66933440042684e-05	0	6.66933440042684e-05	1
CSALQGTNEKLFF	0	6.66933440042684e-05	0	6.66933440042684e-05	1
CSARDLPSGRLQFF	3.61681093723627e-05	6.66933440042684e-05	0	6.66933440042684e-05	2
CSARLFKGLAGGLDEQFF	0	6.66933440042684e-05	0	6.66933440042684e-05	1
CSASKAAGDTGELFF	0	6.66933440042684e-05	0	6.66933440042684e-05	1
CSATGQRYYNEQFF	0	6.66933440042684e-05	0	6.66933440042684e-05	1
CSATLGTRFQFF	0	6.66933440042684e-05	0	6.66933440042684e-05	1
CSATPGLAGGSSQIF	0	6.66933440042684e-05	3.40220916781964e-05	6.66933440042684e-05	2
CSAYTGEVSDWTDTQYF	0	6.66933440042684e-05	0	6.66933440042684e-05	1
CSGIQGYEQFF	0	6.66933440042684e-05	0	6.66933440042684e-05	1
CASISYGTGTFEQYF	6.02801822872712e-05	0	0	6.02801822872712e-05	1
CASSNRIRDRRAYEQYF	6.02801822872712e-05	0	0	6.02801822872712e-05	1
CASSPTLRGLQETQYF	6.02801822872712e-05	0	0	6.02801822872712e-05	1
CASSSQGRSSPLHF	6.02801822872712e-05	0	0	6.02801822872712e-05	1
CASSWGQGRQETQYF	6.02801822872712e-05	0	0	6.02801822872712e-05	1
CASSYSPLAGVYNEQFF	6.02801822872712e-05	0	0	6.02801822872712e-05	1
CAIRGQPPYEQYF	6.02801822872712e-05	0	0	6.02801822872712e-05	1
CAIRTGTVTDTQYF	6.02801822872712e-05	0	0	6.02801822872712e-05	1
CAISAGGGDQPQHF	6.02801822872712e-05	0	0	6.02801822872712e-05	1
CAISDRQGFYEQYF	6.02801822872712e-05	0	0	6.02801822872712e-05	1
CAISDSAGRPYEQYF	6.02801822872712e-05	0	0	6.02801822872712e-05	1
CAISESGSSSYNEQFF	6.02801822872712e-05	0	0	6.02801822872712e-05	1
CAISESNGNYNEQFF	6.02801822872712e-05	0	0	6.02801822872712e-05	1
CAISESTGASGELFF	6.02801822872712e-05	0	0	6.02801822872712e-05	1
CAISETQGMRQFF	6.02801822872712e-05	0	0	6.02801822872712e-05	1
CAISGTKETQYF	6.02801822872712e-05	0	0	6.02801822872712e-05	1
CAISGTSGRGTGELFF	6.02801822872712e-05	0	0	6.02801822872712e-05	1
CAISPTGASQETQYF	6.02801822872712e-05	0	0	6.02801822872712e-05	1
CALGGGAVAGGPETQYF	6.02801822872712e-05	0	0	6.02801822872712e-05	1
CARSLGRRRDRGRSGANVLTF	6.02801822872712e-05	0	0	6.02801822872712e-05	1
CASGFRVGGPYEQYF	6.02801822872712e-05	0	0	6.02801822872712e-05	1
CASGNRGRELFF	6.02801822872712e-05	0	0	6.02801822872712e-05	1
CASIQMPGQGGTGELFF	6.02801822872712e-05	0	0	6.02801822872712e-05	1
CASKEIQGQPNTEAFF	6.02801822872712e-05	0	3.40220916781964e-05	6.02801822872712e-05	2
CASKGGRAFF	6.02801822872712e-05	0	0	6.02801822872712e-05	1
CASKGLDRRQETQYF	6.02801822872712e-05	0	0	6.02801822872712e-05	1
CASKGNTGELFF	6.02801822872712e-05	0	0	6.02801822872712e-05	1
CASKWGSNQPQHF	6.02801822872712e-05	0	0	6.02801822872712e-05	1
CASLSSNNEQFF	6.02801822872712e-05	0	0	6.02801822872712e-05	1
CASNGGSQFF	6.02801822872712e-05	0	0	6.02801822872712e-05	1
CASNPAVAGGYNEQFF	6.02801822872712e-05	0	0	6.02801822872712e-05	1
CASQPIAGNTEAFF	6.02801822872712e-05	0	0	6.02801822872712e-05	1
CASRAIGTSGNNEQFF	6.02801822872712e-05	0	1.13406972260655e-05	6.02801822872712e-05	2
CASRDGNSPLHF	6.02801822872712e-05	0	0	6.02801822872712e-05	1
CASRDRETYEQYF	6.02801822872712e-05	0	0	6.02801822872712e-05	1
CASREGSMNTEAFF	6.02801822872712e-05	0	0	6.02801822872712e-05	1
CASRENRVQETQYF	6.02801822872712e-05	0	0	6.02801822872712e-05	1
CASREWPYNEQFF	6.02801822872712e-05	0	0	6.02801822872712e-05	1
CASRFQGARTEAFF	6.02801822872712e-05	0	0	6.02801822872712e-05	1
CASRGDSGNQPQHF	6.02801822872712e-05	0	0	6.02801822872712e-05	1
CASRGTGDQPQHF	6.02801822872712e-05	0	3.40220916781964e-05	6.02801822872712e-05	2
CASRITGEAFF	6.02801822872712e-05	0	0	6.02801822872712e-05	1
CASRKTGGASNQPQHF	6.02801822872712e-05	0	0	6.02801822872712e-05	1
CASRLAGGLYNEQFF	6.02801822872712e-05	0	0	6.02801822872712e-05	1
CASRLAGPQETQYF	6.02801822872712e-05	0	0	6.02801822872712e-05	1
CASRPPGTGAYEQYF	6.02801822872712e-05	0	0	6.02801822872712e-05	1
CASRRLAGEQRQYF	6.02801822872712e-05	0	0	6.02801822872712e-05	1
CASRRLAGGQSGELFF	6.02801822872712e-05	0	0	6.02801822872712e-05	1
CASRYNEQFF	6.02801822872712e-05	0	0	6.02801822872712e-05	1
CASRYRTLDRTYEQYF	6.02801822872712e-05	0	0	6.02801822872712e-05	1
CASSAAGGTGELFF	6.02801822872712e-05	0	0	6.02801822872712e-05	1
CASSAAGTFGYTF	6.02801822872712e-05	0	0	6.02801822872712e-05	1
CASSARDGGVYGYTF	6.02801822872712e-05	0	0	6.02801822872712e-05	1
CASSARTALSPLHF	6.02801822872712e-05	0	0	6.02801822872712e-05	1
CASSASGANVLTF	6.02801822872712e-05	0	0	6.02801822872712e-05	1
CASSEAGSYEQYF	6.02801822872712e-05	0	0	6.02801822872712e-05	1
CASSECLALYEQYF	6.02801822872712e-05	0	0	6.02801822872712e-05	1
CASSEGGLAGVQETQYF	6.02801822872712e-05	0	0	6.02801822872712e-05	1
CASSEGLWSTDTQYF	6.02801822872712e-05	0	0	6.02801822872712e-05	1
CASSEGRVSNQPQHF	6.02801822872712e-05	0	0	6.02801822872712e-05	1
CASSEGSYGYTF	6.02801822872712e-05	0	0	6.02801822872712e-05	1
CASSEIVWGYTF	6.02801822872712e-05	0	0	6.02801822872712e-05	1
CASSELQGVNSPLHF	6.02801822872712e-05	0	0	6.02801822872712e-05	1
CASSENGGTEAFF	6.02801822872712e-05	0	0	6.02801822872712e-05	1
CASSEQGGDQPQHF	6.02801822872712e-05	0	0	6.02801822872712e-05	1
CASSERGLTDTQYF	6.02801822872712e-05	0	0	6.02801822872712e-05	1
CASSERRYDGYTF	6.02801822872712e-05	0	0	6.02801822872712e-05	1
CASSERWSGRTYNEQFF	6.02801822872712e-05	0	0	6.02801822872712e-05	1
CASSESRDRGPGYTF	6.02801822872712e-05	0	0	6.02801822872712e-05	1
CASSEWGRSSSYEQYF	6.02801822872712e-05	0	0	6.02801822872712e-05	1
CASSFDSYEQYF	6.02801822872712e-05	0	0	6.02801822872712e-05	1
CASSFEIAGGNEQFF	6.02801822872712e-05	0	0	6.02801822872712e-05	1
CASSFFGTSGYNEQFF	6.02801822872712e-05	0	0	6.02801822872712e-05	1
CASSFGDEDTDTQYF	6.02801822872712e-05	0	0	6.02801822872712e-05	1
CASSFGGAMNTEAFF	6.02801822872712e-05	0	0	6.02801822872712e-05	1
CASSFGGKLHEQYF	6.02801822872712e-05	0	0	6.02801822872712e-05	1
CASSFGLSNQPQHF	6.02801822872712e-05	0	0	6.02801822872712e-05	1
CASSFKPGQGRETQYF	6.02801822872712e-05	0	0	6.02801822872712e-05	1
CASSFLDWGSEQYF	6.02801822872712e-05	0	0	6.02801822872712e-05	1
CASSFPPSGHNEQFF	6.02801822872712e-05	0	0	6.02801822872712e-05	1
CASSFQDSSGNTIYF	6.02801822872712e-05	0	3.40220916781964e-05	6.02801822872712e-05	2
CASSFRGGQPQHF	6.02801822872712e-05	0	0	6.02801822872712e-05	1
CASSFSGTSGRTPTEQYF	6.02801822872712e-05	0	0	6.02801822872712e-05	1
CASSFSGVSGNTIYF	6.02801822872712e-05	0	0	6.02801822872712e-05	1
CASSFVLAAPRQEYF	6.02801822872712e-05	0	0	6.02801822872712e-05	1
CASSGDGYEQYF	6.02801822872712e-05	0	0	6.02801822872712e-05	1
CASSGLAGGYEQYF	6.02801822872712e-05	0	0	6.02801822872712e-05	1
CASSGPSNYGYTF	6.02801822872712e-05	0	0	6.02801822872712e-05	1
CASSGRGETQYF	6.02801822872712e-05	0	0	6.02801822872712e-05	1
CASSGTYRGPLAETQYF	6.02801822872712e-05	0	0	6.02801822872712e-05	1
CASSHAAGFEAFF	6.02801822872712e-05	0	0	6.02801822872712e-05	1
CASSHGLADPPEQFF	6.02801822872712e-05	0	0	6.02801822872712e-05	1
CASSHRDRFNTEAFF	6.02801822872712e-05	0	0	6.02801822872712e-05	1
CASSIGETQYF	6.02801822872712e-05	0	0	6.02801822872712e-05	1
CASSIGGQSYEQYF	6.02801822872712e-05	0	0	6.02801822872712e-05	1
CASSIGLGAGYTF	6.02801822872712e-05	0	0	6.02801822872712e-05	1
CASSIGQGSTEAFF	6.02801822872712e-05	0	0	6.02801822872712e-05	1
CASSIGRGYYGYTF	6.02801822872712e-05	0	0	6.02801822872712e-05	1
CASSIGWGSETQYF	6.02801822872712e-05	0	0	6.02801822872712e-05	1
CASSINSYEQYF	6.02801822872712e-05	0	0	6.02801822872712e-05	1
CASSIRDSDRYTF	6.02801822872712e-05	0	0	6.02801822872712e-05	1
CASSIRRWWTEAFF	6.02801822872712e-05	0	0	6.02801822872712e-05	1
CASSIVGGLEGTEAFF	6.02801822872712e-05	0	0	6.02801822872712e-05	1
CASSLAGFDYGYTF	6.02801822872712e-05	0	0	6.02801822872712e-05	1
CASSLAGGRYEQYF	6.02801822872712e-05	0	0	6.02801822872712e-05	1
CASSLAGTGKNSPLHF	6.02801822872712e-05	0	4.53627889042618e-05	6.02801822872712e-05	2
CASSLALALGAFF	6.02801822872712e-05	0	0	6.02801822872712e-05	1
CASSLALQGYSTDTQYF	6.02801822872712e-05	0	0	6.02801822872712e-05	1
CASSLAPPGGRTYEQYF	6.02801822872712e-05	0	0	6.02801822872712e-05	1
CASSLAQGIFYEQYF	6.02801822872712e-05	0	0	6.02801822872712e-05	1
CASSLAYRNEQFF	6.02801822872712e-05	0	0	6.02801822872712e-05	1
CASSLDNRGRREKLFF	6.02801822872712e-05	0	0	6.02801822872712e-05	1
CASSLDSGQPQHF	6.02801822872712e-05	0	0	6.02801822872712e-05	1
CASSLGGLAGTDTQYF	6.02801822872712e-05	0	0	6.02801822872712e-05	1
CASSLGGNNEKLFF	6.02801822872712e-05	0	0	6.02801822872712e-05	1
CASSLGLAGYEQYF	6.02801822872712e-05	0	0	6.02801822872712e-05	1
CASSLGPNYEQYF	6.02801822872712e-05	0	0	6.02801822872712e-05	1
CASSLGQTGGYNEQFF	6.02801822872712e-05	0	0	6.02801822872712e-05	1
CASSLGQWVGANVLTF	6.02801822872712e-05	0	0	6.02801822872712e-05	1
CASSLGRGRSTEAFF	6.02801822872712e-05	0	0	6.02801822872712e-05	1
CASSLGTSGRSGTDTQYF	6.02801822872712e-05	0	0	6.02801822872712e-05	1
CASSLKGYTF	6.02801822872712e-05	0	0	6.02801822872712e-05	1
CASSLKSGTERVYEQYF	6.02801822872712e-05	0	0	6.02801822872712e-05	1
CASSLLGGVHEQFF	6.02801822872712e-05	0	2.26813944521309e-05	6.02801822872712e-05	2
CASSLLGSYEQYF	6.02801822872712e-05	0	0	6.02801822872712e-05	1
CASSLLRQFTGELFF	6.02801822872712e-05	0	0	6.02801822872712e-05	1
CASSLPGTSEQFF	6.02801822872712e-05	0	0	6.02801822872712e-05	1
CASSLQGATSNEQFF	6.02801822872712e-05	0	0	6.02801822872712e-05	1
CASSLQVGIIWEQYF	6.02801822872712e-05	0	0	6.02801822872712e-05	1
CASSLRRQGGTEAFF	6.02801822872712e-05	0	0	6.02801822872712e-05	1
CASSLSDSAPNEQYF	6.02801822872712e-05	0	0	6.02801822872712e-05	1
CASSLSGAETQYF	6.02801822872712e-05	0	0	6.02801822872712e-05	1
CASSLSGYSGSAGELFF	6.02801822872712e-05	0	0	6.02801822872712e-05	1
CASSLSVTDGGYTF	6.02801822872712e-05	0	0	6.02801822872712e-05	1
CASSLTGVLDGYTF	6.02801822872712e-05	0	0	6.02801822872712e-05	1
CASSLTSGPSGEQYF	6.02801822872712e-05	0	0	6.02801822872712e-05	1
CASSLTSGRNEQFF	6.02801822872712e-05	0	0	6.02801822872712e-05	1
CASSLVAGAYEQYF	6.02801822872712e-05	0	0	6.02801822872712e-05	1
CASSLVPEQETQYF	6.02801822872712e-05	0	0	6.02801822872712e-05	1
CASSLVVRTDTQYF	6.02801822872712e-05	0	0	6.02801822872712e-05	1
CASSLYLAGGYEQYF	6.02801822872712e-05	0	0	6.02801822872712e-05	1
CASSLYPNYGYTF	6.02801822872712e-05	0	0	6.02801822872712e-05	1
CASSPGLAETLISYEQYF	6.02801822872712e-05	0	0	6.02801822872712e-05	1
CASSPGQGPTLGAFF	6.02801822872712e-05	0	0	6.02801822872712e-05	1
CASSPGTGENTGELFF	6.02801822872712e-05	0	0	6.02801822872712e-05	1
CASSPGTGFFHSPLHF	6.02801822872712e-05	0	0	6.02801822872712e-05	1
CASSPGVGARSGANVLTF	6.02801822872712e-05	0	0	6.02801822872712e-05	1
CASSPIQGAQETQYF	6.02801822872712e-05	0	0	6.02801822872712e-05	1
CASSPLGPTNTEAFF	6.02801822872712e-05	0	0	6.02801822872712e-05	1
CASSPLTTNEKLFF	6.02801822872712e-05	0	0	6.02801822872712e-05	1
CASSPPGAGNTIYF	6.02801822872712e-05	0	0	6.02801822872712e-05	1
CASSPPRVNIQYF	6.02801822872712e-05	0	0	6.02801822872712e-05	1
CASSPRDSAETQYF	6.02801822872712e-05	0	0	6.02801822872712e-05	1
CASSPRPGQGDNEQFF	6.02801822872712e-05	0	0	6.02801822872712e-05	1
CASSPRPGTTYEQYF	6.02801822872712e-05	0	0	6.02801822872712e-05	1
CASSPRTLEEQYF	6.02801822872712e-05	0	0	6.02801822872712e-05	1
CASSPSLAEYEQYF	6.02801822872712e-05	0	0	6.02801822872712e-05	1
CASSPTGTGGLEQYF	6.02801822872712e-05	0	0	6.02801822872712e-05	1
CASSPTGYSYEQYF	6.02801822872712e-05	0	0	6.02801822872712e-05	1
CASSPTLGANTGELFF	6.02801822872712e-05	0	0	6.02801822872712e-05	1
CASSPYRGVTYEQYF	6.02801822872712e-05	0	0	6.02801822872712e-05	1
CASSPYSVGQGAYGYTF	6.02801822872712e-05	0	0	6.02801822872712e-05	1
CASSQAYEEKLFF	6.02801822872712e-05	0	0	6.02801822872712e-05	1
CASSQDLGLRNEQFF	6.02801822872712e-05	0	0	6.02801822872712e-05	1
CASSQDPSGADYGYTF	6.02801822872712e-05	0	0	6.02801822872712e-05	1
CASSQELASTDTQYF	6.02801822872712e-05	0	4.53627889042618e-05	6.02801822872712e-05	2
CASSQETSGMNEQFF	6.02801822872712e-05	0	0	6.02801822872712e-05	1
CASSQFPERPSSYEQYF	6.02801822872712e-05	0	0	6.02801822872712e-05	1
CASSQGGDPRTQPQHF	6.02801822872712e-05	0	0	6.02801822872712e-05	1
CASSQGGNTEAFF	6.02801822872712e-05	0	0	6.02801822872712e-05	1
CASSQGGSGNEQFF	6.02801822872712e-05	0	0	6.02801822872712e-05	1
CASSQGLSEQYF	6.02801822872712e-05	0	0	6.02801822872712e-05	1
CASSQGNRGRAGQYF	6.02801822872712e-05	0	0	6.02801822872712e-05	1
CASSQGPQGQGPYEQYF	6.02801822872712e-05	0	0	6.02801822872712e-05	1
CASSQGQGRLGYTF	6.02801822872712e-05	0	0	6.02801822872712e-05	1
CASSQGTAGNTIYF	6.02801822872712e-05	0	0	6.02801822872712e-05	1
CASSQGTSGSYEQYF	6.02801822872712e-05	0	0	6.02801822872712e-05	1
CASSQGWSRHEKLFF	6.02801822872712e-05	0	0	6.02801822872712e-05	1
CASSQLWTPGNTIYF	6.02801822872712e-05	0	0	6.02801822872712e-05	1
CASSQRRNEQFF	6.02801822872712e-05	0	0	6.02801822872712e-05	1
CASSQVGGADTQYF	6.02801822872712e-05	0	0	6.02801822872712e-05	1
CASSQVLAGAHNEQFF	6.02801822872712e-05	0	0	6.02801822872712e-05	1
CASSQVRGETQYF	6.02801822872712e-05	0	0	6.02801822872712e-05	1
CASSQWLADYEQYF	6.02801822872712e-05	0	0	6.02801822872712e-05	1
CASSRLREPIYNEQFF	6.02801822872712e-05	0	0	6.02801822872712e-05	1
CASSRSMNTEAFF	6.02801822872712e-05	0	0	6.02801822872712e-05	1
CASSRTSGMYEQYF	6.02801822872712e-05	0	0	6.02801822872712e-05	1
CASSRTSTSGTQYF	6.02801822872712e-05	0	0	6.02801822872712e-05	1
CASSRWSTDTQYF	6.02801822872712e-05	0	0	6.02801822872712e-05	1
CASSSEPDREVDNYGYTF	6.02801822872712e-05	0	0	6.02801822872712e-05	1
CASSSGTGALNEQFF	6.02801822872712e-05	0	0	6.02801822872712e-05	1
CASSSKLAATDTQYF	6.02801822872712e-05	0	0	6.02801822872712e-05	1
CASSSNTGELFF	6.02801822872712e-05	0	0	6.02801822872712e-05	1
CASSSPQGANTGELFF	6.02801822872712e-05	5.00200080032013e-05	0	6.02801822872712e-05	2
CASSSSGVTGELFF	6.02801822872712e-05	0	0	6.02801822872712e-05	1
CASSSSLGSSYNEQFF	6.02801822872712e-05	0	0	6.02801822872712e-05	1
CASSSSSGRHYNEQFF	6.02801822872712e-05	0	0	6.02801822872712e-05	1
CASSSTGGAANTEAFF	6.02801822872712e-05	0	0	6.02801822872712e-05	1
CASSSTPGEQFF	6.02801822872712e-05	0	0	6.02801822872712e-05	1
CASSSYPEEQYF	6.02801822872712e-05	0	0	6.02801822872712e-05	1
CASSTAGGSTGELFF	6.02801822872712e-05	0	0	6.02801822872712e-05	1
CASSTEGTGAEAFF	6.02801822872712e-05	0	0	6.02801822872712e-05	1
CASSTGDEKLFF	6.02801822872712e-05	0	0	6.02801822872712e-05	1
CASSTGLAAGELFF	6.02801822872712e-05	0	4.53627889042618e-05	6.02801822872712e-05	2
CASSTPLAAGEFF	6.02801822872712e-05	0	0	6.02801822872712e-05	1
CASSTRDRGNYGYTF	6.02801822872712e-05	0	4.53627889042618e-05	6.02801822872712e-05	2
CASSTRTRTFGGYTF	6.02801822872712e-05	0	0	6.02801822872712e-05	1
CASSTTGGPETQYF	6.02801822872712e-05	0	0	6.02801822872712e-05	1
CASSVDLNRGRWMNTEAFF	6.02801822872712e-05	0	0	6.02801822872712e-05	1
CASSVGKASFPLHF	6.02801822872712e-05	0	0	6.02801822872712e-05	1
CASSVLAGGPYEQYF	6.02801822872712e-05	0	0	6.02801822872712e-05	1
CASSVNKGTGELFF	6.02801822872712e-05	0	0	6.02801822872712e-05	1
CASSVPGQYNQPQHF	6.02801822872712e-05	0	0	6.02801822872712e-05	1
CASSVSGIKTQYF	6.02801822872712e-05	0	0	6.02801822872712e-05	1
CASSVSGTSKTGELFF	6.02801822872712e-05	0	4.53627889042618e-05	6.02801822872712e-05	2
CASSWGTGGMETQYF	6.02801822872712e-05	0	0	6.02801822872712e-05	1
CASSWREGLFEQYF	6.02801822872712e-05	0	0	6.02801822872712e-05	1
CASSYAPSYNEQFF	6.02801822872712e-05	0	2.26813944521309e-05	6.02801822872712e-05	2
CASSYDRDEQYF	6.02801822872712e-05	0	0	6.02801822872712e-05	1
CASSYESSGLTGQYF	6.02801822872712e-05	0	0	6.02801822872712e-05	1
CASSYGADYGYTF	6.02801822872712e-05	0	0	6.02801822872712e-05	1
CASSYGSVLYEQYF	6.02801822872712e-05	0	0	6.02801822872712e-05	1
CASSYHSVGVFYGYTF	6.02801822872712e-05	0	0	6.02801822872712e-05	1
CASSYLQGGEQFF	6.02801822872712e-05	0	0	6.02801822872712e-05	1
CASSYQGLSQETQYF	6.02801822872712e-05	0	0	6.02801822872712e-05	1
CASSYREQANYGYTF	6.02801822872712e-05	0	0	6.02801822872712e-05	1
CASSYSDRGLYEQYF	6.02801822872712e-05	0	0	6.02801822872712e-05	1
CASSYSGLSRRGGQYF	6.02801822872712e-05	0	0	6.02801822872712e-05	1
CASSYSIVDRNYEQYF	6.02801822872712e-05	0	0	6.02801822872712e-05	1
CASSYSNTGERMGYTF	6.02801822872712e-05	0	0	6.02801822872712e-05	1
CASSYSRAREAFF	6.02801822872712e-05	0	5.67034861303273e-05	6.02801822872712e-05	2
CASSYSRDTNTEAFF	6.02801822872712e-05	0	0	6.02801822872712e-05	1
CASSYSSGGRADTQYF	6.02801822872712e-05	0	0	6.02801822872712e-05	1
CASSYSTGSLYGYTF	6.02801822872712e-05	0	0	6.02801822872712e-05	1
CASSYTDSNEQYF	6.02801822872712e-05	0	0	6.02801822872712e-05	1
CASTDGNSPLHF	6.02801822872712e-05	0	0	6.02801822872712e-05	1
CASTDVLGGNQPQHF	6.02801822872712e-05	0	0	6.02801822872712e-05	1
CASTGHPYSNQPQHF	6.02801822872712e-05	0	0	6.02801822872712e-05	1
CASTPLGLDPYNEQFF	6.02801822872712e-05	0	0	6.02801822872712e-05	1
CASTRARDAEKLFF	6.02801822872712e-05	0	0	6.02801822872712e-05	1
CASTRGLAGPYEQYF	6.02801822872712e-05	0	0	6.02801822872712e-05	1
CASWSPPTDTQYF	6.02801822872712e-05	0	0	6.02801822872712e-05	1
CATGKSGGLEQYF	6.02801822872712e-05	0	0	6.02801822872712e-05	1
CATSRGGVGEQFF	6.02801822872712e-05	0	0	6.02801822872712e-05	1
CATSRGLGEQGPNLYNEQFF	6.02801822872712e-05	0	0	6.02801822872712e-05	1
CATSSTSGGTDTQYF	6.02801822872712e-05	0	0	6.02801822872712e-05	1
CATVTGQGPYEQYF	6.02801822872712e-05	0	0	6.02801822872712e-05	1
CAVSRVSTDTQYF	6.02801822872712e-05	0	5.67034861303273e-05	6.02801822872712e-05	2
CAWGGQVNTEAFF	6.02801822872712e-05	0	0	6.02801822872712e-05	1
CAWRVTGKLFF	6.02801822872712e-05	0	0	6.02801822872712e-05	1
CAWSARTPNTEAFF	6.02801822872712e-05	0	0	6.02801822872712e-05	1
CAWSIGVGKSLETQYF	6.02801822872712e-05	0	1.13406972260655e-05	6.02801822872712e-05	2
CAWSPAVYPYNEQFF	6.02801822872712e-05	0	3.40220916781964e-05	6.02801822872712e-05	2
CAWSVFTGGNSPLHF	6.02801822872712e-05	0	0	6.02801822872712e-05	1
CAWSVQGDQPQHF	6.02801822872712e-05	0	0	6.02801822872712e-05	1
CAWTHDRWTEAFF	6.02801822872712e-05	0	0	6.02801822872712e-05	1
CCTSETQYF	6.02801822872712e-05	0	0	6.02801822872712e-05	1
CSAEGVKGVSYEQYF	6.02801822872712e-05	0	3.40220916781964e-05	6.02801822872712e-05	2
CSAEREGHNEQFF	6.02801822872712e-05	0	0	6.02801822872712e-05	1
CSAFRTGALGNQPQHF	6.02801822872712e-05	0	0	6.02801822872712e-05	1
CSAHAGFQFF	6.02801822872712e-05	0	0	6.02801822872712e-05	1
CSAMTGIDADTQYF	6.02801822872712e-05	0	0	6.02801822872712e-05	1
CSAPAGGRETQYF	6.02801822872712e-05	0	0	6.02801822872712e-05	1
CSARDLDRGSQPQHF	6.02801822872712e-05	0	0	6.02801822872712e-05	1
CSARDRTEYNSPLHF	6.02801822872712e-05	0	0	6.02801822872712e-05	1
CSARDRVTVAGEQYF	6.02801822872712e-05	0	0	6.02801822872712e-05	1
CSAREMGQGGDSPLHF	6.02801822872712e-05	0	0	6.02801822872712e-05	1
CSARGLLAGGTYEQYF	6.02801822872712e-05	0	0	6.02801822872712e-05	1
CSARGQGARETQYF	6.02801822872712e-05	1.66733360010671e-05	0	6.02801822872712e-05	2
CSARGQTQAYEQYF	6.02801822872712e-05	0	0	6.02801822872712e-05	1
CSARGRAAFHQFF	6.02801822872712e-05	0	0	6.02801822872712e-05	1
CSARLAGAVLFYNEQFF	6.02801822872712e-05	0	0	6.02801822872712e-05	1
CSARPTRDSYNEQFF	6.02801822872712e-05	0	0	6.02801822872712e-05	1
CSARSSEGRNMNTEAFF	6.02801822872712e-05	0	0	6.02801822872712e-05	1
CSARVANEKLFF	6.02801822872712e-05	0	0	6.02801822872712e-05	1
CSARVMGTGGYNEQFF	6.02801822872712e-05	0	0	6.02801822872712e-05	1
CSARVPGQERALHF	6.02801822872712e-05	0	0	6.02801822872712e-05	1
CSARVSGRVQETQYF	6.02801822872712e-05	0	0	6.02801822872712e-05	1
CSARWAGGYGNEQFF	6.02801822872712e-05	0	0	6.02801822872712e-05	1
CSARYRDLYEQYF	6.02801822872712e-05	0	0	6.02801822872712e-05	1
CSASGTETYEQYF	6.02801822872712e-05	0	0	6.02801822872712e-05	1
CSASLGPIAGNTIYF	6.02801822872712e-05	0	0	6.02801822872712e-05	1
CSASQGRDTEAFF	6.02801822872712e-05	0	0	6.02801822872712e-05	1
CSATLAGAPKEKLFF	6.02801822872712e-05	0	0	6.02801822872712e-05	1
CSATPAGRNQPQHF	6.02801822872712e-05	0	0	6.02801822872712e-05	1
CSATRLAGNYEQYF	6.02801822872712e-05	0	0	6.02801822872712e-05	1
CSAWTGNSYEQYF	6.02801822872712e-05	0	0	6.02801822872712e-05	1
CSGKSGAYNEQFF	6.02801822872712e-05	0	0	6.02801822872712e-05	1
CSVAGFEKLFF	6.02801822872712e-05	0	0	6.02801822872712e-05	1
CSVPFRGTYNEQFF	6.02801822872712e-05	0	0	6.02801822872712e-05	1
CWVREPGQGDQPQHF	6.02801822872712e-05	0	0	6.02801822872712e-05	1
CAAPVGEKLFF	0	0	5.67034861303273e-05	5.67034861303273e-05	1
CAARETGGLQTQYF	0	0	5.67034861303273e-05	5.67034861303273e-05	1
CAIMGQGPYEQYF	0	0	5.67034861303273e-05	5.67034861303273e-05	1
CAIRAGGTYNEQFF	0	0	5.67034861303273e-05	5.67034861303273e-05	1
CAIRGALNTEAFF	0	0	5.67034861303273e-05	5.67034861303273e-05	1
CAIRQGGNQPQHF	0	0	5.67034861303273e-05	5.67034861303273e-05	1
CAISGGGASSYEQYF	0	0	5.67034861303273e-05	5.67034861303273e-05	1
CAISGGQVVNEQFF	0	0	5.67034861303273e-05	5.67034861303273e-05	1
CAISGNTAATQYF	0	0	5.67034861303273e-05	5.67034861303273e-05	1
CAISVAGPLNEQFF	0	0	5.67034861303273e-05	5.67034861303273e-05	1
CASAYSGANVLTF	0	0	5.67034861303273e-05	5.67034861303273e-05	1
CASGYSGNTIYF	0	0	5.67034861303273e-05	5.67034861303273e-05	1
CASIGQLNQPQHF	0	0	5.67034861303273e-05	5.67034861303273e-05	1
CASKVRGRYSYEQYF	0	0	5.67034861303273e-05	5.67034861303273e-05	1
CASLIMGAGEAFF	0	0	5.67034861303273e-05	5.67034861303273e-05	1
CASNGGTQYF	4.8224145829817e-05	0	5.67034861303273e-05	5.67034861303273e-05	2
CASNPRGGKDNGYTF	0	0	5.67034861303273e-05	5.67034861303273e-05	1
CASNQGQGAKTQYF	3.61681093723627e-05	0	5.67034861303273e-05	5.67034861303273e-05	2
CASQSTDTQYF	0	0	5.67034861303273e-05	5.67034861303273e-05	1
CASRAEQRAYNEQFF	0	0	5.67034861303273e-05	5.67034861303273e-05	1
CASRAGTGTGELFF	1.20560364574542e-05	0	5.67034861303273e-05	5.67034861303273e-05	2
CASRATANTGELFF	0	0	5.67034861303273e-05	5.67034861303273e-05	1
CASREGIASSYNEQFF	3.61681093723627e-05	0	5.67034861303273e-05	5.67034861303273e-05	2
CASRFGGGNSPLHF	0	0	5.67034861303273e-05	5.67034861303273e-05	1
CASRGLAGAGETQYF	0	0	5.67034861303273e-05	5.67034861303273e-05	1
CASRGLAGTYEQYF	0	0	5.67034861303273e-05	5.67034861303273e-05	1
CASRGRDRLKDTQYF	0	0	5.67034861303273e-05	5.67034861303273e-05	1
CASRGYNEQFF	0	0	5.67034861303273e-05	5.67034861303273e-05	1
CASRIGGSYEQYF	0	0	5.67034861303273e-05	5.67034861303273e-05	1
CASRPLDGNTEAFF	0	0	5.67034861303273e-05	5.67034861303273e-05	1
CASRPTRTASYEQYF	0	0	5.67034861303273e-05	5.67034861303273e-05	1
CASRRDRVGQPQHF	0	0	5.67034861303273e-05	5.67034861303273e-05	1
CASRRIGAGELFF	0	0	5.67034861303273e-05	5.67034861303273e-05	1
CASRRTGATNEKLFF	1.20560364574542e-05	0	5.67034861303273e-05	5.67034861303273e-05	2
CASRSKGQAFF	0	0	5.67034861303273e-05	5.67034861303273e-05	1
CASRSTGKGLRGYTF	0	0	5.67034861303273e-05	5.67034861303273e-05	1
CASRTGSTVDTQYF	0	0	5.67034861303273e-05	5.67034861303273e-05	1
CASSAGTGFSNQPQHF	0	0	5.67034861303273e-05	5.67034861303273e-05	1
CASSAQGGTYEQYF	0	0	5.67034861303273e-05	5.67034861303273e-05	1
CASSARGRTGSEKLFF	0	0	5.67034861303273e-05	5.67034861303273e-05	1
CASSASPNGGGYTF	4.8224145829817e-05	0	5.67034861303273e-05	5.67034861303273e-05	2
CASSATGGMRGGELFF	0	0	5.67034861303273e-05	5.67034861303273e-05	1
CASSATGTSGFAYEQYF	0	0	5.67034861303273e-05	5.67034861303273e-05	1
CASSDAGGSADTQYF	0	0	5.67034861303273e-05	5.67034861303273e-05	1
CASSDALAGGYEQYF	0	0	5.67034861303273e-05	5.67034861303273e-05	1
CASSDGPVETQYF	0	0	5.67034861303273e-05	5.67034861303273e-05	1
CASSDLTGRSPLHF	0	3.33466720021342e-05	5.67034861303273e-05	5.67034861303273e-05	2
CASSEAVLIGGYTF	0	0	5.67034861303273e-05	5.67034861303273e-05	1
CASSEERLSGYTF	0	0	5.67034861303273e-05	5.67034861303273e-05	1
CASSEGSYEQYF	0	0	5.67034861303273e-05	5.67034861303273e-05	1
CASSELGGGEFF	0	0	5.67034861303273e-05	5.67034861303273e-05	1
CASSENLYYGYTF	0	0	5.67034861303273e-05	5.67034861303273e-05	1
CASSEPGTSGYNEQFF	0	0	5.67034861303273e-05	5.67034861303273e-05	1
CASSERAGSEEKLFF	0	0	5.67034861303273e-05	5.67034861303273e-05	1
CASSERDRGTANYEQYF	0	0	5.67034861303273e-05	5.67034861303273e-05	1
CASSEVNGELHF	0	0	5.67034861303273e-05	5.67034861303273e-05	1
CASSEWGSTDTQYF	0	0	5.67034861303273e-05	5.67034861303273e-05	1
CASSFADTQYF	3.61681093723627e-05	1.66733360010671e-05	5.67034861303273e-05	5.67034861303273e-05	3
CASSFEGGRGTNYGYTF	0	0	5.67034861303273e-05	5.67034861303273e-05	1
CASSFFPRMEGRTDTQYF	0	0	5.67034861303273e-05	5.67034861303273e-05	1
CASSFGLAGHTDTQYF	0	0	5.67034861303273e-05	5.67034861303273e-05	1
CASSFGQGGFYGYTF	0	0	5.67034861303273e-05	5.67034861303273e-05	1
CASSFIAGGPV	0	0	5.67034861303273e-05	5.67034861303273e-05	1
CASSFLAGGHTGELFF	0	0	5.67034861303273e-05	5.67034861303273e-05	1
CASSFLGLGYNEQFF	0	0	5.67034861303273e-05	5.67034861303273e-05	1
CASSFLGTGGDTQYF	0	0	5.67034861303273e-05	5.67034861303273e-05	1
CASSFLKSEKLFF	0	0	5.67034861303273e-05	5.67034861303273e-05	1
CASSFLSEQYF	0	0	5.67034861303273e-05	5.67034861303273e-05	1
CASSFSGGGNSPLHF	0	0	5.67034861303273e-05	5.67034861303273e-05	1
CASSFSQGAYNEQFF	0	0	5.67034861303273e-05	5.67034861303273e-05	1
CASSGAGWSSPLHF	0	0	5.67034861303273e-05	5.67034861303273e-05	1
CASSGGTALQETQYF	0	0	5.67034861303273e-05	5.67034861303273e-05	1
CASSGQGNEQYF	0	0	5.67034861303273e-05	5.67034861303273e-05	1
CASSHHLGQGKNIQYF	0	0	5.67034861303273e-05	5.67034861303273e-05	1
CASSHQTGEWSTDTQYF	0	0	5.67034861303273e-05	5.67034861303273e-05	1
CASSHSGSAEQYF	0	0	5.67034861303273e-05	5.67034861303273e-05	1
CASSIGSSGSYEQYF	0	0	5.67034861303273e-05	5.67034861303273e-05	1
CASSIGTSGNNEQFF	0	0	5.67034861303273e-05	5.67034861303273e-05	1
CASSILNYGYTF	0	0	5.67034861303273e-05	5.67034861303273e-05	1
CASSILWTVNTEAFF	0	0	5.67034861303273e-05	5.67034861303273e-05	1
CASSIPEDTTAYEQYF	0	0	5.67034861303273e-05	5.67034861303273e-05	1
CASSIRLADSYEQYF	0	0	5.67034861303273e-05	5.67034861303273e-05	1
CASSIRTGGSSYNEQFF	0	0	5.67034861303273e-05	5.67034861303273e-05	1
CASSISGSSRYEQYF	0	0	5.67034861303273e-05	5.67034861303273e-05	1
CASSITLSGRGADTQYF	0	0	5.67034861303273e-05	5.67034861303273e-05	1
CASSKRELADTQYF	0	0	5.67034861303273e-05	5.67034861303273e-05	1
CASSLAAIGTDTQYF	0	0	5.67034861303273e-05	5.67034861303273e-05	1
CASSLAGQSSPLHF	1.20560364574542e-05	0	5.67034861303273e-05	5.67034861303273e-05	2
CASSLAGSTNTEAFF	2.41120729149085e-05	0	5.67034861303273e-05	5.67034861303273e-05	2
CASSLALALYNEQFF	0	0	5.67034861303273e-05	5.67034861303273e-05	1
CASSLALDSNSGNTIYF	0	0	5.67034861303273e-05	5.67034861303273e-05	1
CASSLAQGGGYTF	0	0	5.67034861303273e-05	5.67034861303273e-05	1
CASSLATNTEAFF	0	0	5.67034861303273e-05	5.67034861303273e-05	1
CASSLAVGTASTDTQYF	0	0	5.67034861303273e-05	5.67034861303273e-05	1
CASSLDRDTDTQYF	0	0	5.67034861303273e-05	5.67034861303273e-05	1
CASSLDRYNEQFF	0	0	5.67034861303273e-05	5.67034861303273e-05	1
CASSLEAHGNEQFF	0	0	5.67034861303273e-05	5.67034861303273e-05	1
CASSLFRDEQYF	0	0	5.67034861303273e-05	5.67034861303273e-05	1
CASSLFRNQPQHF	0	0	5.67034861303273e-05	5.67034861303273e-05	1
CASSLGAGATRETQYF	0	0	5.67034861303273e-05	5.67034861303273e-05	1
CASSLGDRGLSGANVLTF	0	0	5.67034861303273e-05	5.67034861303273e-05	1
CASSLGGTEAFF	0	0	5.67034861303273e-05	5.67034861303273e-05	1
CASSLGLARGSEQFF	0	0	5.67034861303273e-05	5.67034861303273e-05	1
CASSLGLATYEQYF	0	0	5.67034861303273e-05	5.67034861303273e-05	1
CASSLGLAVQETQYF	0	0	5.67034861303273e-05	5.67034861303273e-05	1
CASSLGRRSGELFF	2.41120729149085e-05	0	5.67034861303273e-05	5.67034861303273e-05	2
CASSLGRVNSPLHF	0	0	5.67034861303273e-05	5.67034861303273e-05	1
CASSLGTLNTEAFF	0	0	5.67034861303273e-05	5.67034861303273e-05	1
CASSLGYGGAYNEQFF	0	0	5.67034861303273e-05	5.67034861303273e-05	1
CASSLLLAGGAGELFF	0	0	5.67034861303273e-05	5.67034861303273e-05	1
CASSLQGGRYNEQFF	0	0	5.67034861303273e-05	5.67034861303273e-05	1
CASSLRDRGKGNQPQHF	0	0	5.67034861303273e-05	5.67034861303273e-05	1
CASSLRGGSEAFF	0	0	5.67034861303273e-05	5.67034861303273e-05	1
CASSLSGGSYEQYF	0	0	5.67034861303273e-05	5.67034861303273e-05	1
CASSLSGGTDTQYF	0	0	5.67034861303273e-05	5.67034861303273e-05	1
CASSLSLSGDTQYF	0	0	5.67034861303273e-05	5.67034861303273e-05	1
CASSLSPASGANVLTF	0	0	5.67034861303273e-05	5.67034861303273e-05	1
CASSLSPGGRETQYF	0	0	5.67034861303273e-05	5.67034861303273e-05	1
CASSLSRGIGADTQYF	0	0	5.67034861303273e-05	5.67034861303273e-05	1
CASSLTDRGRGGYTF	0	0	5.67034861303273e-05	5.67034861303273e-05	1
CASSLTGYEQYF	0	0	5.67034861303273e-05	5.67034861303273e-05	1
CASSLTKRDQQYF	4.8224145829817e-05	0	5.67034861303273e-05	5.67034861303273e-05	2
CASSLVGQGNSPLHF	0	0	5.67034861303273e-05	5.67034861303273e-05	1
CASSLVLAGVGKETQYF	1.20560364574542e-05	0	5.67034861303273e-05	5.67034861303273e-05	2
CASSLVNGRAGDTQYF	0	0	5.67034861303273e-05	5.67034861303273e-05	1
CASSLWDRVSGNTIYF	0	0	5.67034861303273e-05	5.67034861303273e-05	1
CASSLWFGGANTDTQYF	0	0	5.67034861303273e-05	5.67034861303273e-05	1
CASSLYGTGVMNTEAFF	0	0	5.67034861303273e-05	5.67034861303273e-05	1
CASSMGQSGNTEAFF	0	0	5.67034861303273e-05	5.67034861303273e-05	1
CASSPEGGLFGPQHF	0	0	5.67034861303273e-05	5.67034861303273e-05	1
CASSPGGGQSEKLFF	0	0	5.67034861303273e-05	5.67034861303273e-05	1
CASSPGILHNEQFF	0	0	5.67034861303273e-05	5.67034861303273e-05	1
CASSPGTRQYF	0	0	5.67034861303273e-05	5.67034861303273e-05	1
CASSPGTSGRSYTQYF	0	0	5.67034861303273e-05	5.67034861303273e-05	1
CASSPGVSEQYF	0	0	5.67034861303273e-05	5.67034861303273e-05	1
CASSPHRGRSNQPQHF	0	0	5.67034861303273e-05	5.67034861303273e-05	1
CASSPLASQETQYF	0	0	5.67034861303273e-05	5.67034861303273e-05	1
CASSPLGQGGNTIYF	0	0	5.67034861303273e-05	5.67034861303273e-05	1
CASSPNRHLGEQYF	0	0	5.67034861303273e-05	5.67034861303273e-05	1
CASSPPGTGASPLHF	0	0	5.67034861303273e-05	5.67034861303273e-05	1
CASSPPISRDTQYF	0	0	5.67034861303273e-05	5.67034861303273e-05	1
CASSPPPTGYVGRTDTQYF	0	0	5.67034861303273e-05	5.67034861303273e-05	1
CASSPPWLAGNSYNEQFF	0	0	5.67034861303273e-05	5.67034861303273e-05	1
CASSPQGYSNQPQHF	0	0	5.67034861303273e-05	5.67034861303273e-05	1
CASSPRDRADTQYF	4.8224145829817e-05	0	5.67034861303273e-05	5.67034861303273e-05	2
CASSPRLAHTYEQYF	0	0	5.67034861303273e-05	5.67034861303273e-05	1
CASSPRQGSYEQYF	0	0	5.67034861303273e-05	5.67034861303273e-05	1
CASSPRTGRQYEQYF	0	0	5.67034861303273e-05	5.67034861303273e-05	1
CASSPRTGRVWGYGYTF	0	0	5.67034861303273e-05	5.67034861303273e-05	1
CASSPSGGTENYSGANVLTF	1.20560364574542e-05	0	5.67034861303273e-05	5.67034861303273e-05	2
CASSPSGTDNYGYTF	0	0	5.67034861303273e-05	5.67034861303273e-05	1
CASSPVTTGELFF	1.20560364574542e-05	0	5.67034861303273e-05	5.67034861303273e-05	2
CASSQDLGHWVTNEKLFF	0	0	5.67034861303273e-05	5.67034861303273e-05	1
CASSQEFGGRPLTNIQYF	0	0	5.67034861303273e-05	5.67034861303273e-05	1
CASSQEGGVGNTIYF	0	0	5.67034861303273e-05	5.67034861303273e-05	1
CASSQGYYRGGANVLTF	0	0	5.67034861303273e-05	5.67034861303273e-05	1
CASSQMGAGVETQYF	0	0	5.67034861303273e-05	5.67034861303273e-05	1
CASSQTGYYGYTF	0	0	5.67034861303273e-05	5.67034861303273e-05	1
CASSQVLGDTEAFF	0	0	5.67034861303273e-05	5.67034861303273e-05	1
CASSQYRGSLYEQYF	0	0	5.67034861303273e-05	5.67034861303273e-05	1
CASSRDDNEQFF	0	0	5.67034861303273e-05	5.67034861303273e-05	1
CASSRDGSGANVLTF	0	0	5.67034861303273e-05	5.67034861303273e-05	1
CASSRDRAYEQYF	0	0	5.67034861303273e-05	5.67034861303273e-05	1
CASSRDYPSGANVLTF	0	0	5.67034861303273e-05	5.67034861303273e-05	1
CASSREAGFSAYEQYF	0	0	5.67034861303273e-05	5.67034861303273e-05	1
CASSRGDENIQYF	0	0	5.67034861303273e-05	5.67034861303273e-05	1
CASSRGQGFDNQPQHF	0	0	5.67034861303273e-05	5.67034861303273e-05	1
CASSRGQGGNEKLFF	0	0	5.67034861303273e-05	5.67034861303273e-05	1
CASSRRANTEAFF	0	0	5.67034861303273e-05	5.67034861303273e-05	1
CASSRRQGDTEAFF	0	0	5.67034861303273e-05	5.67034861303273e-05	1
CASSRSRATDTQYF	0	1.66733360010671e-05	5.67034861303273e-05	5.67034861303273e-05	2
CASSRTSGGGEQFF	0	0	5.67034861303273e-05	5.67034861303273e-05	1
CASSRVINEKLFF	0	0	5.67034861303273e-05	5.67034861303273e-05	1
CASSSDRVLGNQPQHF	0	0	5.67034861303273e-05	5.67034861303273e-05	1
CASSSLSGSRNTGELFF	0	0	5.67034861303273e-05	5.67034861303273e-05	1
CASSSPDRALYEQYF	0	0	5.67034861303273e-05	5.67034861303273e-05	1
CASSSRGSDEAFF	0	0	5.67034861303273e-05	5.67034861303273e-05	1
CASSSRLAGSPYEQYF	1.20560364574542e-05	0	5.67034861303273e-05	5.67034861303273e-05	2
CASSSSPTDSQETQYF	1.20560364574542e-05	0	5.67034861303273e-05	5.67034861303273e-05	2
CASSSTAGSSGANVLTF	0	0	5.67034861303273e-05	5.67034861303273e-05	1
CASSSTGGYEQYF	0	0	5.67034861303273e-05	5.67034861303273e-05	1
CASSSTSGSTDTQYF	0	0	5.67034861303273e-05	5.67034861303273e-05	1
CASSSWDTPNEKLFF	0	0	5.67034861303273e-05	5.67034861303273e-05	1
CASSTFRGGTLTGELFF	0	0	5.67034861303273e-05	5.67034861303273e-05	1
CASSTRRHLNSPLHF	0	0	5.67034861303273e-05	5.67034861303273e-05	1
CASSTSGTSAYNEQFF	0	0	5.67034861303273e-05	5.67034861303273e-05	1
CASSVALLAGGTQYF	0	0	5.67034861303273e-05	5.67034861303273e-05	1
CASSVASGVNTGELFF	0	0	5.67034861303273e-05	5.67034861303273e-05	1
CASSVEGSTNEKLFF	0	0	5.67034861303273e-05	5.67034861303273e-05	1
CASSVFGRKEQYF	0	0	5.67034861303273e-05	5.67034861303273e-05	1
CASSVGGTPSYEQYF	0	0	5.67034861303273e-05	5.67034861303273e-05	1
CASSVGLAGAWEQYF	0	0	5.67034861303273e-05	5.67034861303273e-05	1
CASSVGLAGVLDTQYF	0	5.00200080032013e-05	5.67034861303273e-05	5.67034861303273e-05	2
CASSVGTQGRQAFF	0	0	5.67034861303273e-05	5.67034861303273e-05	1
CASSVSTGVNEKLFF	0	0	5.67034861303273e-05	5.67034861303273e-05	1
CASSVVASGSTDTQYF	0	0	5.67034861303273e-05	5.67034861303273e-05	1
CASSWGGKSEKLFF	0	0	5.67034861303273e-05	5.67034861303273e-05	1
CASSWGTGGSVKTQYF	0	0	5.67034861303273e-05	5.67034861303273e-05	1
CASSWTETHYNEQFF	0	0	5.67034861303273e-05	5.67034861303273e-05	1
CASSYDRVGTQYF	0	0	5.67034861303273e-05	5.67034861303273e-05	1
CASSYGASGFSYEQYF	0	0	5.67034861303273e-05	5.67034861303273e-05	1
CASSYGHRQPQHF	0	0	5.67034861303273e-05	5.67034861303273e-05	1
CASSYGLAFSYEQYF	0	0	5.67034861303273e-05	5.67034861303273e-05	1
CASSYGLAGEGFHEQYF	0	0	5.67034861303273e-05	5.67034861303273e-05	1
CASSYLAPTGELFF	0	0	5.67034861303273e-05	5.67034861303273e-05	1
CASSYRAEQYF	0	0	5.67034861303273e-05	5.67034861303273e-05	1
CASSYRAGAYNEQFF	0	0	5.67034861303273e-05	5.67034861303273e-05	1
CASSYRGAQGEQFF	0	0	5.67034861303273e-05	5.67034861303273e-05	1
CASSYRVLSSYEQYF	0	0	5.67034861303273e-05	5.67034861303273e-05	1
CASSYSGVDTQYF	0	0	5.67034861303273e-05	5.67034861303273e-05	1
CASSYSIPGPRGEKLFF	4.8224145829817e-05	5.00200080032013e-05	5.67034861303273e-05	5.67034861303273e-05	3
CASSYSMPRNTGELFF	0	0	5.67034861303273e-05	5.67034861303273e-05	1
CASSYSPGSGELFF	0	0	5.67034861303273e-05	5.67034861303273e-05	1
CASSYSRNSFSYEQYF	0	0	5.67034861303273e-05	5.67034861303273e-05	1
CASSYYPQPQHF	0	0	5.67034861303273e-05	5.67034861303273e-05	1
CASTAAGGYGYTF	0	0	5.67034861303273e-05	5.67034861303273e-05	1
CASTGTPVQGQYF	0	0	5.67034861303273e-05	5.67034861303273e-05	1
CASTIASNQPQHF	0	0	5.67034861303273e-05	5.67034861303273e-05	1
CASTLRGLGRNEQFF	3.61681093723627e-05	0	5.67034861303273e-05	5.67034861303273e-05	2
CASTNPRGRTGELFF	0	0	5.67034861303273e-05	5.67034861303273e-05	1
CASTPGPRNSPLHF	0	0	5.67034861303273e-05	5.67034861303273e-05	1
CASTPPVYNEQFF	0	0	5.67034861303273e-05	5.67034861303273e-05	1
CASTQGDSPLHF	0	0	5.67034861303273e-05	5.67034861303273e-05	1
CASTRRGRLYGYTF	0	0	5.67034861303273e-05	5.67034861303273e-05	1
CASTSSGRRYEQYF	2.41120729149085e-05	0	5.67034861303273e-05	5.67034861303273e-05	2
CASWGPASYEQYF	0	0	5.67034861303273e-05	5.67034861303273e-05	1
CATAAAGTSGSRWDNEQFF	0	0	5.67034861303273e-05	5.67034861303273e-05	1
CATEDRLSYEQYF	0	0	5.67034861303273e-05	5.67034861303273e-05	1
CATGTGPRARNNEQFF	0	0	5.67034861303273e-05	5.67034861303273e-05	1
CATGTSSASGRAYEQFF	0	0	5.67034861303273e-05	5.67034861303273e-05	1
CATIARGLHNEQFF	0	0	5.67034861303273e-05	5.67034861303273e-05	1
CATRPGTGTKETQYF	0	0	5.67034861303273e-05	5.67034861303273e-05	1
CATSDPRAAHEQFF	2.41120729149085e-05	0	5.67034861303273e-05	5.67034861303273e-05	2
CATSEGQGRQYF	0	0	5.67034861303273e-05	5.67034861303273e-05	1
CATSENNEQFF	0	0	5.67034861303273e-05	5.67034861303273e-05	1
CATSPTLAGHIQYF	0	0	5.67034861303273e-05	5.67034861303273e-05	1
CATSRDGGLAGFNEQFF	0	0	5.67034861303273e-05	5.67034861303273e-05	1
CATSRGITSGVVTQYF	0	0	5.67034861303273e-05	5.67034861303273e-05	1
CATTRTGGINTEAFF	0	0	5.67034861303273e-05	5.67034861303273e-05	1
CAWIMQQGIYGYTF	0	0	5.67034861303273e-05	5.67034861303273e-05	1
CAWSALQGRRLFF	0	0	5.67034861303273e-05	5.67034861303273e-05	1
CAWSIGGPSYEQYF	0	0	5.67034861303273e-05	5.67034861303273e-05	1
CAWSPFGTFEGRGYTF	0	0	5.67034861303273e-05	5.67034861303273e-05	1
CAWSRRGNQPQHF	0	0	5.67034861303273e-05	5.67034861303273e-05	1
CAWSVGGSYEQYF	0	0	5.67034861303273e-05	5.67034861303273e-05	1
CAWSVLSGNTEAFF	0	0	5.67034861303273e-05	5.67034861303273e-05	1
CAWSVRGTARYGYTF	0	0	5.67034861303273e-05	5.67034861303273e-05	1
CAWSVTSGSTEQFF	0	0	5.67034861303273e-05	5.67034861303273e-05	1
CAWTSGETYNEQFF	0	0	5.67034861303273e-05	5.67034861303273e-05	1
CSAAGNNYGYTF	0	0	5.67034861303273e-05	5.67034861303273e-05	1
CSAALGVWGTEAFF	0	0	5.67034861303273e-05	5.67034861303273e-05	1
CSAARDGTDTQYF	0	0	5.67034861303273e-05	5.67034861303273e-05	1
CSADGSGRHNYEQYF	0	0	5.67034861303273e-05	5.67034861303273e-05	1
CSAEPAVNSYEQYF	0	0	5.67034861303273e-05	5.67034861303273e-05	1
CSAESSANSYEQYF	0	0	5.67034861303273e-05	5.67034861303273e-05	1
CSAGGLAGRTYEQFF	0	0	5.67034861303273e-05	5.67034861303273e-05	1
CSAGPLGSYEQYF	0	0	5.67034861303273e-05	5.67034861303273e-05	1
CSAGVGVVSVGDTQYF	0	0	5.67034861303273e-05	5.67034861303273e-05	1
CSAKKGTAQETQYF	0	0	5.67034861303273e-05	5.67034861303273e-05	1
CSAKRGLTDTQYF	1.20560364574542e-05	0	5.67034861303273e-05	5.67034861303273e-05	2
CSALHGLAGGPKDTGELFF	0	0	5.67034861303273e-05	5.67034861303273e-05	1
CSAMAGLAGLYEQYF	0	0	5.67034861303273e-05	5.67034861303273e-05	1
CSAPGTSGVGEQFF	0	0	5.67034861303273e-05	5.67034861303273e-05	1
CSAPPGSTDTQYF	0	0	5.67034861303273e-05	5.67034861303273e-05	1
CSAPPPGGREMKTQYF	0	0	5.67034861303273e-05	5.67034861303273e-05	1
CSAPRQGARQPQHF	0	0	5.67034861303273e-05	5.67034861303273e-05	1
CSARAPPGGGFTGELFF	0	0	5.67034861303273e-05	5.67034861303273e-05	1
CSARDDRGSETQYF	0	0	5.67034861303273e-05	5.67034861303273e-05	1
CSARDLGGIYEQYF	0	0	5.67034861303273e-05	5.67034861303273e-05	1
CSARDLTSGKETQYF	0	0	5.67034861303273e-05	5.67034861303273e-05	1
CSARDRRVRGKDEKLFF	0	0	5.67034861303273e-05	5.67034861303273e-05	1
CSARGLAGRSYEQYF	0	0	5.67034861303273e-05	5.67034861303273e-05	1
CSARGRGSYNEQFF	0	0	5.67034861303273e-05	5.67034861303273e-05	1
CSARGWGITRTDTQYF	0	0	5.67034861303273e-05	5.67034861303273e-05	1
CSARMSARIGTDTQYF	3.61681093723627e-05	0	5.67034861303273e-05	5.67034861303273e-05	2
CSARPLGVAYNSPLHF	0	0	5.67034861303273e-05	5.67034861303273e-05	1
CSARPPYNEQFF	0	0	5.67034861303273e-05	5.67034861303273e-05	1
CSARRPVYGYTF	0	0	5.67034861303273e-05	5.67034861303273e-05	1
CSARVAGGVDTQYF	0	0	5.67034861303273e-05	5.67034861303273e-05	1
CSASLGTSNTEAFF	0	0	5.67034861303273e-05	5.67034861303273e-05	1
CSASREGGYNEQFF	0	0	5.67034861303273e-05	5.67034861303273e-05	1
CSASRGSYEQYF	0	0	5.67034861303273e-05	5.67034861303273e-05	1
CSASTQGSYNSPLHF	0	0	5.67034861303273e-05	5.67034861303273e-05	1
CSASVGKETQYF	0	0	5.67034861303273e-05	5.67034861303273e-05	1
CSATDRGNEQFF	0	0	5.67034861303273e-05	5.67034861303273e-05	1
CSATSLLTRGQGLYSNQPQHF	0	0	5.67034861303273e-05	5.67034861303273e-05	1
CSAVAGGVNTQYF	0	0	5.67034861303273e-05	5.67034861303273e-05	1
CSAVTGGGFAETQYF	0	0	5.67034861303273e-05	5.67034861303273e-05	1
CSGAGLAVNEQFF	0	0	5.67034861303273e-05	5.67034861303273e-05	1
CSVEGAGAGTDTQYF	0	0	5.67034861303273e-05	5.67034861303273e-05	1
CSVETHQAAFF	0	0	5.67034861303273e-05	5.67034861303273e-05	1
CSVGKLDTQYF	0	0	5.67034861303273e-05	5.67034861303273e-05	1
CSVLRAGLGEQFF	0	0	5.67034861303273e-05	5.67034861303273e-05	1
CAQRRPANTGELFF	0	5.00200080032013e-05	0	5.00200080032013e-05	1
CASAPRLSYEQYF	0	5.00200080032013e-05	0	5.00200080032013e-05	1
CASKPGLETQYF	0	5.00200080032013e-05	0	5.00200080032013e-05	1
CASRAGDSHEQYF	0	5.00200080032013e-05	0	5.00200080032013e-05	1
CASRGQGATGELFF	0	5.00200080032013e-05	0	5.00200080032013e-05	1
CASRGRVKDREAFF	0	5.00200080032013e-05	0	5.00200080032013e-05	1
CASRISGSSYNEQFF	0	5.00200080032013e-05	0	5.00200080032013e-05	1
CASRPRRTGGNSGANVLTF	0	5.00200080032013e-05	0	5.00200080032013e-05	1
CASRPSTDTQYF	0	5.00200080032013e-05	0	5.00200080032013e-05	1
CASRRGLAGTSDTQYF	0	5.00200080032013e-05	0	5.00200080032013e-05	1
CASRRQRDYEQYF	0	5.00200080032013e-05	0	5.00200080032013e-05	1
CASSAGGLSNQPQHF	0	5.00200080032013e-05	0	5.00200080032013e-05	1
CASSAGVTEAFF	0	5.00200080032013e-05	0	5.00200080032013e-05	1
CASSARGGELFF	0	5.00200080032013e-05	0	5.00200080032013e-05	1
CASSDTGHVGYNEQFF	0	5.00200080032013e-05	0	5.00200080032013e-05	1
CASSDYRGTTNEKLFF	0	5.00200080032013e-05	0	5.00200080032013e-05	1
CASSEGHISSSTDTQYF	2.41120729149085e-05	5.00200080032013e-05	0	5.00200080032013e-05	2
CASSENTDNEQFF	1.20560364574542e-05	5.00200080032013e-05	0	5.00200080032013e-05	2
CASSERREQYNEQFF	0	5.00200080032013e-05	2.26813944521309e-05	5.00200080032013e-05	2
CASSFDRGQETQYF	0	5.00200080032013e-05	0	5.00200080032013e-05	1
CASSFTSGTDTQYF	0	5.00200080032013e-05	0	5.00200080032013e-05	1
CASSHGTDFNQPQHF	0	5.00200080032013e-05	0	5.00200080032013e-05	1
CASSISGLAKYNEQFF	0	5.00200080032013e-05	0	5.00200080032013e-05	1
CASSKPWDTQYF	0	5.00200080032013e-05	2.26813944521309e-05	5.00200080032013e-05	2
CASSLAGGPYEQYF	0	5.00200080032013e-05	0	5.00200080032013e-05	1
CASSLAQGGTEAFF	0	5.00200080032013e-05	0	5.00200080032013e-05	1
CASSLELAKNIQYF	0	5.00200080032013e-05	0	5.00200080032013e-05	1
CASSLGGRVGEQYF	0	5.00200080032013e-05	0	5.00200080032013e-05	1
CASSLGLAGGQETQYF	0	5.00200080032013e-05	0	5.00200080032013e-05	1
CASSLGLINYGYTF	0	5.00200080032013e-05	0	5.00200080032013e-05	1
CASSLGSYYGYTF	0	5.00200080032013e-05	0	5.00200080032013e-05	1
CASSLIPSNTGELFF	0	5.00200080032013e-05	0	5.00200080032013e-05	1
CASSLRQGNTGELFF	0	5.00200080032013e-05	0	5.00200080032013e-05	1
CASSLRTRTGTDTQYF	0	5.00200080032013e-05	0	5.00200080032013e-05	1
CASSLSRGAYEQYF	0	5.00200080032013e-05	0	5.00200080032013e-05	1
CASSLSSSNTEAFF	0	5.00200080032013e-05	0	5.00200080032013e-05	1
CASSLVASGFHSYEQYF	0	5.00200080032013e-05	0	5.00200080032013e-05	1
CASSLVPWLAVSSYNEQFF	0	5.00200080032013e-05	0	5.00200080032013e-05	1
CASSLWQGRETQYF	0	5.00200080032013e-05	0	5.00200080032013e-05	1
CASSPDPNNIQYF	0	5.00200080032013e-05	2.26813944521309e-05	5.00200080032013e-05	2
CASSPFQGKLFF	0	5.00200080032013e-05	0	5.00200080032013e-05	1
CASSPGAAGVLVGYTF	0	5.00200080032013e-05	0	5.00200080032013e-05	1
CASSPGGTEAFF	0	5.00200080032013e-05	0	5.00200080032013e-05	1
CASSPIHGSYEQYF	0	5.00200080032013e-05	0	5.00200080032013e-05	1
CASSPIKTGPTGELFF	0	5.00200080032013e-05	0	5.00200080032013e-05	1
CASSPRAPTGGEQYF	0	5.00200080032013e-05	0	5.00200080032013e-05	1
CASSPTSGGTYEQYF	0	5.00200080032013e-05	0	5.00200080032013e-05	1
CASSPWTASGNTIYF	0	5.00200080032013e-05	0	5.00200080032013e-05	1
CASSQDDRVVKSWGRDTQYF	0	5.00200080032013e-05	0	5.00200080032013e-05	1
CASSQGGNSYNEQFF	0	5.00200080032013e-05	0	5.00200080032013e-05	1
CASSQGGPAGGRYEQFF	1.20560364574542e-05	5.00200080032013e-05	0	5.00200080032013e-05	2
CASSQRGGRETQYF	0	5.00200080032013e-05	0	5.00200080032013e-05	1
CASSRAYGYTF	0	5.00200080032013e-05	0	5.00200080032013e-05	1
CASSRPGSNQPQHF	0	5.00200080032013e-05	0	5.00200080032013e-05	1
CASSRRAGLASTDTQYF	0	5.00200080032013e-05	0	5.00200080032013e-05	1
CASSSAPGTGENEQYF	0	5.00200080032013e-05	0	5.00200080032013e-05	1
CASSSGAGRTDTQYF	0	5.00200080032013e-05	0	5.00200080032013e-05	1
CASSSGSTNEKLFF	0	5.00200080032013e-05	0	5.00200080032013e-05	1
CASSSQGNNEQFF	0	5.00200080032013e-05	0	5.00200080032013e-05	1
CASSVDGFGANVLTF	0	5.00200080032013e-05	0	5.00200080032013e-05	1
CASSVDPGTSGGNEQFF	3.61681093723627e-05	5.00200080032013e-05	0	5.00200080032013e-05	2
CASSVGDTTEAFF	0	5.00200080032013e-05	0	5.00200080032013e-05	1
CASSVGQGGLDTQYF	0	5.00200080032013e-05	0	5.00200080032013e-05	1
CASSVGSHNSPLHF	0	5.00200080032013e-05	1.13406972260655e-05	5.00200080032013e-05	2
CASSVTPPVEQFF	0	5.00200080032013e-05	0	5.00200080032013e-05	1
CASSVVGTQYNEQFF	0	5.00200080032013e-05	0	5.00200080032013e-05	1
CASSWAGVTDTQYF	0	5.00200080032013e-05	0	5.00200080032013e-05	1
CASSWSPHQPQHF	0	5.00200080032013e-05	0	5.00200080032013e-05	1
CASSYEQGRNSPLHF	0	5.00200080032013e-05	0	5.00200080032013e-05	1
CASSYKGGGYEQYF	0	5.00200080032013e-05	0	5.00200080032013e-05	1
CATSDHSTDTQYF	0	5.00200080032013e-05	0	5.00200080032013e-05	1
CATSPSGGLLSSYNEQFF	0	5.00200080032013e-05	0	5.00200080032013e-05	1
CAWNGGTTEAFF	4.8224145829817e-05	5.00200080032013e-05	0	5.00200080032013e-05	2
CAWSFVLGGAGKAFF	0	5.00200080032013e-05	0	5.00200080032013e-05	1
CAWSVQGGQETQYF	0	5.00200080032013e-05	0	5.00200080032013e-05	1
CAWSVSDTEAFF	0	5.00200080032013e-05	0	5.00200080032013e-05	1
CSAEPIYGQLNTDTQYF	0	5.00200080032013e-05	0	5.00200080032013e-05	1
CSAPTSGRTDTQYF	0	5.00200080032013e-05	0	5.00200080032013e-05	1
CSAQQGTGGTEAFF	0	5.00200080032013e-05	0	5.00200080032013e-05	1
CSARDLLEGTNEKLFF	0	5.00200080032013e-05	0	5.00200080032013e-05	1
CSARSIPLGQDYNEQFF	0	5.00200080032013e-05	1.13406972260655e-05	5.00200080032013e-05	2
CSARVGQGVGEQFF	0	5.00200080032013e-05	0	5.00200080032013e-05	1
CSASRQLSTDTQYF	0	5.00200080032013e-05	0	5.00200080032013e-05	1
CASSHRQTGGTDGYTF	0	5.00200080032013e-05	0	5.00200080032013e-05	1
CASSLSGLDNSPLHF	0	5.00200080032013e-05	0	5.00200080032013e-05	1
CSASPTGIETQYF	0	5.00200080032013e-05	0	5.00200080032013e-05	1
CAGGTDTQYF	4.8224145829817e-05	0	0	4.8224145829817e-05	1
CAGTSGRASSYNEQFF	4.8224145829817e-05	0	0	4.8224145829817e-05	1
CAIAAGTSGTAEQYF	4.8224145829817e-05	0	0	4.8224145829817e-05	1
CAIRRDHLTSGELFF	4.8224145829817e-05	0	0	4.8224145829817e-05	1
CAIRSEGSFYEQYF	4.8224145829817e-05	0	0	4.8224145829817e-05	1
CAISEPRGRASNEQFF	4.8224145829817e-05	0	0	4.8224145829817e-05	1
CAISESLREKLFF	4.8224145829817e-05	0	0	4.8224145829817e-05	1
CAISESSGEAFF	4.8224145829817e-05	0	0	4.8224145829817e-05	1
CAISGTSGSLLEQFF	4.8224145829817e-05	0	0	4.8224145829817e-05	1
CAISSGGYNEQFF	4.8224145829817e-05	0	0	4.8224145829817e-05	1
CAISVSRDNQPQHF	4.8224145829817e-05	0	0	4.8224145829817e-05	1
CAITGGGTDTQYF	4.8224145829817e-05	0	0	4.8224145829817e-05	1
CANMIDRWGTEAFF	4.8224145829817e-05	0	0	4.8224145829817e-05	1
CAPYGTNYEQYF	4.8224145829817e-05	0	0	4.8224145829817e-05	1
CASEGVDGSEQFF	4.8224145829817e-05	0	0	4.8224145829817e-05	1
CASERELNTEAFF	4.8224145829817e-05	0	0	4.8224145829817e-05	1
CASGAGGYFYEQFF	4.8224145829817e-05	0	0	4.8224145829817e-05	1
CASGDRGVTGELFF	4.8224145829817e-05	0	0	4.8224145829817e-05	1
CASGVDRRSGYTF	4.8224145829817e-05	0	0	4.8224145829817e-05	1
CASIARDRGGSSYNEQFF	4.8224145829817e-05	0	0	4.8224145829817e-05	1
CASILPGTGLNTEAFF	4.8224145829817e-05	0	0	4.8224145829817e-05	1
CASIPGLAGESSYEQYF	4.8224145829817e-05	0	0	4.8224145829817e-05	1
CASKGTSGIPSTDTQYF	4.8224145829817e-05	0	0	4.8224145829817e-05	1
CASKPGPLYEQYF	4.8224145829817e-05	0	0	4.8224145829817e-05	1
CASKRENYEQYF	4.8224145829817e-05	0	2.26813944521309e-05	4.8224145829817e-05	2
CASKRGRGLAGGSSYEQYF	4.8224145829817e-05	0	0	4.8224145829817e-05	1
CASLGIQGSTNTGELFF	4.8224145829817e-05	0	0	4.8224145829817e-05	1
CASMEWGLAGDNEQFF	4.8224145829817e-05	0	0	4.8224145829817e-05	1
CASMSRPNTEAFF	4.8224145829817e-05	0	0	4.8224145829817e-05	1
CASNLGTSGTSYQETQYF	4.8224145829817e-05	0	0	4.8224145829817e-05	1
CASNRRTGTEAFF	4.8224145829817e-05	0	0	4.8224145829817e-05	1
CASRAFSYEQYF	4.8224145829817e-05	0	0	4.8224145829817e-05	1
CASRAGTLNTEAFF	4.8224145829817e-05	0	0	4.8224145829817e-05	1
CASRAMNTGELFF	4.8224145829817e-05	0	0	4.8224145829817e-05	1
CASRERGTQYF	4.8224145829817e-05	0	0	4.8224145829817e-05	1
CASRGILSSGANVLTF	4.8224145829817e-05	0	4.53627889042618e-05	4.8224145829817e-05	2
CASRGLAYNEQFF	4.8224145829817e-05	0	0	4.8224145829817e-05	1
CASRLAAYNEQFF	4.8224145829817e-05	0	0	4.8224145829817e-05	1
CASRLGSSYNEQFF	4.8224145829817e-05	0	0	4.8224145829817e-05	1
CASRLGTIYNEQFF	4.8224145829817e-05	0	0	4.8224145829817e-05	1
CASRPLESNQPQHF	4.8224145829817e-05	0	0	4.8224145829817e-05	1
CASRPSAGGEQFF	4.8224145829817e-05	0	0	4.8224145829817e-05	1
CASRRLGGDEQYF	4.8224145829817e-05	0	0	4.8224145829817e-05	1
CASRRREDQPQHF	4.8224145829817e-05	0	0	4.8224145829817e-05	1
CASRSRVLGSYNEQFF	4.8224145829817e-05	0	0	4.8224145829817e-05	1
CASRTGPYEQYF	4.8224145829817e-05	0	0	4.8224145829817e-05	1
CASRTGTGPYELYF	4.8224145829817e-05	0	0	4.8224145829817e-05	1
CASRTSETQYF	4.8224145829817e-05	0	0	4.8224145829817e-05	1
CASRTTVNTEAFF	4.8224145829817e-05	0	0	4.8224145829817e-05	1
CASSAGASPYTQYF	4.8224145829817e-05	0	0	4.8224145829817e-05	1
CASSAGLASYNEQFF	4.8224145829817e-05	0	0	4.8224145829817e-05	1
CASSANRGLGFF	4.8224145829817e-05	0	0	4.8224145829817e-05	1
CASSDPSLAEQYF	4.8224145829817e-05	0	0	4.8224145829817e-05	1
CASSEAFKGPGQPQHF	4.8224145829817e-05	0	0	4.8224145829817e-05	1
CASSEDFGYEQYF	4.8224145829817e-05	0	0	4.8224145829817e-05	1
CASSEEEGARYGYTF	4.8224145829817e-05	0	0	4.8224145829817e-05	1
CASSEGLAALYGEQFF	4.8224145829817e-05	0	0	4.8224145829817e-05	1
CASSELWGGLETQYF	4.8224145829817e-05	0	0	4.8224145829817e-05	1
CASSERENVLTF	4.8224145829817e-05	0	0	4.8224145829817e-05	1
CASSERGALADTQYF	4.8224145829817e-05	0	0	4.8224145829817e-05	1
CASSESTGRAHADTQYF	4.8224145829817e-05	0	0	4.8224145829817e-05	1
CASSESVNEQFF	4.8224145829817e-05	0	0	4.8224145829817e-05	1
CASSESVSGITLYLSYEQYF	4.8224145829817e-05	0	0	4.8224145829817e-05	1
CASSESYEQYF	4.8224145829817e-05	0	0	4.8224145829817e-05	1
CASSETGLTGQFF	4.8224145829817e-05	0	0	4.8224145829817e-05	1
CASSETPHTDTQYF	4.8224145829817e-05	0	0	4.8224145829817e-05	1
CASSETSIGEQFF	4.8224145829817e-05	0	0	4.8224145829817e-05	1
CASSEVGYEQYF	4.8224145829817e-05	0	0	4.8224145829817e-05	1
CASSFAPWTGELFF	4.8224145829817e-05	0	0	4.8224145829817e-05	1
CASSFASGRSEQFF	4.8224145829817e-05	0	0	4.8224145829817e-05	1
CASSFEFGVEQYF	4.8224145829817e-05	0	0	4.8224145829817e-05	1
CASSFGLAEQFF	4.8224145829817e-05	0	0	4.8224145829817e-05	1
CASSFGLVAHEQYF	4.8224145829817e-05	0	0	4.8224145829817e-05	1
CASSFGPINEKLFF	4.8224145829817e-05	0	0	4.8224145829817e-05	1
CASSFLHSNSPLHF	4.8224145829817e-05	0	0	4.8224145829817e-05	1
CASSFLRNEQFF	4.8224145829817e-05	0	0	4.8224145829817e-05	1
CASSFLSASGILYQETQYF	4.8224145829817e-05	0	0	4.8224145829817e-05	1
CASSFQGGTGELFF	4.8224145829817e-05	0	0	4.8224145829817e-05	1
CASSFRDEAFF	4.8224145829817e-05	0	0	4.8224145829817e-05	1
CASSFSGSRYEQFF	4.8224145829817e-05	0	0	4.8224145829817e-05	1
CASSFSGVETQYF	4.8224145829817e-05	0	0	4.8224145829817e-05	1
CASSFVGNYGYTF	4.8224145829817e-05	0	0	4.8224145829817e-05	1
CASSGEQRRRNTEAFF	4.8224145829817e-05	0	0	4.8224145829817e-05	1
CASSGGARVRQPQHF	4.8224145829817e-05	0	0	4.8224145829817e-05	1
CASSGGATNEKLFF	4.8224145829817e-05	0	0	4.8224145829817e-05	1
CASSGGTITPLSSYNEQFF	4.8224145829817e-05	0	0	4.8224145829817e-05	1
CASSGTGVNEKLFF	4.8224145829817e-05	0	0	4.8224145829817e-05	1
CASSHGAGASTDTQYF	4.8224145829817e-05	0	0	4.8224145829817e-05	1
CASSHLGVGAGEQFF	4.8224145829817e-05	0	0	4.8224145829817e-05	1
CASSIAGAPNYEQYF	4.8224145829817e-05	0	0	4.8224145829817e-05	1
CASSIDRITGELFF	4.8224145829817e-05	0	0	4.8224145829817e-05	1
CASSIEAGKGTGYTF	4.8224145829817e-05	0	0	4.8224145829817e-05	1
CASSIGLAASTDTQYF	4.8224145829817e-05	0	1.13406972260655e-05	4.8224145829817e-05	2
CASSIGWGGQETQYF	4.8224145829817e-05	0	0	4.8224145829817e-05	1
CASSIPAYTGELFF	4.8224145829817e-05	0	0	4.8224145829817e-05	1
CASSIPGANYGYTF	4.8224145829817e-05	0	0	4.8224145829817e-05	1
CASSIRDRGSPLYGYTF	4.8224145829817e-05	0	0	4.8224145829817e-05	1
CASSIRDSHYGYTF	4.8224145829817e-05	0	0	4.8224145829817e-05	1
CASSISASSGNTIYF	4.8224145829817e-05	0	0	4.8224145829817e-05	1
CASSISGTSGTWELFF	4.8224145829817e-05	0	0	4.8224145829817e-05	1
CASSISSTLDTQYF	4.8224145829817e-05	0	0	4.8224145829817e-05	1
CASSITYGQDTQYF	4.8224145829817e-05	0	0	4.8224145829817e-05	1
CASSKDTGGSGELFF	4.8224145829817e-05	0	0	4.8224145829817e-05	1
CASSLAGGAGNQPQHF	4.8224145829817e-05	0	0	4.8224145829817e-05	1
CASSLAGGDTQYF	4.8224145829817e-05	0	0	4.8224145829817e-05	1
CASSLAGGPLYEQYF	4.8224145829817e-05	0	0	4.8224145829817e-05	1
CASSLAGTNNEQFF	4.8224145829817e-05	0	0	4.8224145829817e-05	1
CASSLARSSGHNEQFF	4.8224145829817e-05	0	0	4.8224145829817e-05	1
CASSLATGGTDTQYF	4.8224145829817e-05	0	0	4.8224145829817e-05	1
CASSLATYRPNTEAFF	4.8224145829817e-05	0	2.26813944521309e-05	4.8224145829817e-05	2
CASSLDGQQTQYF	4.8224145829817e-05	0	0	4.8224145829817e-05	1
CASSLDLSNEQFF	4.8224145829817e-05	0	0	4.8224145829817e-05	1
CASSLDRGRDLFF	4.8224145829817e-05	0	0	4.8224145829817e-05	1
CASSLDRNYQPQHF	4.8224145829817e-05	3.33466720021342e-05	0	4.8224145829817e-05	2
CASSLDRTGPDGYTF	4.8224145829817e-05	0	0	4.8224145829817e-05	1
CASSLDSFDHYEQYF	4.8224145829817e-05	0	0	4.8224145829817e-05	1
CASSLEGQGRASDTQYF	4.8224145829817e-05	0	0	4.8224145829817e-05	1
CASSLGDTGGVNSPLHF	4.8224145829817e-05	0	0	4.8224145829817e-05	1
CASSLGEGTQYF	4.8224145829817e-05	0	0	4.8224145829817e-05	1
CASSLGLSGPDTQYF	4.8224145829817e-05	0	0	4.8224145829817e-05	1
CASSLGQFSGNTIYF	4.8224145829817e-05	0	0	4.8224145829817e-05	1
CASSLGTSATGELFF	4.8224145829817e-05	0	0	4.8224145829817e-05	1
CASSLGTSVGGYTF	4.8224145829817e-05	0	0	4.8224145829817e-05	1
CASSLIRNQPQHF	4.8224145829817e-05	0	0	4.8224145829817e-05	1
CASSLKLAGGTDTQYF	4.8224145829817e-05	0	0	4.8224145829817e-05	1
CASSLLAGGTYNEQFF	4.8224145829817e-05	0	0	4.8224145829817e-05	1
CASSLLALADYEQYF	4.8224145829817e-05	0	0	4.8224145829817e-05	1
CASSLLGQGFTEAFF	4.8224145829817e-05	0	0	4.8224145829817e-05	1
CASSLLTDLHF	4.8224145829817e-05	0	0	4.8224145829817e-05	1
CASSLLWGLSTDTQYF	4.8224145829817e-05	0	0	4.8224145829817e-05	1
CASSLNRIYTF	4.8224145829817e-05	0	0	4.8224145829817e-05	1
CASSLNSGMTDTQYF	4.8224145829817e-05	0	0	4.8224145829817e-05	1
CASSLQGAIYNEQFF	4.8224145829817e-05	1.66733360010671e-05	0	4.8224145829817e-05	2
CASSLQGAPSYGYTF	4.8224145829817e-05	0	0	4.8224145829817e-05	1
CASSLQGAWTDTQYF	4.8224145829817e-05	0	0	4.8224145829817e-05	1
CASSLQRQNTDTQYF	4.8224145829817e-05	0	0	4.8224145829817e-05	1
CASSLRPYSNQPQHF	4.8224145829817e-05	0	0	4.8224145829817e-05	1
CASSLRRGRAQETQYF	4.8224145829817e-05	0	0	4.8224145829817e-05	1
CASSLSITGAQPQHF	4.8224145829817e-05	0	0	4.8224145829817e-05	1
CASSLSLDRDVSYEQYF	4.8224145829817e-05	0	0	4.8224145829817e-05	1
CASSLSPGTTYTQYF	4.8224145829817e-05	0	0	4.8224145829817e-05	1
CASSLTGIGVLTF	4.8224145829817e-05	0	0	4.8224145829817e-05	1
CASSLTGSVYEQYF	4.8224145829817e-05	0	0	4.8224145829817e-05	1
CASSLTGTHQPQHF	4.8224145829817e-05	0	0	4.8224145829817e-05	1
CASSLTYTTYEQYF	4.8224145829817e-05	0	0	4.8224145829817e-05	1
CASSLVAGVSYNEQFF	4.8224145829817e-05	0	0	4.8224145829817e-05	1
CASSLVGGGKETQYF	4.8224145829817e-05	0	2.26813944521309e-05	4.8224145829817e-05	2
CASSLVIWTSGRRSEQFF	4.8224145829817e-05	0	0	4.8224145829817e-05	1
CASSLVSFGTRGYNEQFF	4.8224145829817e-05	0	0	4.8224145829817e-05	1
CASSLWFRDTEAFF	4.8224145829817e-05	0	0	4.8224145829817e-05	1
CASSNGQGSTDTQYF	4.8224145829817e-05	0	2.26813944521309e-05	4.8224145829817e-05	2
CASSNRRSFYEQYF	4.8224145829817e-05	0	0	4.8224145829817e-05	1
CASSPAPGIGVYEQYF	4.8224145829817e-05	0	0	4.8224145829817e-05	1
CASSPGGVAGELFF	4.8224145829817e-05	0	0	4.8224145829817e-05	1
CASSPGPYTDTQYF	4.8224145829817e-05	0	0	4.8224145829817e-05	1
CASSPGQSEVYGYTF	4.8224145829817e-05	0	0	4.8224145829817e-05	1
CASSPGRAGTDTQYF	4.8224145829817e-05	0	0	4.8224145829817e-05	1
CASSPLEAGGGTEAFF	4.8224145829817e-05	0	0	4.8224145829817e-05	1
CASSPLGGTTYNEQFF	4.8224145829817e-05	0	0	4.8224145829817e-05	1
CASSPLPAGGGNEQFF	4.8224145829817e-05	0	0	4.8224145829817e-05	1
CASSPNLDHPSLFNYGYTF	4.8224145829817e-05	0	0	4.8224145829817e-05	1
CASSPPGAGPYNEQFF	4.8224145829817e-05	0	0	4.8224145829817e-05	1
CASSPPGQGRSSYEQYF	4.8224145829817e-05	0	0	4.8224145829817e-05	1
CASSPPVGPSERYTF	4.8224145829817e-05	0	0	4.8224145829817e-05	1
CASSPQGRTGELFF	4.8224145829817e-05	0	0	4.8224145829817e-05	1
CASSPQPQGPLGGYTF	4.8224145829817e-05	0	0	4.8224145829817e-05	1
CASSPQYVTGELFF	4.8224145829817e-05	0	0	4.8224145829817e-05	1
CASSPRATDTQYF	4.8224145829817e-05	0	0	4.8224145829817e-05	1
CASSPRGGGSYNEQFF	4.8224145829817e-05	0	0	4.8224145829817e-05	1
CASSPRGVNTEAFF	4.8224145829817e-05	0	0	4.8224145829817e-05	1
CASSPRRGSRDEQYF	4.8224145829817e-05	0	0	4.8224145829817e-05	1
CASSPRTSGRVSGDEQFF	4.8224145829817e-05	0	3.40220916781964e-05	4.8224145829817e-05	2
CASSPRTSIITDTQYF	4.8224145829817e-05	0	0	4.8224145829817e-05	1
CASSPSTGSKETQYF	4.8224145829817e-05	0	0	4.8224145829817e-05	1
CASSPTGAGNTIYF	4.8224145829817e-05	0	0	4.8224145829817e-05	1
CASSPTGGASEAFF	4.8224145829817e-05	0	0	4.8224145829817e-05	1
CASSPTSGRRQLPDTQYF	4.8224145829817e-05	0	2.26813944521309e-05	4.8224145829817e-05	2
CASSQAGIGYNEQFF	4.8224145829817e-05	0	3.40220916781964e-05	4.8224145829817e-05	2
CASSQDFGDSYGYTF	4.8224145829817e-05	0	0	4.8224145829817e-05	1
CASSQDGTTYNEQFF	4.8224145829817e-05	0	0	4.8224145829817e-05	1
CASSQDRDSGNTIYF	4.8224145829817e-05	0	0	4.8224145829817e-05	1
CASSQDRGDSPLHF	4.8224145829817e-05	0	3.40220916781964e-05	4.8224145829817e-05	2
CASSQDRQGAGTDTQYF	4.8224145829817e-05	0	0	4.8224145829817e-05	1
CASSQDWNEQFF	4.8224145829817e-05	0	0	4.8224145829817e-05	1
CASSQEGGPTYEQYF	4.8224145829817e-05	0	0	4.8224145829817e-05	1
CASSQFRDGGQSNQPQHF	4.8224145829817e-05	0	0	4.8224145829817e-05	1
CASSQGATNYGYTF	4.8224145829817e-05	0	0	4.8224145829817e-05	1
CASSQGGGQPQHF	4.8224145829817e-05	0	0	4.8224145829817e-05	1
CASSQGHGYTF	4.8224145829817e-05	0	0	4.8224145829817e-05	1
CASSQGRDRERKLFF	4.8224145829817e-05	0	0	4.8224145829817e-05	1
CASSQGTTTGGRNEQYF	4.8224145829817e-05	0	0	4.8224145829817e-05	1
CASSQGWAGGNEQFF	4.8224145829817e-05	0	0	4.8224145829817e-05	1
CASSQNTYEQYF	4.8224145829817e-05	0	0	4.8224145829817e-05	1
CASSQPTDTQYF	4.8224145829817e-05	0	0	4.8224145829817e-05	1
CASSQTGSETYEQYF	4.8224145829817e-05	0	0	4.8224145829817e-05	1
CASSQVGTGTGATYEQYF	4.8224145829817e-05	0	0	4.8224145829817e-05	1
CASSRAEGATVSDTQYF	4.8224145829817e-05	0	0	4.8224145829817e-05	1
CASSRDILSYEQYF	4.8224145829817e-05	0	0	4.8224145829817e-05	1
CASSRESNSPLHF	4.8224145829817e-05	0	0	4.8224145829817e-05	1
CASSRGGDTQYF	4.8224145829817e-05	0	3.40220916781964e-05	4.8224145829817e-05	2
CASSRGPTGGSEQYF	4.8224145829817e-05	0	0	4.8224145829817e-05	1
CASSRGPYEQYF	4.8224145829817e-05	0	0	4.8224145829817e-05	1
CASSRIRDVHEQYF	4.8224145829817e-05	0	0	4.8224145829817e-05	1
CASSRQQTYGYTF	4.8224145829817e-05	0	0	4.8224145829817e-05	1
CASSRRGNEQFF	4.8224145829817e-05	0	0	4.8224145829817e-05	1
CASSRWTGGIGYTF	4.8224145829817e-05	0	0	4.8224145829817e-05	1
CASSSFGLSEQYF	4.8224145829817e-05	0	0	4.8224145829817e-05	1
CASSSFGSSGNTIYF	4.8224145829817e-05	0	3.40220916781964e-05	4.8224145829817e-05	2
CASSSGFPYEQYF	4.8224145829817e-05	0	0	4.8224145829817e-05	1
CASSSGGAGKNIQYF	4.8224145829817e-05	0	0	4.8224145829817e-05	1
CASSSGLAGAGELFF	4.8224145829817e-05	0	1.13406972260655e-05	4.8224145829817e-05	2
CASSSGLDNQQYF	4.8224145829817e-05	0	0	4.8224145829817e-05	1
CASSSGLVSDTQYF	4.8224145829817e-05	0	0	4.8224145829817e-05	1
CASSSGQVDEQFF	4.8224145829817e-05	0	0	4.8224145829817e-05	1
CASSSGVDTQYF	4.8224145829817e-05	0	2.26813944521309e-05	4.8224145829817e-05	2
CASSSLGELFF	4.8224145829817e-05	0	0	4.8224145829817e-05	1
CASSSPDRVGNEQYF	4.8224145829817e-05	0	0	4.8224145829817e-05	1
CASSSPFWGHNEQFF	4.8224145829817e-05	0	0	4.8224145829817e-05	1
CASSSPLLAGGIYEQYF	4.8224145829817e-05	0	0	4.8224145829817e-05	1
CASSSPQGASYNEQFF	4.8224145829817e-05	0	0	4.8224145829817e-05	1
CASSSSGRAGGELFF	4.8224145829817e-05	0	0	4.8224145829817e-05	1
CASSSSLAGGNTDTQYF	4.8224145829817e-05	0	0	4.8224145829817e-05	1
CASSSVTGELFF	4.8224145829817e-05	0	0	4.8224145829817e-05	1
CASSTGQGMLDTQYF	4.8224145829817e-05	0	0	4.8224145829817e-05	1
CASSTLRQGAAKNIQYF	4.8224145829817e-05	0	0	4.8224145829817e-05	1
CASSTPRTSGRAGELFF	4.8224145829817e-05	0	0	4.8224145829817e-05	1
CASSTRQGAYEQYF	4.8224145829817e-05	0	0	4.8224145829817e-05	1
CASSTRWGRIGGNEQFF	4.8224145829817e-05	0	0	4.8224145829817e-05	1
CASSTTGGAEKLFF	4.8224145829817e-05	0	0	4.8224145829817e-05	1
CASSVAGHMNTEAFF	4.8224145829817e-05	0	0	4.8224145829817e-05	1
CASSVAIGEYSNQPQHF	4.8224145829817e-05	0	0	4.8224145829817e-05	1
CASSVDPTGFYEQYF	4.8224145829817e-05	0	0	4.8224145829817e-05	1
CASSVDRGGETQYF	4.8224145829817e-05	0	0	4.8224145829817e-05	1
CASSVGQSSYNEQFF	4.8224145829817e-05	0	4.53627889042618e-05	4.8224145829817e-05	2
CASSVGSGYSQTPGANVLTF	4.8224145829817e-05	0	0	4.8224145829817e-05	1
CASSVGVPTGHGYTF	4.8224145829817e-05	0	0	4.8224145829817e-05	1
CASSVLAGGPRAYEQYF	4.8224145829817e-05	0	0	4.8224145829817e-05	1
CASSVNRGLNTGELFF	4.8224145829817e-05	0	0	4.8224145829817e-05	1
CASSVQGKGGVRREAFF	4.8224145829817e-05	0	0	4.8224145829817e-05	1
CASSVRGGQRIQETQYF	4.8224145829817e-05	0	0	4.8224145829817e-05	1
CASSVRTVITDTQYF	4.8224145829817e-05	0	0	4.8224145829817e-05	1
CASSVSAGVGSYEQYF	4.8224145829817e-05	0	0	4.8224145829817e-05	1
CASSVTSGNSYEQYF	4.8224145829817e-05	0	0	4.8224145829817e-05	1
CASSWGAGGNNEQFF	4.8224145829817e-05	0	0	4.8224145829817e-05	1
CASSWPDVSTDTQYF	4.8224145829817e-05	0	0	4.8224145829817e-05	1
CASSWQGPSNEQFF	4.8224145829817e-05	0	3.40220916781964e-05	4.8224145829817e-05	2
CASSWTGGLNGYTF	4.8224145829817e-05	1.66733360010671e-05	0	4.8224145829817e-05	2
CASSYAAGWQYF	4.8224145829817e-05	0	0	4.8224145829817e-05	1
CASSYDGGLMKSLFF	4.8224145829817e-05	0	0	4.8224145829817e-05	1
CASSYFSSGRWETQYF	4.8224145829817e-05	0	0	4.8224145829817e-05	1
CASSYGGPYEQYF	4.8224145829817e-05	0	0	4.8224145829817e-05	1
CASSYGGRNEQFF	4.8224145829817e-05	0	0	4.8224145829817e-05	1
CASSYGGWDGQYF	4.8224145829817e-05	0	0	4.8224145829817e-05	1
CASSYGQGSYEQYF	4.8224145829817e-05	0	0	4.8224145829817e-05	1
CASSYHQPQHF	4.8224145829817e-05	0	0	4.8224145829817e-05	1
CASSYIGASRGYEQYF	4.8224145829817e-05	0	0	4.8224145829817e-05	1
CASSYNIAGELFF	4.8224145829817e-05	3.33466720021342e-05	0	4.8224145829817e-05	2
CASSYPRALPNQPQHF	4.8224145829817e-05	0	0	4.8224145829817e-05	1
CASSYRPSRNEKLFF	4.8224145829817e-05	0	0	4.8224145829817e-05	1
CASSYRQAGWEQYF	4.8224145829817e-05	0	0	4.8224145829817e-05	1
CASSYRQATNEQYF	4.8224145829817e-05	0	0	4.8224145829817e-05	1
CASSYSAGTSRFEQYF	4.8224145829817e-05	0	0	4.8224145829817e-05	1
CASSYSDRGEQYF	4.8224145829817e-05	0	0	4.8224145829817e-05	1
CASSYSGADGEKLFF	4.8224145829817e-05	0	0	4.8224145829817e-05	1
CASSYSGLAGPSYNEQFF	4.8224145829817e-05	0	0	4.8224145829817e-05	1
CASSYSLGGNTDTQYF	4.8224145829817e-05	0	0	4.8224145829817e-05	1
CASSYSLGGSYEQYF	4.8224145829817e-05	0	0	4.8224145829817e-05	1
CASSYSSRQQYGYTF	4.8224145829817e-05	0	0	4.8224145829817e-05	1
CASSYSTSGRFRGEQFF	4.8224145829817e-05	0	0	4.8224145829817e-05	1
CASSYTDTQYF	4.8224145829817e-05	0	0	4.8224145829817e-05	1
CASSYTGLGEQYF	4.8224145829817e-05	0	0	4.8224145829817e-05	1
CASSYVSTDTQYF	4.8224145829817e-05	0	0	4.8224145829817e-05	1
CASSYWGEQFF	4.8224145829817e-05	0	0	4.8224145829817e-05	1
CASSYYLTSVSYNEQFF	4.8224145829817e-05	0	0	4.8224145829817e-05	1
CASTDGSPYEQYF	4.8224145829817e-05	0	0	4.8224145829817e-05	1
CASTFTDKQGAQYF	4.8224145829817e-05	0	0	4.8224145829817e-05	1
CASTGAPNQPQHF	4.8224145829817e-05	0	0	4.8224145829817e-05	1
CASTKNTEAFF	4.8224145829817e-05	0	0	4.8224145829817e-05	1
CATEGYNEQFF	4.8224145829817e-05	0	0	4.8224145829817e-05	1
CATGDQPQHF	4.8224145829817e-05	0	0	4.8224145829817e-05	1
CATRRTSGYNEQFF	4.8224145829817e-05	0	0	4.8224145829817e-05	1
CATRSGRPSTDTQYF	4.8224145829817e-05	0	3.40220916781964e-05	4.8224145829817e-05	2
CATSDDGPSPRYTF	4.8224145829817e-05	0	0	4.8224145829817e-05	1
CATSDFGQMGFNEQFF	4.8224145829817e-05	0	0	4.8224145829817e-05	1
CATSDLPGSQETQYF	4.8224145829817e-05	0	0	4.8224145829817e-05	1
CATSDPDWKTQYF	4.8224145829817e-05	0	0	4.8224145829817e-05	1
CATSDSGLAYEQYF	4.8224145829817e-05	0	0	4.8224145829817e-05	1
CATSDSGLSPLHF	4.8224145829817e-05	0	0	4.8224145829817e-05	1
CATSRDASGSQETQYF	4.8224145829817e-05	0	0	4.8224145829817e-05	1
CATSRGRGETQYF	4.8224145829817e-05	0	0	4.8224145829817e-05	1
CAWGMGPLSSYEQYF	4.8224145829817e-05	0	3.40220916781964e-05	4.8224145829817e-05	2
CAWKAGGPYNEQFF	4.8224145829817e-05	0	0	4.8224145829817e-05	1
CAWRDRGPGGYTF	4.8224145829817e-05	0	0	4.8224145829817e-05	1
CAWRLQGSSYNSPLHF	4.8224145829817e-05	0	0	4.8224145829817e-05	1
CAWRREIAEAFF	4.8224145829817e-05	0	0	4.8224145829817e-05	1
CAWRRTGSNQPQHF	4.8224145829817e-05	0	0	4.8224145829817e-05	1
CAWRTGGRHYTF	4.8224145829817e-05	0	0	4.8224145829817e-05	1
CAWSIINMNTEAFF	4.8224145829817e-05	0	0	4.8224145829817e-05	1
CAWSKGFGGAGELFF	4.8224145829817e-05	0	0	4.8224145829817e-05	1
CAWSPHRGGNQPQHF	4.8224145829817e-05	0	0	4.8224145829817e-05	1
CAWSVSPGSHEQYF	4.8224145829817e-05	0	0	4.8224145829817e-05	1
CAWTRDRGNYGYTF	4.8224145829817e-05	0	0	4.8224145829817e-05	1
CAWTRGQPNSPLHF	4.8224145829817e-05	0	0	4.8224145829817e-05	1
CSADGLAAYQETQYF	4.8224145829817e-05	0	0	4.8224145829817e-05	1
CSADLGGHNEQFF	4.8224145829817e-05	0	0	4.8224145829817e-05	1
CSAHFDLSRLAKNIQYF	4.8224145829817e-05	0	0	4.8224145829817e-05	1
CSAKTGGNQPQHF	4.8224145829817e-05	0	0	4.8224145829817e-05	1
CSAPKDRASAYGYTF	4.8224145829817e-05	0	0	4.8224145829817e-05	1
CSAQDYRLNYEQYF	4.8224145829817e-05	0	0	4.8224145829817e-05	1
CSARAGTENTEAFF	4.8224145829817e-05	0	0	4.8224145829817e-05	1
CSARAGTGGRLGYTF	4.8224145829817e-05	0	0	4.8224145829817e-05	1
CSARDAGYEQYF	4.8224145829817e-05	0	0	4.8224145829817e-05	1
CSARDLRETGELFF	4.8224145829817e-05	0	0	4.8224145829817e-05	1
CSARDPSGRLSYNEQFF	4.8224145829817e-05	0	0	4.8224145829817e-05	1
CSARDPSGSSGANVLTF	4.8224145829817e-05	0	0	4.8224145829817e-05	1
CSARDRGRGSGNTIYF	4.8224145829817e-05	0	0	4.8224145829817e-05	1
CSARDWPNTEAFF	4.8224145829817e-05	0	0	4.8224145829817e-05	1
CSAREGLLGELFF	4.8224145829817e-05	0	0	4.8224145829817e-05	1
CSAREVSRRETQYF	4.8224145829817e-05	0	0	4.8224145829817e-05	1
CSARLPNEQFF	4.8224145829817e-05	0	0	4.8224145829817e-05	1
CSARPSSGTSGKETQYF	4.8224145829817e-05	0	0	4.8224145829817e-05	1
CSARSGRERQLRPQHF	4.8224145829817e-05	0	0	4.8224145829817e-05	1
CSARTAFEQYF	4.8224145829817e-05	0	0	4.8224145829817e-05	1
CSARTGGGSETQYF	4.8224145829817e-05	0	0	4.8224145829817e-05	1
CSARTSGRETQYF	4.8224145829817e-05	0	0	4.8224145829817e-05	1
CSARVALSSYNEQFF	4.8224145829817e-05	0	0	4.8224145829817e-05	1
CSARVGTDYFEQYF	4.8224145829817e-05	0	0	4.8224145829817e-05	1
CSARVPRHMNTEAFF	4.8224145829817e-05	0	0	4.8224145829817e-05	1
CSARYSGVDTGELFF	4.8224145829817e-05	0	0	4.8224145829817e-05	1
CSASERHSYEQYF	4.8224145829817e-05	0	0	4.8224145829817e-05	1
CSASGRGEKLFF	4.8224145829817e-05	0	0	4.8224145829817e-05	1
CSASGSSYNEQFF	4.8224145829817e-05	0	0	4.8224145829817e-05	1
CSASPDNEQFF	4.8224145829817e-05	0	0	4.8224145829817e-05	1
CSASRTGFREKLFF	4.8224145829817e-05	0	0	4.8224145829817e-05	1
CSASYRRVPWDLNEQFF	4.8224145829817e-05	0	0	4.8224145829817e-05	1
CSATGLAVHVDEQFF	4.8224145829817e-05	0	0	4.8224145829817e-05	1
CSATGTTTGELFF	4.8224145829817e-05	0	0	4.8224145829817e-05	1
CSAWREDAYYEQYF	4.8224145829817e-05	0	0	4.8224145829817e-05	1
CSVAEGVNEQFF	4.8224145829817e-05	0	0	4.8224145829817e-05	1
CSVEDRTANTGELFF	4.8224145829817e-05	0	0	4.8224145829817e-05	1
CSVHREINTEAFF	4.8224145829817e-05	0	0	4.8224145829817e-05	1
CSVSGLYNEQFF	4.8224145829817e-05	0	0	4.8224145829817e-05	1
CSVSPAGGYTF	4.8224145829817e-05	0	0	4.8224145829817e-05	1
CVSSQGLQGREAFF	4.8224145829817e-05	0	0	4.8224145829817e-05	1
CAIGWDSEQYF	0	0	4.53627889042618e-05	4.53627889042618e-05	1
CAIRERETDTQYF	0	0	4.53627889042618e-05	4.53627889042618e-05	1
CAIRGQSRYEQYF	3.61681093723627e-05	0	4.53627889042618e-05	4.53627889042618e-05	2
CAISESEGQPQHF	0	0	4.53627889042618e-05	4.53627889042618e-05	1
CAISGGKTDTQYF	0	0	4.53627889042618e-05	4.53627889042618e-05	1
CAISPLGANEQFF	0	0	4.53627889042618e-05	4.53627889042618e-05	1
CAISPTGGPGELFF	0	0	4.53627889042618e-05	4.53627889042618e-05	1
CAISRGQGGRNEQFF	0	0	4.53627889042618e-05	4.53627889042618e-05	1
CAISRQGAYEQYF	0	0	4.53627889042618e-05	4.53627889042618e-05	1
CAISRREASEQFF	0	0	4.53627889042618e-05	4.53627889042618e-05	1
CAISSKESGGEQFF	0	0	4.53627889042618e-05	4.53627889042618e-05	1
CAISVSNTQYF	0	0	4.53627889042618e-05	4.53627889042618e-05	1
CAITEQGRGGELFF	0	0	4.53627889042618e-05	4.53627889042618e-05	1
CARSTGTSRETQYF	3.61681093723627e-05	0	4.53627889042618e-05	4.53627889042618e-05	2
CASGGPWPKNIQYF	0	0	4.53627889042618e-05	4.53627889042618e-05	1
CASGKTGESTDTQYF	0	0	4.53627889042618e-05	4.53627889042618e-05	1
CASGLAHGSQHF	0	0	4.53627889042618e-05	4.53627889042618e-05	1
CASGRRQGGTDTQYF	0	0	4.53627889042618e-05	4.53627889042618e-05	1
CASIGGTYEQYF	0	0	4.53627889042618e-05	4.53627889042618e-05	1
CASKGGGNNYQPLHF	0	0	4.53627889042618e-05	4.53627889042618e-05	1
CASKGQGNTDTQYF	0	0	4.53627889042618e-05	4.53627889042618e-05	1
CASKPGQFIQPQHF	0	0	4.53627889042618e-05	4.53627889042618e-05	1
CASKTPTGEKLFF	0	0	4.53627889042618e-05	4.53627889042618e-05	1
CASKVGQGRTDTQYF	0	0	4.53627889042618e-05	4.53627889042618e-05	1
CASMGGRAYNEQFF	0	0	4.53627889042618e-05	4.53627889042618e-05	1
CASMIGRGTYEQYF	0	0	4.53627889042618e-05	4.53627889042618e-05	1
CASNNRAIGGYTF	0	0	4.53627889042618e-05	4.53627889042618e-05	1
CASPPRGLAGGPRTDTQYF	0	0	4.53627889042618e-05	4.53627889042618e-05	1
CASQANKYNEQFF	0	0	4.53627889042618e-05	4.53627889042618e-05	1
CASQGQGVTEAFF	0	0	4.53627889042618e-05	4.53627889042618e-05	1
CASRDLGNTIYF	0	0	4.53627889042618e-05	4.53627889042618e-05	1
CASRGGRIDEQFF	0	0	4.53627889042618e-05	4.53627889042618e-05	1
CASRGGSSYNEQFF	0	0	4.53627889042618e-05	4.53627889042618e-05	1
CASRGLAGVDEQFF	1.20560364574542e-05	0	4.53627889042618e-05	4.53627889042618e-05	2
CASRKLAGVGSDTQYF	0	0	4.53627889042618e-05	4.53627889042618e-05	1
CASRNEGRAGETQYF	2.41120729149085e-05	0	4.53627889042618e-05	4.53627889042618e-05	2
CASRPGLAGNEQYF	3.61681093723627e-05	0	4.53627889042618e-05	4.53627889042618e-05	2
CASRPGSLVGEQFF	3.61681093723627e-05	0	4.53627889042618e-05	4.53627889042618e-05	2
CASRPLTGSYNEQFF	0	0	4.53627889042618e-05	4.53627889042618e-05	1
CASRPRTGLNYGYTF	0	0	4.53627889042618e-05	4.53627889042618e-05	1
CASRPSGRAAGELFF	0	0	4.53627889042618e-05	4.53627889042618e-05	1
CASRQGALYEQYF	0	0	4.53627889042618e-05	4.53627889042618e-05	1
CASRQQQGYTEAFF	0	0	4.53627889042618e-05	4.53627889042618e-05	1
CASRQTDTGELFF	0	0	4.53627889042618e-05	4.53627889042618e-05	1
CASRRNTGELFF	0	0	4.53627889042618e-05	4.53627889042618e-05	1
CASRRTSGPSYEQYF	0	0	4.53627889042618e-05	4.53627889042618e-05	1
CASRSLGAGDEQYF	0	0	4.53627889042618e-05	4.53627889042618e-05	1
CASRTGAINTEAFF	0	0	4.53627889042618e-05	4.53627889042618e-05	1
CASSAFGEQYF	0	0	4.53627889042618e-05	4.53627889042618e-05	1
CASSAHYGYTF	0	0	4.53627889042618e-05	4.53627889042618e-05	1
CASSASGGQSSYEQYF	0	0	4.53627889042618e-05	4.53627889042618e-05	1
CASSATGDGYTF	0	0	4.53627889042618e-05	4.53627889042618e-05	1
CASSAVGRGNQPQHF	0	0	4.53627889042618e-05	4.53627889042618e-05	1
CASSAWKGGEKLFF	0	0	4.53627889042618e-05	4.53627889042618e-05	1
CASSDPRKMNTEAFF	0	0	4.53627889042618e-05	4.53627889042618e-05	1
CASSEAGRETQYF	1.20560364574542e-05	0	4.53627889042618e-05	4.53627889042618e-05	2
CASSEEVADSSYNEQFF	0	0	4.53627889042618e-05	4.53627889042618e-05	1
CASSEGGGTSGNTIYF	0	0	4.53627889042618e-05	4.53627889042618e-05	1
CASSEGLAGLDTQYF	0	0	4.53627889042618e-05	4.53627889042618e-05	1
CASSEGRTYEQYF	0	0	4.53627889042618e-05	4.53627889042618e-05	1
CASSERASGRFGAGELFF	0	0	4.53627889042618e-05	4.53627889042618e-05	1
CASSERPFSYEQYF	0	0	4.53627889042618e-05	4.53627889042618e-05	1
CASSERWGGDGNTIYF	0	0	4.53627889042618e-05	4.53627889042618e-05	1
CASSFAGGGEQYF	0	0	4.53627889042618e-05	4.53627889042618e-05	1
CASSFDRVNSPLHF	0	0	4.53627889042618e-05	4.53627889042618e-05	1
CASSFDRVSKYF	0	0	4.53627889042618e-05	4.53627889042618e-05	1
CASSFFRENGYTF	0	0	4.53627889042618e-05	4.53627889042618e-05	1
CASSFGAPTHEQFF	0	0	4.53627889042618e-05	4.53627889042618e-05	1
CASSFGGSGANVLTF	3.61681093723627e-05	1.66733360010671e-05	4.53627889042618e-05	4.53627889042618e-05	3
CASSFGHTEAFF	0	0	4.53627889042618e-05	4.53627889042618e-05	1
CASSFIGSGGGQPQHF	0	0	4.53627889042618e-05	4.53627889042618e-05	1
CASSFLGNEQFF	0	0	4.53627889042618e-05	4.53627889042618e-05	1
CASSFLTFNSNQPQHF	0	0	4.53627889042618e-05	4.53627889042618e-05	1
CASSFLTGTNYGYTF	0	0	4.53627889042618e-05	4.53627889042618e-05	1
CASSFSGYTGELFF	0	0	4.53627889042618e-05	4.53627889042618e-05	1
CASSFWSYEQYF	0	0	4.53627889042618e-05	4.53627889042618e-05	1
CASSGLAWPYEQYF	0	0	4.53627889042618e-05	4.53627889042618e-05	1
CASSGLRDSNIQYF	0	0	4.53627889042618e-05	4.53627889042618e-05	1
CASSGTGRNQPQHF	0	0	4.53627889042618e-05	4.53627889042618e-05	1
CASSGTVGNSPLHF	0	0	4.53627889042618e-05	4.53627889042618e-05	1
CASSIEVSNYGYTF	0	0	4.53627889042618e-05	4.53627889042618e-05	1
CASSIGGQGWQPQHF	0	0	4.53627889042618e-05	4.53627889042618e-05	1
CASSILAGRETQYF	0	0	4.53627889042618e-05	4.53627889042618e-05	1
CASSILGLSTDTQYF	0	0	4.53627889042618e-05	4.53627889042618e-05	1
CASSILTGGPGELFF	0	0	4.53627889042618e-05	4.53627889042618e-05	1
CASSISGTRGYSNQPQHF	0	0	4.53627889042618e-05	4.53627889042618e-05	1
CASSIYTGQLYEQYF	0	0	4.53627889042618e-05	4.53627889042618e-05	1
CASSKTPGAGNSPLHF	0	0	4.53627889042618e-05	4.53627889042618e-05	1
CASSLAERDTQYF	0	0	4.53627889042618e-05	4.53627889042618e-05	1
CASSLAGGTGELFF	0	0	4.53627889042618e-05	4.53627889042618e-05	1
CASSLAGLSYEQYF	0	0	4.53627889042618e-05	4.53627889042618e-05	1
CASSLAGTATDTQYF	0	0	4.53627889042618e-05	4.53627889042618e-05	1
CASSLASEEFF	0	0	4.53627889042618e-05	4.53627889042618e-05	1
CASSLDPKETQYF	0	0	4.53627889042618e-05	4.53627889042618e-05	1
CASSLDRGADTQYF	0	0	4.53627889042618e-05	4.53627889042618e-05	1
CASSLDRYEQYF	0	0	4.53627889042618e-05	4.53627889042618e-05	1
CASSLGAANQPQHF	0	0	4.53627889042618e-05	4.53627889042618e-05	1
CASSLGFGGREGYTF	0	0	4.53627889042618e-05	4.53627889042618e-05	1
CASSLGLAGVSSYNEQFF	0	0	4.53627889042618e-05	4.53627889042618e-05	1
CASSLGLINEQFF	0	0	4.53627889042618e-05	4.53627889042618e-05	1
CASSLGLRDTQYF	0	0	4.53627889042618e-05	4.53627889042618e-05	1
CASSLGPPYEQYF	0	0	4.53627889042618e-05	4.53627889042618e-05	1
CASSLGQPSTGNTIYF	0	0	4.53627889042618e-05	4.53627889042618e-05	1
CASSLGRGGRETQYF	0	0	4.53627889042618e-05	4.53627889042618e-05	1
CASSLGTGFYEQYF	0	0	4.53627889042618e-05	4.53627889042618e-05	1
CASSLGTGGEYEQYF	0	0	4.53627889042618e-05	4.53627889042618e-05	1
CASSLGTPGGNTIYF	0	0	4.53627889042618e-05	4.53627889042618e-05	1
CASSLGTSQISYNEQFF	0	0	4.53627889042618e-05	4.53627889042618e-05	1
CASSLGTTYNEQFF	0	0	4.53627889042618e-05	4.53627889042618e-05	1
CASSLGWGLTRAFF	3.61681093723627e-05	0	4.53627889042618e-05	4.53627889042618e-05	2
CASSLIGQGNTEAFF	0	0	4.53627889042618e-05	4.53627889042618e-05	1
CASSLITAGAGELFF	0	0	4.53627889042618e-05	4.53627889042618e-05	1
CASSLLGPNEQFF	0	0	4.53627889042618e-05	4.53627889042618e-05	1
CASSLLPSGRSTDTQYF	0	0	4.53627889042618e-05	4.53627889042618e-05	1
CASSLPGASYNEQFF	0	0	4.53627889042618e-05	4.53627889042618e-05	1
CASSLQGQETQYF	0	0	4.53627889042618e-05	4.53627889042618e-05	1
CASSLRQGVGGNQPQHF	0	0	4.53627889042618e-05	4.53627889042618e-05	1
CASSLRRGGSGNTIYF	0	0	4.53627889042618e-05	4.53627889042618e-05	1
CASSLRSGRPTGELFF	3.61681093723627e-05	0	4.53627889042618e-05	4.53627889042618e-05	2
CASSLSAGGEAFF	0	0	4.53627889042618e-05	4.53627889042618e-05	1
CASSLSAGYGYTF	0	0	4.53627889042618e-05	4.53627889042618e-05	1
CASSLSGRLTEAFF	0	0	4.53627889042618e-05	4.53627889042618e-05	1
CASSLSPTGAAFF	0	0	4.53627889042618e-05	4.53627889042618e-05	1
CASSLSSRYEQYF	0	0	4.53627889042618e-05	4.53627889042618e-05	1
CASSLTGLQPQHF	0	0	4.53627889042618e-05	4.53627889042618e-05	1
CASSLVASGNNEQFF	0	0	4.53627889042618e-05	4.53627889042618e-05	1
CASSLVASGRVYEQYF	0	0	4.53627889042618e-05	4.53627889042618e-05	1
CASSLVIRSYNEQFF	0	0	4.53627889042618e-05	4.53627889042618e-05	1
CASSLWDREKLFF	0	0	4.53627889042618e-05	4.53627889042618e-05	1
CASSMGGFIYGYTF	0	0	4.53627889042618e-05	4.53627889042618e-05	1
CASSMWEGTEAFF	0	0	4.53627889042618e-05	4.53627889042618e-05	1
CASSNLAGGTDTQYF	0	0	4.53627889042618e-05	4.53627889042618e-05	1
CASSPAGFYNEQFF	0	0	4.53627889042618e-05	4.53627889042618e-05	1
CASSPERDSAYFF	0	0	4.53627889042618e-05	4.53627889042618e-05	1
CASSPFGTGTYEQYF	0	0	4.53627889042618e-05	4.53627889042618e-05	1
CASSPGDGEKLFF	0	0	4.53627889042618e-05	4.53627889042618e-05	1
CASSPGGRQYF	0	0	4.53627889042618e-05	4.53627889042618e-05	1
CASSPGLAGGVNTQYF	0	0	4.53627889042618e-05	4.53627889042618e-05	1
CASSPGQGNTEAFF	0	0	4.53627889042618e-05	4.53627889042618e-05	1
CASSPLSGGPRPIQYF	2.41120729149085e-05	0	4.53627889042618e-05	4.53627889042618e-05	2
CASSPMTSGGEQFF	0	0	4.53627889042618e-05	4.53627889042618e-05	1
CASSPPSIRAGSGYTF	0	0	4.53627889042618e-05	4.53627889042618e-05	1
CASSPQVQETQYF	0	0	4.53627889042618e-05	4.53627889042618e-05	1
CASSPRGGASYEQYF	2.41120729149085e-05	0	4.53627889042618e-05	4.53627889042618e-05	2
CASSPRGGETQYF	0	0	4.53627889042618e-05	4.53627889042618e-05	1
CASSPRGQDSYEQYF	0	0	4.53627889042618e-05	4.53627889042618e-05	1
CASSPRLAGEYNEQFF	0	0	4.53627889042618e-05	4.53627889042618e-05	1
CASSPRTSGPYEQYF	0	0	4.53627889042618e-05	4.53627889042618e-05	1
CASSPSNSGANVLTF	0	0	4.53627889042618e-05	4.53627889042618e-05	1
CASSPTHTAGIYYSTDTQYF	0	0	4.53627889042618e-05	4.53627889042618e-05	1
CASSPTVKPGELFF	0	0	4.53627889042618e-05	4.53627889042618e-05	1
CASSPTVVRWREPQHF	0	0	4.53627889042618e-05	4.53627889042618e-05	1
CASSQAASTGELFF	0	0	4.53627889042618e-05	4.53627889042618e-05	1
CASSQAGGARVWFF	0	0	4.53627889042618e-05	4.53627889042618e-05	1
CASSQALAVVRNEQFF	1.20560364574542e-05	0	4.53627889042618e-05	4.53627889042618e-05	2
CASSQAPKISYEQYF	0	0	4.53627889042618e-05	4.53627889042618e-05	1
CASSQDFSNNQPQHF	0	0	4.53627889042618e-05	4.53627889042618e-05	1
CASSQDPSGGSGANVLTF	0	0	4.53627889042618e-05	4.53627889042618e-05	1
CASSQDSYSNQPQHF	0	0	4.53627889042618e-05	4.53627889042618e-05	1
CASSQERATDTQYF	0	0	4.53627889042618e-05	4.53627889042618e-05	1
CASSQFGQSYGYTF	0	0	4.53627889042618e-05	4.53627889042618e-05	1
CASSQGDRLKGYTF	0	0	4.53627889042618e-05	4.53627889042618e-05	1
CASSQGIGVQFF	0	0	4.53627889042618e-05	4.53627889042618e-05	1
CASSQGRSGNTIYF	0	0	4.53627889042618e-05	4.53627889042618e-05	1
CASSQGWASGRETQYF	0	0	4.53627889042618e-05	4.53627889042618e-05	1
CASSQTGGTDTQYF	0	0	4.53627889042618e-05	4.53627889042618e-05	1
CASSQVNEQFF	1.20560364574542e-05	0	4.53627889042618e-05	4.53627889042618e-05	2
CASSRGFGYTF	0	0	4.53627889042618e-05	4.53627889042618e-05	1
CASSRGLANYNEQFF	0	0	4.53627889042618e-05	4.53627889042618e-05	1
CASSRGTGTSTDTQYF	3.61681093723627e-05	0	4.53627889042618e-05	4.53627889042618e-05	2
CASSRGYNQPQHF	0	0	4.53627889042618e-05	4.53627889042618e-05	1
CASSRNGGATQYF	0	0	4.53627889042618e-05	4.53627889042618e-05	1
CASSRPGLAKTNEQFF	0	0	4.53627889042618e-05	4.53627889042618e-05	1
CASSRQGGTEAFF	0	0	4.53627889042618e-05	4.53627889042618e-05	1
CASSRRGRGNTEAFF	0	0	4.53627889042618e-05	4.53627889042618e-05	1
CASSRTSAGLGNEQFF	0	0	4.53627889042618e-05	4.53627889042618e-05	1
CASSSKGQFRNYGYTF	0	0	4.53627889042618e-05	4.53627889042618e-05	1
CASSSLAGATYEQYF	0	0	4.53627889042618e-05	4.53627889042618e-05	1
CASSSLSSSDTQYF	0	0	4.53627889042618e-05	4.53627889042618e-05	1
CASSSMDRRTKQYF	0	0	4.53627889042618e-05	4.53627889042618e-05	1
CASSSQVSSGANVLTF	0	0	4.53627889042618e-05	4.53627889042618e-05	1
CASSSRADTQYF	0	1.66733360010671e-05	4.53627889042618e-05	4.53627889042618e-05	2
CASSSRTSGYNEQFF	0	0	4.53627889042618e-05	4.53627889042618e-05	1
CASSSTFQETQYF	0	0	4.53627889042618e-05	4.53627889042618e-05	1
CASSSTGHNTDTQYF	0	0	4.53627889042618e-05	4.53627889042618e-05	1
CASSSTGIYGYTF	0	0	4.53627889042618e-05	4.53627889042618e-05	1
CASSSTSSIQYF	0	0	4.53627889042618e-05	4.53627889042618e-05	1
CASSTGSSYEQYF	1.20560364574542e-05	0	4.53627889042618e-05	4.53627889042618e-05	2
CASSTVLYNSPLHF	0	0	4.53627889042618e-05	4.53627889042618e-05	1
CASSVANEKLFF	0	0	4.53627889042618e-05	4.53627889042618e-05	1
CASSVDRGETQYF	0	0	4.53627889042618e-05	4.53627889042618e-05	1
CASSVEARGETQYF	0	0	4.53627889042618e-05	4.53627889042618e-05	1
CASSVGDRRTYEQYF	0	0	4.53627889042618e-05	4.53627889042618e-05	1
CASSVGLAGGNEQFF	0	0	4.53627889042618e-05	4.53627889042618e-05	1
CASSVGLTLAGKDEQFF	0	0	4.53627889042618e-05	4.53627889042618e-05	1
CASSVGMGQGFYEQYF	0	0	4.53627889042618e-05	4.53627889042618e-05	1
CASSVGPESYEQYF	0	0	4.53627889042618e-05	4.53627889042618e-05	1
CASSVSSGRTDTQYF	0	0	4.53627889042618e-05	4.53627889042618e-05	1
CASSWGLAGGETQYF	1.20560364574542e-05	0	4.53627889042618e-05	4.53627889042618e-05	2
CASSYARWNEQFF	0	0	4.53627889042618e-05	4.53627889042618e-05	1
CASSYDRAYEQYF	0	0	4.53627889042618e-05	4.53627889042618e-05	1
CASSYFRDRGTDTQYF	0	0	4.53627889042618e-05	4.53627889042618e-05	1
CASSYGLWQYF	0	0	4.53627889042618e-05	4.53627889042618e-05	1
CASSYLQYEQYF	0	0	4.53627889042618e-05	4.53627889042618e-05	1
CASSYPQTGINEQYF	0	0	4.53627889042618e-05	4.53627889042618e-05	1
CASSYRPGSGNTIYF	0	0	4.53627889042618e-05	4.53627889042618e-05	1
CASSYRSGYEQYF	0	0	4.53627889042618e-05	4.53627889042618e-05	1
CASSYSGGTTNEKLFF	0	0	4.53627889042618e-05	4.53627889042618e-05	1
CASSYSGNTGELFF	0	0	4.53627889042618e-05	4.53627889042618e-05	1
CASSYSRGPLGYGYTF	0	0	4.53627889042618e-05	4.53627889042618e-05	1
CASSYSSPGTSKDTQYF	0	0	4.53627889042618e-05	4.53627889042618e-05	1
CASSYSVVGNTIYF	0	0	4.53627889042618e-05	4.53627889042618e-05	1
CASSYTGPWGAQYF	0	0	4.53627889042618e-05	4.53627889042618e-05	1
CASSYVATQEKLFF	0	0	4.53627889042618e-05	4.53627889042618e-05	1
CASTGKNTGELFF	1.20560364574542e-05	0	4.53627889042618e-05	4.53627889042618e-05	2
CASTLHPGGHYEQYF	0	0	4.53627889042618e-05	4.53627889042618e-05	1
CASTPGRIRGGYGYTF	0	0	4.53627889042618e-05	4.53627889042618e-05	1
CASTPLPGSGSVETQYF	2.41120729149085e-05	0	4.53627889042618e-05	4.53627889042618e-05	2
CASTPSGRATPFF	0	0	4.53627889042618e-05	4.53627889042618e-05	1
CASTRRPSLNYNEQFF	0	0	4.53627889042618e-05	4.53627889042618e-05	1
CASTRTSGGYNEQFF	0	0	4.53627889042618e-05	4.53627889042618e-05	1
CASTSGLNYEQYF	0	0	4.53627889042618e-05	4.53627889042618e-05	1
CASTSKGTINQPQHF	0	0	4.53627889042618e-05	4.53627889042618e-05	1
CASTSPLNTEAFF	0	0	4.53627889042618e-05	4.53627889042618e-05	1
CASTVAGGEKYF	1.20560364574542e-05	0	4.53627889042618e-05	4.53627889042618e-05	2
CATDLAGGRSYNEQFF	0	0	4.53627889042618e-05	4.53627889042618e-05	1
CATQSIGQGQETQYF	0	0	4.53627889042618e-05	4.53627889042618e-05	1
CATRKESSNQPQHF	0	0	4.53627889042618e-05	4.53627889042618e-05	1
CATRTATNEKLFF	0	0	4.53627889042618e-05	4.53627889042618e-05	1
CATSDGRSDTQYF	0	0	4.53627889042618e-05	4.53627889042618e-05	1
CATSDPRPGLAGADTQYF	0	0	4.53627889042618e-05	4.53627889042618e-05	1
CATSDVTDTQYF	0	0	4.53627889042618e-05	4.53627889042618e-05	1
CATSEGRGLNTEAFF	0	0	4.53627889042618e-05	4.53627889042618e-05	1
CATSKGDSTDTQYF	0	0	4.53627889042618e-05	4.53627889042618e-05	1
CATSRGLEAEQFF	0	0	4.53627889042618e-05	4.53627889042618e-05	1
CAWNGQGYGYTF	0	0	4.53627889042618e-05	4.53627889042618e-05	1
CAWRAYNEQFF	0	0	4.53627889042618e-05	4.53627889042618e-05	1
CAWSADRVGTEAFF	0	0	4.53627889042618e-05	4.53627889042618e-05	1
CAWSPPGANHQPQHF	0	0	4.53627889042618e-05	4.53627889042618e-05	1
CAWSVGSGNNQPQHF	0	0	4.53627889042618e-05	4.53627889042618e-05	1
CAWSVTVWEQYF	0	0	4.53627889042618e-05	4.53627889042618e-05	1
CAWSYTGELFF	0	0	4.53627889042618e-05	4.53627889042618e-05	1
CSAAPSDTQYF	0	0	4.53627889042618e-05	4.53627889042618e-05	1
CSADMPGTSLYNEQFF	0	0	4.53627889042618e-05	4.53627889042618e-05	1
CSAEEYF	0	0	4.53627889042618e-05	4.53627889042618e-05	1
CSAKGLAGRVDTQYF	0	0	4.53627889042618e-05	4.53627889042618e-05	1
CSAMGGSSYEQYF	0	0	4.53627889042618e-05	4.53627889042618e-05	1
CSANREGLLRNADTQYF	0	0	4.53627889042618e-05	4.53627889042618e-05	1
CSARAGGGADTQYF	1.20560364574542e-05	0	4.53627889042618e-05	4.53627889042618e-05	2
CSARASGNEQFF	0	0	4.53627889042618e-05	4.53627889042618e-05	1
CSARDFAAYNEQFF	0	0	4.53627889042618e-05	4.53627889042618e-05	1
CSARDGGRSRGGDTQYF	0	0	4.53627889042618e-05	4.53627889042618e-05	1
CSARDPSGNGYTF	0	0	4.53627889042618e-05	4.53627889042618e-05	1
CSARDQGSEQYF	0	0	4.53627889042618e-05	4.53627889042618e-05	1
CSARGGGRGEGGYTF	0	0	4.53627889042618e-05	4.53627889042618e-05	1
CSARGLAGYSYEQYF	0	0	4.53627889042618e-05	4.53627889042618e-05	1
CSARGTSGRALQFF	0	0	4.53627889042618e-05	4.53627889042618e-05	1
CSARGWAYEQYF	0	0	4.53627889042618e-05	4.53627889042618e-05	1
CSARKGLAGGPASGDTQYF	0	0	4.53627889042618e-05	4.53627889042618e-05	1
CSARRNTGELFF	0	0	4.53627889042618e-05	4.53627889042618e-05	1
CSARSDTQYF	0	0	4.53627889042618e-05	4.53627889042618e-05	1
CSARVAGGPYEQYF	0	0	4.53627889042618e-05	4.53627889042618e-05	1
CSARVQTGLAGGEQYF	0	0	4.53627889042618e-05	4.53627889042618e-05	1
CSASAGAEGEQYF	0	0	4.53627889042618e-05	4.53627889042618e-05	1
CSASGGPDSEQYF	0	0	4.53627889042618e-05	4.53627889042618e-05	1
CSASQGGGSNEKLFF	0	0	4.53627889042618e-05	4.53627889042618e-05	1
CSASTSGNDNEQFF	0	0	4.53627889042618e-05	4.53627889042618e-05	1
CSATGLAGSSYEQYF	0	0	4.53627889042618e-05	4.53627889042618e-05	1
CSATGQLTYEQYF	0	0	4.53627889042618e-05	4.53627889042618e-05	1
CSSGHADTQYF	0	0	4.53627889042618e-05	4.53627889042618e-05	1
CSVEPGLAGGGKAKNIQYF	0	0	4.53627889042618e-05	4.53627889042618e-05	1
CSVRQVQETQYF	0	0	4.53627889042618e-05	4.53627889042618e-05	1
CSVVSGVSDTQYF	0	0	4.53627889042618e-05	4.53627889042618e-05	1
CVSSLSGGFSGNTIYF	0	0	4.53627889042618e-05	4.53627889042618e-05	1
CAATQWSGANVLTF	3.61681093723627e-05	0	0	3.61681093723627e-05	1
CAIQTGGYNSPLHF	3.61681093723627e-05	0	0	3.61681093723627e-05	1
CAISAPDSSGNTIYF	3.61681093723627e-05	0	0	3.61681093723627e-05	1
CAISDGGDTQYF	3.61681093723627e-05	0	0	3.61681093723627e-05	1
CAISDMVSSYEQYF	3.61681093723627e-05	0	0	3.61681093723627e-05	1
CAISEAYEQYF	3.61681093723627e-05	0	0	3.61681093723627e-05	1
CAISEFQGASEQYF	3.61681093723627e-05	0	0	3.61681093723627e-05	1
CAISESAGTNEKLFF	3.61681093723627e-05	0	0	3.61681093723627e-05	1
CAISESPTSGRARGADTQYF	3.61681093723627e-05	0	0	3.61681093723627e-05	1
CANSTRTENTGELFF	3.61681093723627e-05	0	0	3.61681093723627e-05	1
CARAPHPASGTDTQYF	3.61681093723627e-05	0	0	3.61681093723627e-05	1
CASAATSFNQPQHF	3.61681093723627e-05	0	0	3.61681093723627e-05	1
CASEGLSYEQYF	3.61681093723627e-05	0	0	3.61681093723627e-05	1
CASFPGGPRNTEAFF	3.61681093723627e-05	0	0	3.61681093723627e-05	1
CASGFGPPGQGNEQFF	3.61681093723627e-05	0	0	3.61681093723627e-05	1
CASGFTGSTDTQYF	3.61681093723627e-05	0	0	3.61681093723627e-05	1
CASGLAETYEQYF	3.61681093723627e-05	0	0	3.61681093723627e-05	1
CASGQGIPLHF	3.61681093723627e-05	0	0	3.61681093723627e-05	1
CASGSKGMGLAQETQYF	3.61681093723627e-05	0	0	3.61681093723627e-05	1
CASGTDYYEQYF	3.61681093723627e-05	0	0	3.61681093723627e-05	1
CASIAGPYGEQYF	3.61681093723627e-05	0	0	3.61681093723627e-05	1
CASISLLNTEAFF	3.61681093723627e-05	0	0	3.61681093723627e-05	1
CASKAGPLGSEQFF	3.61681093723627e-05	0	0	3.61681093723627e-05	1
CASKDSLAETQYF	3.61681093723627e-05	0	0	3.61681093723627e-05	1
CASKGQPEAFF	3.61681093723627e-05	0	0	3.61681093723627e-05	1
CASKGTGANYGYTF	3.61681093723627e-05	0	0	3.61681093723627e-05	1
CASKLLADHYEQYF	3.61681093723627e-05	0	0	3.61681093723627e-05	1
CASKSGASSYEQYF	3.61681093723627e-05	0	0	3.61681093723627e-05	1
CASKTDNYNEQFF	3.61681093723627e-05	0	0	3.61681093723627e-05	1
CASKTDSNQPQHF	3.61681093723627e-05	0	0	3.61681093723627e-05	1
CASMREGKETQYF	3.61681093723627e-05	0	0	3.61681093723627e-05	1
CASMTRSLATQYF	3.61681093723627e-05	0	0	3.61681093723627e-05	1
CASNDPTGELFF	3.61681093723627e-05	0	0	3.61681093723627e-05	1
CASNELQGLQPQHF	3.61681093723627e-05	0	0	3.61681093723627e-05	1
CASNLGAPADTQYF	3.61681093723627e-05	0	0	3.61681093723627e-05	1
CASNRDWRETQYF	3.61681093723627e-05	0	0	3.61681093723627e-05	1
CASNRWGWPQHF	3.61681093723627e-05	0	0	3.61681093723627e-05	1
CASRARSYNQPQHF	3.61681093723627e-05	0	0	3.61681093723627e-05	1
CASRDPGQGAGNTIYF	3.61681093723627e-05	0	0	3.61681093723627e-05	1
CASRELAGANEQFF	3.61681093723627e-05	0	0	3.61681093723627e-05	1
CASRGASADTQYF	3.61681093723627e-05	0	3.40220916781964e-05	3.61681093723627e-05	2
CASRGGGVNTEAFF	3.61681093723627e-05	0	0	3.61681093723627e-05	1
CASRGGTSTNEKLFF	3.61681093723627e-05	0	0	3.61681093723627e-05	1
CASRGPPTYNEQFF	3.61681093723627e-05	0	0	3.61681093723627e-05	1
CASRGPTTNEKLFF	3.61681093723627e-05	0	0	3.61681093723627e-05	1
CASRGRGVGTEAFF	3.61681093723627e-05	0	0	3.61681093723627e-05	1
CASRHVLAGFGTQYF	3.61681093723627e-05	0	0	3.61681093723627e-05	1
CASRIHKPNEQFF	3.61681093723627e-05	0	0	3.61681093723627e-05	1
CASRLGVTSRWQYF	3.61681093723627e-05	0	0	3.61681093723627e-05	1
CASRLQGYYNSPLHF	3.61681093723627e-05	0	0	3.61681093723627e-05	1
CASRMDGLLAGELFF	3.61681093723627e-05	0	0	3.61681093723627e-05	1
CASRNASGYNEQFF	3.61681093723627e-05	0	0	3.61681093723627e-05	1
CASRPEGGASYNEQFF	3.61681093723627e-05	0	0	3.61681093723627e-05	1
CASRPHYRASGTETQYF	3.61681093723627e-05	0	0	3.61681093723627e-05	1
CASRPRGSLFYNEQFF	3.61681093723627e-05	0	0	3.61681093723627e-05	1
CASRQGNNQPQHF	3.61681093723627e-05	0	0	3.61681093723627e-05	1
CASRQGSGANVLTF	3.61681093723627e-05	0	0	3.61681093723627e-05	1
CASRRAHGGAYNEQFF	3.61681093723627e-05	0	0	3.61681093723627e-05	1
CASRRGETQYF	3.61681093723627e-05	0	0	3.61681093723627e-05	1
CASRRPRGVGSYEQYF	3.61681093723627e-05	0	0	3.61681093723627e-05	1
CASRSLGGTDTQYF	3.61681093723627e-05	0	0	3.61681093723627e-05	1
CASRSRLLYGYTF	3.61681093723627e-05	0	0	3.61681093723627e-05	1
CASRSSEFSDTQYF	3.61681093723627e-05	0	0	3.61681093723627e-05	1
CASRSWMSYEQYF	3.61681093723627e-05	0	0	3.61681093723627e-05	1
CASRTVRESSGNTIYF	3.61681093723627e-05	0	0	3.61681093723627e-05	1
CASRVQGSSTEAFF	3.61681093723627e-05	0	0	3.61681093723627e-05	1
CASSADRATGELFF	3.61681093723627e-05	0	0	3.61681093723627e-05	1
CASSADRGLNQPQHF	3.61681093723627e-05	0	0	3.61681093723627e-05	1
CASSADWTGPSSYNEQFF	3.61681093723627e-05	0	1.13406972260655e-05	3.61681093723627e-05	2
CASSAGGGTEAFF	3.61681093723627e-05	0	0	3.61681093723627e-05	1
CASSDGRSYQETQYF	3.61681093723627e-05	0	0	3.61681093723627e-05	1
CASSDISNEQFF	3.61681093723627e-05	0	0	3.61681093723627e-05	1
CASSDLAPHYGYTF	3.61681093723627e-05	0	0	3.61681093723627e-05	1
CASSDQGGSEKLFF	3.61681093723627e-05	0	0	3.61681093723627e-05	1
CASSDRHPSPNEQFF	3.61681093723627e-05	0	0	3.61681093723627e-05	1
CASSDSGRADTQYF	3.61681093723627e-05	0	0	3.61681093723627e-05	1
CASSEAEGNSPLHF	3.61681093723627e-05	0	0	3.61681093723627e-05	1
CASSEALSGTISGANVLTF	3.61681093723627e-05	0	0	3.61681093723627e-05	1
CASSEARRRRTEKLFF	3.61681093723627e-05	0	0	3.61681093723627e-05	1
CASSEEAGGSYEQYF	3.61681093723627e-05	0	0	3.61681093723627e-05	1
CASSEGRPNYGYTF	3.61681093723627e-05	0	0	3.61681093723627e-05	1
CASSEGTVLFYGYTF	3.61681093723627e-05	0	0	3.61681093723627e-05	1
CASSELAGHSYEQYF	3.61681093723627e-05	0	0	3.61681093723627e-05	1
CASSEQDNGWGISPLHF	3.61681093723627e-05	0	0	3.61681093723627e-05	1
CASSEQGAGANVLTF	3.61681093723627e-05	0	0	3.61681093723627e-05	1
CASSESNRQNIQYF	3.61681093723627e-05	0	0	3.61681093723627e-05	1
CASSESRADTQYF	3.61681093723627e-05	0	0	3.61681093723627e-05	1
CASSETGLAGLVYEQYF	3.61681093723627e-05	0	0	3.61681093723627e-05	1
CASSETSGRIYNEQFF	3.61681093723627e-05	0	0	3.61681093723627e-05	1
CASSEVERTQYF	3.61681093723627e-05	0	0	3.61681093723627e-05	1
CASSEVPDSGKGEKLFF	3.61681093723627e-05	0	3.40220916781964e-05	3.61681093723627e-05	2
CASSEVVGGPAPDEQYF	3.61681093723627e-05	0	0	3.61681093723627e-05	1
CASSEWQGYEQYF	3.61681093723627e-05	0	0	3.61681093723627e-05	1
CASSFASSGFSYNEQFF	3.61681093723627e-05	0	0	3.61681093723627e-05	1
CASSFFSGGTDTQYF	3.61681093723627e-05	0	0	3.61681093723627e-05	1
CASSFGEGGTQYF	3.61681093723627e-05	0	0	3.61681093723627e-05	1
CASSFGGFYTF	3.61681093723627e-05	0	0	3.61681093723627e-05	1
CASSFGQRGATNEKLFF	3.61681093723627e-05	0	0	3.61681093723627e-05	1
CASSFGRATYEQYF	3.61681093723627e-05	0	0	3.61681093723627e-05	1
CASSFLGEPQHF	3.61681093723627e-05	0	0	3.61681093723627e-05	1
CASSFPAGGYNGELFF	3.61681093723627e-05	0	0	3.61681093723627e-05	1
CASSFPQGASEAFF	3.61681093723627e-05	0	0	3.61681093723627e-05	1
CASSFPTGQATNEKLFF	3.61681093723627e-05	0	0	3.61681093723627e-05	1
CASSFRGGDQPQHF	3.61681093723627e-05	0	0	3.61681093723627e-05	1
CASSFRLAGNYEQYF	3.61681093723627e-05	0	0	3.61681093723627e-05	1
CASSFRNTDTQYF	3.61681093723627e-05	0	0	3.61681093723627e-05	1
CASSFRVIYSNQPQHF	3.61681093723627e-05	0	0	3.61681093723627e-05	1
CASSFSGGHEQFF	3.61681093723627e-05	0	0	3.61681093723627e-05	1
CASSFTSGRYNEQFF	3.61681093723627e-05	0	0	3.61681093723627e-05	1
CASSFYRGLDEQFF	3.61681093723627e-05	0	0	3.61681093723627e-05	1
CASSGAWGSGNTIYF	3.61681093723627e-05	0	0	3.61681093723627e-05	1
CASSGDSGGGQETQYF	3.61681093723627e-05	0	0	3.61681093723627e-05	1
CASSGGGEKLFF	3.61681093723627e-05	0	0	3.61681093723627e-05	1
CASSGGPTDTQYF	3.61681093723627e-05	0	0	3.61681093723627e-05	1
CASSGGQGVKQFF	3.61681093723627e-05	0	0	3.61681093723627e-05	1
CASSGGSSYNEQFF	3.61681093723627e-05	0	0	3.61681093723627e-05	1
CASSGGYTDTQYF	3.61681093723627e-05	0	0	3.61681093723627e-05	1
CASSGLAGDYEQYF	3.61681093723627e-05	0	0	3.61681093723627e-05	1
CASSGSGTVVYGYTF	3.61681093723627e-05	0	0	3.61681093723627e-05	1
CASSGTGTSNEQFF	3.61681093723627e-05	0	0	3.61681093723627e-05	1
CASSGTSGSRYNEQFF	3.61681093723627e-05	0	0	3.61681093723627e-05	1
CASSGTSSYEQYF	3.61681093723627e-05	0	0	3.61681093723627e-05	1
CASSHGTGMKTQYF	3.61681093723627e-05	0	0	3.61681093723627e-05	1
CASSHRLAGGYNEQFF	3.61681093723627e-05	0	0	3.61681093723627e-05	1
CASSIDWVGLAGVLVQETQYF	3.61681093723627e-05	0	0	3.61681093723627e-05	1
CASSIEQGKRRSYNEQFF	3.61681093723627e-05	0	0	3.61681093723627e-05	1
CASSIGHHGYTF	3.61681093723627e-05	0	0	3.61681093723627e-05	1
CASSIGTGRGYTF	3.61681093723627e-05	0	0	3.61681093723627e-05	1
CASSIHLASQETQYF	3.61681093723627e-05	0	0	3.61681093723627e-05	1
CASSIKTGGHSYEQYF	3.61681093723627e-05	0	0	3.61681093723627e-05	1
CASSILAGGPYEQYF	3.61681093723627e-05	0	0	3.61681093723627e-05	1
CASSIQGGNQPQHF	3.61681093723627e-05	0	0	3.61681093723627e-05	1
CASSIRLAGLYNEQFF	3.61681093723627e-05	0	0	3.61681093723627e-05	1
CASSKDRGSYEQYF	3.61681093723627e-05	0	2.26813944521309e-05	3.61681093723627e-05	2
CASSKDRWSYEQYF	3.61681093723627e-05	0	0	3.61681093723627e-05	1
CASSKGTSRGETQYF	3.61681093723627e-05	0	0	3.61681093723627e-05	1
CASSKIGQGISREQYF	3.61681093723627e-05	0	0	3.61681093723627e-05	1
CASSLAGLAGGPQETQYF	3.61681093723627e-05	0	0	3.61681093723627e-05	1
CASSLAHGTSLSGRREQYF	3.61681093723627e-05	0	0	3.61681093723627e-05	1
CASSLAISNQPQHF	3.61681093723627e-05	0	0	3.61681093723627e-05	1
CASSLAPGQYYEQYF	3.61681093723627e-05	0	0	3.61681093723627e-05	1
CASSLARMRQETQYF	3.61681093723627e-05	0	0	3.61681093723627e-05	1
CASSLDGRGGLAQHF	3.61681093723627e-05	0	0	3.61681093723627e-05	1
CASSLEGATGTEAFF	3.61681093723627e-05	0	0	3.61681093723627e-05	1
CASSLETQYF	3.61681093723627e-05	0	0	3.61681093723627e-05	1
CASSLGAGGPGTGELFF	3.61681093723627e-05	3.33466720021342e-05	2.26813944521309e-05	3.61681093723627e-05	3
CASSLGEGFYNSPLHF	3.61681093723627e-05	0	0	3.61681093723627e-05	1
CASSLGEVEAFF	3.61681093723627e-05	0	0	3.61681093723627e-05	1
CASSLGGAQGETQYF	3.61681093723627e-05	0	1.13406972260655e-05	3.61681093723627e-05	2
CASSLGGGAKYNEQFF	3.61681093723627e-05	0	0	3.61681093723627e-05	1
CASSLGGPGLDDYEQYF	3.61681093723627e-05	0	0	3.61681093723627e-05	1
CASSLGLAGDPGANVLTF	3.61681093723627e-05	0	0	3.61681093723627e-05	1
CASSLGLAGTQYF	3.61681093723627e-05	0	0	3.61681093723627e-05	1
CASSLGNRGLREQYF	3.61681093723627e-05	0	0	3.61681093723627e-05	1
CASSLGQGGNEQFF	3.61681093723627e-05	3.33466720021342e-05	2.26813944521309e-05	3.61681093723627e-05	3
CASSLGQQSSYEQYF	3.61681093723627e-05	0	0	3.61681093723627e-05	1
CASSLGRDYEQYF	3.61681093723627e-05	0	0	3.61681093723627e-05	1
CASSLGRSYEQYF	3.61681093723627e-05	0	0	3.61681093723627e-05	1
CASSLGSEQFF	3.61681093723627e-05	0	0	3.61681093723627e-05	1
CASSLGTKETQYF	3.61681093723627e-05	0	0	3.61681093723627e-05	1
CASSLIGPGELFF	3.61681093723627e-05	0	0	3.61681093723627e-05	1
CASSLIPGLDRNEQFF	3.61681093723627e-05	0	0	3.61681093723627e-05	1
CASSLKGGRNSPLHF	3.61681093723627e-05	0	0	3.61681093723627e-05	1
CASSLKQGAGELFF	3.61681093723627e-05	0	0	3.61681093723627e-05	1
CASSLLASGIDTQYF	3.61681093723627e-05	0	0	3.61681093723627e-05	1
CASSLLGEDQPQHF	3.61681093723627e-05	0	0	3.61681093723627e-05	1
CASSLLPGAGQPQHF	3.61681093723627e-05	0	0	3.61681093723627e-05	1
CASSLLVGYEQFF	3.61681093723627e-05	0	0	3.61681093723627e-05	1
CASSLLVSTDTQYF	3.61681093723627e-05	0	3.40220916781964e-05	3.61681093723627e-05	2
CASSLMKEQYF	3.61681093723627e-05	0	0	3.61681093723627e-05	1
CASSLPGGDTNQPQHF	3.61681093723627e-05	0	0	3.61681093723627e-05	1
CASSLPGTGSYEQYF	3.61681093723627e-05	0	0	3.61681093723627e-05	1
CASSLPLAGVGETQYF	3.61681093723627e-05	0	0	3.61681093723627e-05	1
CASSLPLGLAGGDEQFF	3.61681093723627e-05	0	0	3.61681093723627e-05	1
CASSLPLRAPLDTGELFF	3.61681093723627e-05	0	0	3.61681093723627e-05	1
CASSLPLTVPYNEQFF	3.61681093723627e-05	0	0	3.61681093723627e-05	1
CASSLPTSGVSTDTQYF	3.61681093723627e-05	0	0	3.61681093723627e-05	1
CASSLPWPTGELFF	3.61681093723627e-05	0	0	3.61681093723627e-05	1
CASSLQGPGEQYF	3.61681093723627e-05	0	0	3.61681093723627e-05	1
CASSLRESEQFF	3.61681093723627e-05	0	0	3.61681093723627e-05	1
CASSLRGAGRSSGNTIYF	3.61681093723627e-05	0	0	3.61681093723627e-05	1
CASSLRGDETQYF	3.61681093723627e-05	0	0	3.61681093723627e-05	1
CASSLRGTASYTQYF	3.61681093723627e-05	0	0	3.61681093723627e-05	1
CASSLRLAEITDTQYF	3.61681093723627e-05	0	0	3.61681093723627e-05	1
CASSLSEAFF	3.61681093723627e-05	0	0	3.61681093723627e-05	1
CASSLSGIHEQFF	3.61681093723627e-05	0	0	3.61681093723627e-05	1
CASSLSGSSYNEQFF	3.61681093723627e-05	0	0	3.61681093723627e-05	1
CASSLSLSLQTQYF	3.61681093723627e-05	0	0	3.61681093723627e-05	1
CASSLSPTGRSEQYF	3.61681093723627e-05	0	0	3.61681093723627e-05	1
CASSLSYRDSSLRGNQPQHF	3.61681093723627e-05	0	0	3.61681093723627e-05	1
CASSLTGSGYTF	3.61681093723627e-05	0	0	3.61681093723627e-05	1
CASSLTPRAQTQYF	3.61681093723627e-05	0	0	3.61681093723627e-05	1
CASSLTSGNYEQYF	3.61681093723627e-05	0	0	3.61681093723627e-05	1
CASSLTSGRTDTQYF	3.61681093723627e-05	0	0	3.61681093723627e-05	1
CASSLVGGNTEAFF	3.61681093723627e-05	0	0	3.61681093723627e-05	1
CASSLVLLAASTDTQYF	3.61681093723627e-05	0	2.26813944521309e-05	3.61681093723627e-05	2
CASSLVPGEASYEQYF	3.61681093723627e-05	0	0	3.61681093723627e-05	1
CASSLWPGASGEAFF	3.61681093723627e-05	0	0	3.61681093723627e-05	1
CASSLYGNEQFF	3.61681093723627e-05	0	0	3.61681093723627e-05	1
CASSLYGRGVDEQYF	3.61681093723627e-05	0	0	3.61681093723627e-05	1
CASSLYPSGTGGYEQYF	3.61681093723627e-05	0	0	3.61681093723627e-05	1
CASSMAIGHYMMTEQFF	3.61681093723627e-05	0	0	3.61681093723627e-05	1
CASSMRGGGALNEQFF	3.61681093723627e-05	0	0	3.61681093723627e-05	1
CASSMTGGTEAFF	3.61681093723627e-05	0	0	3.61681093723627e-05	1
CASSNGRAEAFF	3.61681093723627e-05	0	0	3.61681093723627e-05	1
CASSNREGNQPQHF	3.61681093723627e-05	0	0	3.61681093723627e-05	1
CASSNRGNTEAFF	3.61681093723627e-05	0	0	3.61681093723627e-05	1
CASSPDRRGSPLHF	3.61681093723627e-05	0	0	3.61681093723627e-05	1
CASSPDSNTEAFF	3.61681093723627e-05	0	0	3.61681093723627e-05	1
CASSPDSVSYEQYF	3.61681093723627e-05	0	0	3.61681093723627e-05	1
CASSPDTLNTEAFF	3.61681093723627e-05	0	0	3.61681093723627e-05	1
CASSPDWHNEQFF	3.61681093723627e-05	0	0	3.61681093723627e-05	1
CASSPFDGRLTSSYNEQFF	3.61681093723627e-05	0	0	3.61681093723627e-05	1
CASSPFGGSYEQYF	3.61681093723627e-05	0	0	3.61681093723627e-05	1
CASSPFLGETQYF	3.61681093723627e-05	0	0	3.61681093723627e-05	1
CASSPGGTSGRFGELFF	3.61681093723627e-05	0	0	3.61681093723627e-05	1
CASSPGGWNYGYTF	3.61681093723627e-05	0	0	3.61681093723627e-05	1
CASSPGLYSNQPQHF	3.61681093723627e-05	0	0	3.61681093723627e-05	1
CASSPGPFTDTQYF	3.61681093723627e-05	0	0	3.61681093723627e-05	1
CASSPGRADTQYF	3.61681093723627e-05	0	0	3.61681093723627e-05	1
CASSPGTHSNQPQHF	3.61681093723627e-05	0	0	3.61681093723627e-05	1
CASSPHILAGGYEQYF	3.61681093723627e-05	0	0	3.61681093723627e-05	1
CASSPIAGQSTDTQYF	3.61681093723627e-05	0	0	3.61681093723627e-05	1
CASSPIWSAPETQYF	3.61681093723627e-05	0	0	3.61681093723627e-05	1
CASSPKAKNTGELFF	3.61681093723627e-05	0	0	3.61681093723627e-05	1
CASSPLREGTGNTIYF	3.61681093723627e-05	0	0	3.61681093723627e-05	1
CASSPNGPPGTGRTDTQYF	3.61681093723627e-05	0	0	3.61681093723627e-05	1
CASSPNRGTLLEQYF	3.61681093723627e-05	0	0	3.61681093723627e-05	1
CASSPNTGELFF	3.61681093723627e-05	0	0	3.61681093723627e-05	1
CASSPPDRVGFF	3.61681093723627e-05	0	0	3.61681093723627e-05	1
CASSPPIRAGPYNEQFF	3.61681093723627e-05	0	0	3.61681093723627e-05	1
CASSPPMGLADSSYNEQFF	3.61681093723627e-05	0	0	3.61681093723627e-05	1
CASSPPRLAGDGTGELFF	3.61681093723627e-05	0	0	3.61681093723627e-05	1
CASSPQREGRYTGELFF	3.61681093723627e-05	0	0	3.61681093723627e-05	1
CASSPRDRGIYEQYF	3.61681093723627e-05	0	0	3.61681093723627e-05	1
CASSPRGRERATDTQYF	3.61681093723627e-05	0	0	3.61681093723627e-05	1
CASSPRLAGQNDYEQYF	3.61681093723627e-05	0	0	3.61681093723627e-05	1
CASSPRTGPLHNEQFF	3.61681093723627e-05	0	0	3.61681093723627e-05	1
CASSPSGGGAKNIQYF	3.61681093723627e-05	0	0	3.61681093723627e-05	1
CASSPSHLAGPRDEQFF	3.61681093723627e-05	3.33466720021342e-05	0	3.61681093723627e-05	2
CASSPSLAGFYEQYF	3.61681093723627e-05	0	0	3.61681093723627e-05	1
CASSPSSGEGETQYF	3.61681093723627e-05	0	0	3.61681093723627e-05	1
CASSPSSGPAYNEQFF	3.61681093723627e-05	0	0	3.61681093723627e-05	1
CASSPSVTSYEQYF	3.61681093723627e-05	0	0	3.61681093723627e-05	1
CASSPTGVEAFF	3.61681093723627e-05	0	0	3.61681093723627e-05	1
CASSPTMLGHGYTF	3.61681093723627e-05	0	0	3.61681093723627e-05	1
CASSPTPGLAWYEQYF	3.61681093723627e-05	0	0	3.61681093723627e-05	1
CASSPVDYEQFF	3.61681093723627e-05	0	0	3.61681093723627e-05	1
CASSPYPHYEQYF	3.61681093723627e-05	0	0	3.61681093723627e-05	1
CASSQAAGGTALNTEAFF	3.61681093723627e-05	0	0	3.61681093723627e-05	1
CASSQAGRETQYF	3.61681093723627e-05	0	0	3.61681093723627e-05	1
CASSQAGTLQETQYF	3.61681093723627e-05	0	0	3.61681093723627e-05	1
CASSQAGTSTF	3.61681093723627e-05	0	0	3.61681093723627e-05	1
CASSQAGVNEQYF	3.61681093723627e-05	0	0	3.61681093723627e-05	1
CASSQATDTQYF	3.61681093723627e-05	0	0	3.61681093723627e-05	1
CASSQDKRLAGVDEQFF	3.61681093723627e-05	0	0	3.61681093723627e-05	1
CASSQDLGVSYNEQFF	3.61681093723627e-05	0	0	3.61681093723627e-05	1
CASSQDQRVTGELFF	3.61681093723627e-05	0	0	3.61681093723627e-05	1
CASSQDRAYGYTF	3.61681093723627e-05	0	1.13406972260655e-05	3.61681093723627e-05	2
CASSQDWREWLLAYNEQFF	3.61681093723627e-05	0	0	3.61681093723627e-05	1
CASSQEAITDTQYF	3.61681093723627e-05	0	0	3.61681093723627e-05	1
CASSQEGGSSTDTQYF	3.61681093723627e-05	0	0	3.61681093723627e-05	1
CASSQEGWGVSGNTIYF	3.61681093723627e-05	0	0	3.61681093723627e-05	1
CASSQEWLAGDSRKTQYF	3.61681093723627e-05	0	0	3.61681093723627e-05	1
CASSQFRDRSSGNTIYF	3.61681093723627e-05	0	0	3.61681093723627e-05	1
CASSQGGGRRYEQYF	3.61681093723627e-05	0	0	3.61681093723627e-05	1
CASSQGLASLSHTGELFF	3.61681093723627e-05	0	0	3.61681093723627e-05	1
CASSQGPNNEQFF	3.61681093723627e-05	0	0	3.61681093723627e-05	1
CASSQGQVYGYTF	3.61681093723627e-05	0	0	3.61681093723627e-05	1
CASSQGRLGTEAFF	3.61681093723627e-05	0	0	3.61681093723627e-05	1
CASSQGRWLAGGYEQFF	3.61681093723627e-05	0	0	3.61681093723627e-05	1
CASSQGTSDRGHEQFF	3.61681093723627e-05	0	3.40220916781964e-05	3.61681093723627e-05	2
CASSQHRADTDTQYF	3.61681093723627e-05	0	0	3.61681093723627e-05	1
CASSQLAGSKNIQYF	3.61681093723627e-05	0	0	3.61681093723627e-05	1
CASSQNHNEQFF	3.61681093723627e-05	0	0	3.61681093723627e-05	1
CASSQSASRVRAGELFF	3.61681093723627e-05	0	0	3.61681093723627e-05	1
CASSQSFEGRSSGANVLTF	3.61681093723627e-05	0	0	3.61681093723627e-05	1
CASSQSPSGGGSDTQYF	3.61681093723627e-05	0	0	3.61681093723627e-05	1
CASSQVFSGETQYF	3.61681093723627e-05	0	0	3.61681093723627e-05	1
CASSQVGGESEQFF	3.61681093723627e-05	0	0	3.61681093723627e-05	1
CASSQVLGRGSDTQYF	3.61681093723627e-05	0	0	3.61681093723627e-05	1
CASSQVLGSYEQYF	3.61681093723627e-05	0	0	3.61681093723627e-05	1
CASSQVPGLIDTQYF	3.61681093723627e-05	0	0	3.61681093723627e-05	1
CASSQYAGQDTQYF	3.61681093723627e-05	0	0	3.61681093723627e-05	1
CASSRAGVSYEQYF	3.61681093723627e-05	0	0	3.61681093723627e-05	1
CASSRDGQAYEQYF	3.61681093723627e-05	0	0	3.61681093723627e-05	1
CASSRDTHRVNQPQHF	3.61681093723627e-05	0	0	3.61681093723627e-05	1
CASSRFPVGNTEAFF	3.61681093723627e-05	0	0	3.61681093723627e-05	1
CASSRGGADTQYF	3.61681093723627e-05	0	0	3.61681093723627e-05	1
CASSRGGEGRTEAFF	3.61681093723627e-05	0	0	3.61681093723627e-05	1
CASSRGGSGRLGKETQYF	3.61681093723627e-05	0	0	3.61681093723627e-05	1
CASSRKASYEQYF	3.61681093723627e-05	0	0	3.61681093723627e-05	1
CASSRLAGGHYEQYF	3.61681093723627e-05	0	0	3.61681093723627e-05	1
CASSRQGTYGYTF	3.61681093723627e-05	0	0	3.61681093723627e-05	1
CASSRQGYGNEQFF	3.61681093723627e-05	0	0	3.61681093723627e-05	1
CASSRRGLANEQYF	3.61681093723627e-05	0	0	3.61681093723627e-05	1
CASSRSILYEQYF	3.61681093723627e-05	0	0	3.61681093723627e-05	1
CASSRTPTEAFF	3.61681093723627e-05	0	0	3.61681093723627e-05	1
CASSRTSGYNEQFF	3.61681093723627e-05	0	0	3.61681093723627e-05	1
CASSRVQTVPGELFF	3.61681093723627e-05	0	0	3.61681093723627e-05	1
CASSSAPGQGETQYF	3.61681093723627e-05	0	0	3.61681093723627e-05	1
CASSSDSARDEQYF	3.61681093723627e-05	0	0	3.61681093723627e-05	1
CASSSDYAQADGFYEQYF	3.61681093723627e-05	0	0	3.61681093723627e-05	1
CASSSFQGSYEQYF	3.61681093723627e-05	0	0	3.61681093723627e-05	1
CASSSGGRDEAFF	3.61681093723627e-05	0	0	3.61681093723627e-05	1
CASSSGLAGETQYF	3.61681093723627e-05	0	0	3.61681093723627e-05	1
CASSSGLAYEQYF	3.61681093723627e-05	0	1.13406972260655e-05	3.61681093723627e-05	2
CASSSGTGANEKLFF	3.61681093723627e-05	0	0	3.61681093723627e-05	1
CASSSGTGGSSGNTIYF	3.61681093723627e-05	0	0	3.61681093723627e-05	1
CASSSKPPGLAGGRYEQYF	3.61681093723627e-05	0	0	3.61681093723627e-05	1
CASSSLGLAGDEQFF	3.61681093723627e-05	0	0	3.61681093723627e-05	1
CASSSPASSEQYF	3.61681093723627e-05	0	0	3.61681093723627e-05	1
CASSSPGDVHTIYF	3.61681093723627e-05	0	0	3.61681093723627e-05	1
CASSSPPGGWNIQYF	3.61681093723627e-05	0	0	3.61681093723627e-05	1
CASSSPPSGGRDTQYF	3.61681093723627e-05	0	0	3.61681093723627e-05	1
CASSSPRLWFETQYF	3.61681093723627e-05	0	0	3.61681093723627e-05	1
CASSSPSGPQDTQYF	3.61681093723627e-05	0	0	3.61681093723627e-05	1
CASSSQATSGETQYF	3.61681093723627e-05	0	0	3.61681093723627e-05	1
CASSSQITRHSETQYF	3.61681093723627e-05	0	0	3.61681093723627e-05	1
CASSSQQGGGANVLTF	3.61681093723627e-05	0	0	3.61681093723627e-05	1
CASSSRDRISYEQYF	3.61681093723627e-05	0	0	3.61681093723627e-05	1
CASSSSGSSYNEQFF	3.61681093723627e-05	0	0	3.61681093723627e-05	1
CASSSSPTGTTEAFF	3.61681093723627e-05	0	0	3.61681093723627e-05	1
CASSSSREAHF	3.61681093723627e-05	0	2.26813944521309e-05	3.61681093723627e-05	2
CASSSTSGLAKNIQYF	3.61681093723627e-05	0	0	3.61681093723627e-05	1
CASSSVRQGVNKLFF	3.61681093723627e-05	0	0	3.61681093723627e-05	1
CASSSWGSGRAGTGELFF	3.61681093723627e-05	0	0	3.61681093723627e-05	1
CASSTDRAPLYGYTF	3.61681093723627e-05	0	0	3.61681093723627e-05	1
CASSTGLRNEKLFF	3.61681093723627e-05	0	0	3.61681093723627e-05	1
CASSTGPEAFF	3.61681093723627e-05	0	0	3.61681093723627e-05	1
CASSTGRMSQHF	3.61681093723627e-05	0	0	3.61681093723627e-05	1
CASSTPDRSSGNTIYF	3.61681093723627e-05	0	0	3.61681093723627e-05	1
CASSTQGHQPQHF	3.61681093723627e-05	0	0	3.61681093723627e-05	1
CASSTTTRGGSPLHF	3.61681093723627e-05	0	0	3.61681093723627e-05	1
CASSVAPGDEQYF	3.61681093723627e-05	0	0	3.61681093723627e-05	1
CASSVASVYNEQFF	3.61681093723627e-05	0	0	3.61681093723627e-05	1
CASSVDLGSAYEQYF	3.61681093723627e-05	0	0	3.61681093723627e-05	1
CASSVFTSGRSGELFF	3.61681093723627e-05	0	0	3.61681093723627e-05	1
CASSVGGDNSPLHF	3.61681093723627e-05	0	0	3.61681093723627e-05	1
CASSVGGESYEQYF	3.61681093723627e-05	0	0	3.61681093723627e-05	1
CASSVGGGGYNEQFF	3.61681093723627e-05	0	0	3.61681093723627e-05	1
CASSVGGPNQPQHF	3.61681093723627e-05	0	0	3.61681093723627e-05	1
CASSVGGREGETQYF	3.61681093723627e-05	0	0	3.61681093723627e-05	1
CASSVGGSPSYEQYF	3.61681093723627e-05	0	0	3.61681093723627e-05	1
CASSVGINYGYTF	3.61681093723627e-05	0	0	3.61681093723627e-05	1
CASSVHYRGYEQYF	3.61681093723627e-05	0	1.13406972260655e-05	3.61681093723627e-05	2
CASSVRDRRNTGELFF	3.61681093723627e-05	0	2.26813944521309e-05	3.61681093723627e-05	2
CASSVRLAGRNYEQYF	3.61681093723627e-05	0	0	3.61681093723627e-05	1
CASSVSGRRANEQFF	3.61681093723627e-05	0	0	3.61681093723627e-05	1
CASSVSGVAEKLFF	3.61681093723627e-05	0	0	3.61681093723627e-05	1
CASSWFRDRGTDTQYF	3.61681093723627e-05	0	0	3.61681093723627e-05	1
CASSYGGTYEQYF	3.61681093723627e-05	0	0	3.61681093723627e-05	1
CASSYGQGQYF	3.61681093723627e-05	0	3.40220916781964e-05	3.61681093723627e-05	2
CASSYINEQFF	3.61681093723627e-05	0	0	3.61681093723627e-05	1
CASSYRRDLSYNEQFF	3.61681093723627e-05	0	0	3.61681093723627e-05	1
CASSYRTEQFF	3.61681093723627e-05	0	0	3.61681093723627e-05	1
CASSYRYEQYF	3.61681093723627e-05	0	0	3.61681093723627e-05	1
CASSYSAGAVYEQYF	3.61681093723627e-05	0	0	3.61681093723627e-05	1
CASSYSATVYRASSGYGYTF	3.61681093723627e-05	0	0	3.61681093723627e-05	1
CASSYSGQIYGYTF	3.61681093723627e-05	0	0	3.61681093723627e-05	1
CASSYSGSSYEQYF	3.61681093723627e-05	0	0	3.61681093723627e-05	1
CASSYSLGQTNYYGYTF	3.61681093723627e-05	0	0	3.61681093723627e-05	1
CASSYSLNTEAFF	3.61681093723627e-05	0	0	3.61681093723627e-05	1
CASSYSTRGRAFF	3.61681093723627e-05	0	0	3.61681093723627e-05	1
CASSYSVPTGDTEAFF	3.61681093723627e-05	0	0	3.61681093723627e-05	1
CASSYSWAGHYEQYF	3.61681093723627e-05	0	0	3.61681093723627e-05	1
CASSYSWGRLAGREGTDTQYF	3.61681093723627e-05	0	0	3.61681093723627e-05	1
CASSYTRWGGNQPQHF	3.61681093723627e-05	0	0	3.61681093723627e-05	1
CASSYVGSNTEAFF	3.61681093723627e-05	0	0	3.61681093723627e-05	1
CASSYVQGGNSPLHF	3.61681093723627e-05	0	0	3.61681093723627e-05	1
CASTHRWRGYEQYF	3.61681093723627e-05	0	0	3.61681093723627e-05	1
CASTLGRGRGSPLHF	3.61681093723627e-05	0	0	3.61681093723627e-05	1
CASTLRAWTGGYSNQPQHF	3.61681093723627e-05	0	0	3.61681093723627e-05	1
CASTPGHGNIESPLHF	3.61681093723627e-05	0	0	3.61681093723627e-05	1
CASTPPPGLADYEQYF	3.61681093723627e-05	0	0	3.61681093723627e-05	1
CASTPRGRANNEQFF	3.61681093723627e-05	0	0	3.61681093723627e-05	1
CASTPSSGRGDTGELFF	3.61681093723627e-05	0	0	3.61681093723627e-05	1
CASTRDRSSYEQYF	3.61681093723627e-05	0	0	3.61681093723627e-05	1
CASTRGRSGANVLTF	3.61681093723627e-05	0	0	3.61681093723627e-05	1
CASTSLDTQYF	3.61681093723627e-05	0	0	3.61681093723627e-05	1
CASTTGLAGGYEQYF	3.61681093723627e-05	0	0	3.61681093723627e-05	1
CASTTSRVYQETQYF	3.61681093723627e-05	0	0	3.61681093723627e-05	1
CASTWDLTDTQYF	3.61681093723627e-05	0	0	3.61681093723627e-05	1
CATGAASYEQYF	3.61681093723627e-05	0	0	3.61681093723627e-05	1
CATGLAGVGSYEQYF	3.61681093723627e-05	0	0	3.61681093723627e-05	1
CATKKLGQDYGYTF	3.61681093723627e-05	0	0	3.61681093723627e-05	1
CATRRGGGPILTNEQFF	3.61681093723627e-05	0	0	3.61681093723627e-05	1
CATRVAGPNQPQHF	3.61681093723627e-05	0	0	3.61681093723627e-05	1
CATSDGDRPYNEQFF	3.61681093723627e-05	0	0	3.61681093723627e-05	1
CATSDKDRYQNTGELFF	3.61681093723627e-05	0	0	3.61681093723627e-05	1
CATSDLPGQGLGEQYF	3.61681093723627e-05	0	0	3.61681093723627e-05	1
CATSDPGQLGESGANVLTF	3.61681093723627e-05	0	0	3.61681093723627e-05	1
CATSDSRDRVLTNEKLFF	3.61681093723627e-05	0	0	3.61681093723627e-05	1
CATSDYDRPQDTQYF	3.61681093723627e-05	0	0	3.61681093723627e-05	1
CATSETGLAGSYNEQFF	3.61681093723627e-05	0	0	3.61681093723627e-05	1
CATSNPFGTGLTGELFF	3.61681093723627e-05	0	0	3.61681093723627e-05	1
CATSRDLSGRAPDTQYF	3.61681093723627e-05	0	0	3.61681093723627e-05	1
CATSRSRQVNEKLFF	3.61681093723627e-05	0	0	3.61681093723627e-05	1
CATTTLAKNIQYF	3.61681093723627e-05	0	0	3.61681093723627e-05	1
CATYTGTNTGELFF	3.61681093723627e-05	0	0	3.61681093723627e-05	1
CAWGLGSPLHF	3.61681093723627e-05	0	0	3.61681093723627e-05	1
CAWRKGTGGNQPQHF	3.61681093723627e-05	0	0	3.61681093723627e-05	1
CAWSDPRQRVPLFF	3.61681093723627e-05	0	0	3.61681093723627e-05	1
CAWSGGQYRSSARYVYYGYTF	3.61681093723627e-05	0	0	3.61681093723627e-05	1
CAWSKTGGYTF	3.61681093723627e-05	0	2.26813944521309e-05	3.61681093723627e-05	2
CAWSRLALQETQYF	3.61681093723627e-05	0	0	3.61681093723627e-05	1
CAWSVGGAEQFF	3.61681093723627e-05	0	0	3.61681093723627e-05	1
CAWSVPGTGGYQPQHF	3.61681093723627e-05	0	0	3.61681093723627e-05	1
CAWSVSRETQYF	3.61681093723627e-05	0	0	3.61681093723627e-05	1
CAWTAGQGRLEKLFF	3.61681093723627e-05	0	0	3.61681093723627e-05	1
CRARRGSYNEQFF	3.61681093723627e-05	0	0	3.61681093723627e-05	1
CRLAGGPSSTDTQYF	3.61681093723627e-05	0	0	3.61681093723627e-05	1
CSAAGDQPQHF	3.61681093723627e-05	0	0	3.61681093723627e-05	1
CSAALARYNEQFF	3.61681093723627e-05	0	0	3.61681093723627e-05	1
CSADKENQPQHF	3.61681093723627e-05	0	0	3.61681093723627e-05	1
CSADLIIGTLFTEAFF	3.61681093723627e-05	0	0	3.61681093723627e-05	1
CSAGGTFEQFF	3.61681093723627e-05	0	0	3.61681093723627e-05	1
CSAGLAGVSETQYF	3.61681093723627e-05	0	0	3.61681093723627e-05	1
CSAGPDIKLEQYF	3.61681093723627e-05	0	0	3.61681093723627e-05	1
CSAGPGGETQYF	3.61681093723627e-05	0	0	3.61681093723627e-05	1
CSAKGRNTYEQYF	3.61681093723627e-05	0	0	3.61681093723627e-05	1
CSAKPTSNEQFF	3.61681093723627e-05	0	0	3.61681093723627e-05	1
CSALRLAKNIQYF	3.61681093723627e-05	0	0	3.61681093723627e-05	1
CSALSFAGTSTDTQYF	3.61681093723627e-05	0	0	3.61681093723627e-05	1
CSAMDRPGYEQFF	3.61681093723627e-05	0	0	3.61681093723627e-05	1
CSANLQGVLGIQYF	3.61681093723627e-05	0	0	3.61681093723627e-05	1
CSAPGQENTGELFF	3.61681093723627e-05	0	0	3.61681093723627e-05	1
CSAPISGTSNNEQFF	3.61681093723627e-05	0	0	3.61681093723627e-05	1
CSAPNPRGATYEQYF	3.61681093723627e-05	0	0	3.61681093723627e-05	1
CSAPRDKNTEAFF	3.61681093723627e-05	0	0	3.61681093723627e-05	1
CSAPRRSSGRWGTETQYF	3.61681093723627e-05	0	0	3.61681093723627e-05	1
CSARDFGRAMATQYF	3.61681093723627e-05	0	0	3.61681093723627e-05	1
CSARDLGSPSDTQYF	3.61681093723627e-05	0	0	3.61681093723627e-05	1
CSARDMDITYNEQFF	3.61681093723627e-05	0	0	3.61681093723627e-05	1
CSARDVFSYEQYF	3.61681093723627e-05	0	0	3.61681093723627e-05	1
CSAREGFREQYF	3.61681093723627e-05	0	0	3.61681093723627e-05	1
CSAREHTPGLRGTQYF	3.61681093723627e-05	0	0	3.61681093723627e-05	1
CSARGGPQETQYF	3.61681093723627e-05	0	0	3.61681093723627e-05	1
CSARGPRTSGSYNEQFF	3.61681093723627e-05	0	0	3.61681093723627e-05	1
CSARKRGTGWNTIYF	3.61681093723627e-05	0	0	3.61681093723627e-05	1
CSARPTGTAFRILSGNTIYF	3.61681093723627e-05	0	0	3.61681093723627e-05	1
CSARRSKTSGVYNEQFF	3.61681093723627e-05	0	0	3.61681093723627e-05	1
CSARTPGQGLAPLHF	3.61681093723627e-05	0	0	3.61681093723627e-05	1
CSARWGHNGELFF	3.61681093723627e-05	0	0	3.61681093723627e-05	1
CSASDRAADTQYF	3.61681093723627e-05	0	0	3.61681093723627e-05	1
CSASEGGPGNEQFF	3.61681093723627e-05	0	0	3.61681093723627e-05	1
CSASGQGGISYNEQFF	3.61681093723627e-05	0	0	3.61681093723627e-05	1
CSASLAGGRTSGDKSSYNEQFF	3.61681093723627e-05	0	0	3.61681093723627e-05	1
CSASLVLGGEQYF	3.61681093723627e-05	0	0	3.61681093723627e-05	1
CSASQGQGSYEQYF	3.61681093723627e-05	0	0	3.61681093723627e-05	1
CSASSRTWQETQYF	3.61681093723627e-05	0	0	3.61681093723627e-05	1
CSATDIYNEQFF	3.61681093723627e-05	0	0	3.61681093723627e-05	1
CSATRARETQYF	3.61681093723627e-05	0	0	3.61681093723627e-05	1
CSATSGPERLQPQHF	3.61681093723627e-05	0	0	3.61681093723627e-05	1
CSATTSGSPSREQYF	3.61681093723627e-05	0	0	3.61681093723627e-05	1
CSAWTGTRGITNEKLFF	3.61681093723627e-05	0	0	3.61681093723627e-05	1
CSGERIQETQYF	3.61681093723627e-05	0	0	3.61681093723627e-05	1
CSGTIFEGYEQYF	3.61681093723627e-05	0	0	3.61681093723627e-05	1
CSPRRSETQYF	3.61681093723627e-05	0	0	3.61681093723627e-05	1
CSPTGGYGYTF	3.61681093723627e-05	0	0	3.61681093723627e-05	1
CSVETYPVSGETQYF	3.61681093723627e-05	0	0	3.61681093723627e-05	1
CSVGETQYF	3.61681093723627e-05	0	0	3.61681093723627e-05	1
CSVPSTRRYEQYF	3.61681093723627e-05	0	0	3.61681093723627e-05	1
CSVRTSGRYEQFF	3.61681093723627e-05	0	0	3.61681093723627e-05	1
CAHLRTYGYTF	0	0	3.40220916781964e-05	3.40220916781964e-05	1
CAINQGWGSQNTEAFF	0	0	3.40220916781964e-05	3.40220916781964e-05	1
CAISESATVRSQYF	0	0	3.40220916781964e-05	3.40220916781964e-05	1
CAISESSGANVLTF	0	0	3.40220916781964e-05	3.40220916781964e-05	1
CAISETSANTGELFF	0	0	3.40220916781964e-05	3.40220916781964e-05	1
CAISPGLARNEQFF	0	0	3.40220916781964e-05	3.40220916781964e-05	1
CAISPRETDTQYF	0	0	3.40220916781964e-05	3.40220916781964e-05	1
CANGLGTGGTEAFF	0	0	3.40220916781964e-05	3.40220916781964e-05	1
CANSYGQYSYNSPLHF	0	0	3.40220916781964e-05	3.40220916781964e-05	1
CASETGGSYEQYF	0	0	3.40220916781964e-05	3.40220916781964e-05	1
CASGGFTDTQYF	0	0	3.40220916781964e-05	3.40220916781964e-05	1
CASGGTGPNQPQHF	0	0	3.40220916781964e-05	3.40220916781964e-05	1
CASGQGTDTQYF	0	0	3.40220916781964e-05	3.40220916781964e-05	1
CASGRGRVGNQPQHF	0	0	3.40220916781964e-05	3.40220916781964e-05	1
CASGRLKGGTQYF	0	0	3.40220916781964e-05	3.40220916781964e-05	1
CASGTGGVNEQFF	0	0	3.40220916781964e-05	3.40220916781964e-05	1
CASIKTSTGTGELFF	0	0	3.40220916781964e-05	3.40220916781964e-05	1
CASILGGGGGYTF	0	0	3.40220916781964e-05	3.40220916781964e-05	1
CASKFGGSSYNEQFF	0	0	3.40220916781964e-05	3.40220916781964e-05	1
CASKHRGNEQFF	0	0	3.40220916781964e-05	3.40220916781964e-05	1
CASKIANTGELFF	0	0	3.40220916781964e-05	3.40220916781964e-05	1
CASKLTAKNIQYF	0	0	3.40220916781964e-05	3.40220916781964e-05	1
CASNPNAFSGSRETQYF	0	0	3.40220916781964e-05	3.40220916781964e-05	1
CASRETGTRGEAFF	0	0	3.40220916781964e-05	3.40220916781964e-05	1
CASRHTGVGTYNSPLHF	0	0	3.40220916781964e-05	3.40220916781964e-05	1
CASRKKGRNEKLFF	0	0	3.40220916781964e-05	3.40220916781964e-05	1
CASRLGAGINTEAFF	0	0	3.40220916781964e-05	3.40220916781964e-05	1
CASRLISPSGELFF	0	0	3.40220916781964e-05	3.40220916781964e-05	1
CASRMRQGSGANVLTF	0	0	3.40220916781964e-05	3.40220916781964e-05	1
CASRMTSGRAHPYNEQFF	1.20560364574542e-05	0	3.40220916781964e-05	3.40220916781964e-05	2
CASRPGLAGFEQYF	0	0	3.40220916781964e-05	3.40220916781964e-05	1
CASRPGQVAMGYQETQYF	0	0	3.40220916781964e-05	3.40220916781964e-05	1
CASRPYTLRANYGYTF	0	0	3.40220916781964e-05	3.40220916781964e-05	1
CASRQGATNEKLFF	0	0	3.40220916781964e-05	3.40220916781964e-05	1
CASRQGGGAEAFF	0	0	3.40220916781964e-05	3.40220916781964e-05	1
CASRRTVRATEAFF	0	0	3.40220916781964e-05	3.40220916781964e-05	1
CASRRVTEAFF	0	0	3.40220916781964e-05	3.40220916781964e-05	1
CASRVGTGTYEQYF	0	0	3.40220916781964e-05	3.40220916781964e-05	1
CASRYIGSGKSYEQYF	0	0	3.40220916781964e-05	3.40220916781964e-05	1
CASSADLRTEAFF	0	0	3.40220916781964e-05	3.40220916781964e-05	1
CASSAGEDRIYGYTF	0	0	3.40220916781964e-05	3.40220916781964e-05	1
CASSAGTSGMDTQYF	0	0	3.40220916781964e-05	3.40220916781964e-05	1
CASSASGNNQPQHF	0	0	3.40220916781964e-05	3.40220916781964e-05	1
CASSATRSGNEQFF	0	0	3.40220916781964e-05	3.40220916781964e-05	1
CASSDGRGPTVQYF	0	0	3.40220916781964e-05	3.40220916781964e-05	1
CASSDRTGFYEQYF	0	0	3.40220916781964e-05	3.40220916781964e-05	1
CASSDWGRERTDTQYF	0	0	3.40220916781964e-05	3.40220916781964e-05	1
CASSEAPRTADTQYF	0	0	3.40220916781964e-05	3.40220916781964e-05	1
CASSEEGVNTEAFF	0	0	3.40220916781964e-05	3.40220916781964e-05	1
CASSEGQGQNTEAFF	0	0	3.40220916781964e-05	3.40220916781964e-05	1
CASSELWAVLSTSGRQTQYF	0	0	3.40220916781964e-05	3.40220916781964e-05	1
CASSELYQPQHF	0	0	3.40220916781964e-05	3.40220916781964e-05	1
CASSFGGRGEQYF	0	0	3.40220916781964e-05	3.40220916781964e-05	1
CASSFGNSFNEQFF	0	0	3.40220916781964e-05	3.40220916781964e-05	1
CASSFGPNNEQFF	1.20560364574542e-05	0	3.40220916781964e-05	3.40220916781964e-05	2
CASSFMGEEGYTF	0	0	3.40220916781964e-05	3.40220916781964e-05	1
CASSFMGGNYGYTF	0	0	3.40220916781964e-05	3.40220916781964e-05	1
CASSFQDRSGIYSNQPQHF	0	0	3.40220916781964e-05	3.40220916781964e-05	1
CASSFRDRGLGTEAFF	0	0	3.40220916781964e-05	3.40220916781964e-05	1
CASSFSGGLDYEQYF	0	0	3.40220916781964e-05	3.40220916781964e-05	1
CASSFSKQLTYNEQFF	0	0	3.40220916781964e-05	3.40220916781964e-05	1
CASSFTRRLASRSYEQYF	0	0	3.40220916781964e-05	3.40220916781964e-05	1
CASSFWGTGELFF	0	0	3.40220916781964e-05	3.40220916781964e-05	1
CASSGDSYEQYF	0	0	3.40220916781964e-05	3.40220916781964e-05	1
CASSGGQGYNEQFF	0	0	3.40220916781964e-05	3.40220916781964e-05	1
CASSGLAGGGTEQFF	0	0	3.40220916781964e-05	3.40220916781964e-05	1
CASSGLATNTGELFF	0	0	3.40220916781964e-05	3.40220916781964e-05	1
CASSGLSGIGYTF	0	0	3.40220916781964e-05	3.40220916781964e-05	1
CASSGPTGIGRNQPQHF	0	0	3.40220916781964e-05	3.40220916781964e-05	1
CASSGRLAGVYNEQFF	0	0	3.40220916781964e-05	3.40220916781964e-05	1
CASSGVIAGELYNEQFF	0	0	3.40220916781964e-05	3.40220916781964e-05	1
CASSHQTGGGETQYF	0	0	3.40220916781964e-05	3.40220916781964e-05	1
CASSHSDDQNEKLFF	0	0	3.40220916781964e-05	3.40220916781964e-05	1
CASSHTPGLAGETQYF	0	0	3.40220916781964e-05	3.40220916781964e-05	1
CASSIEGRTGELFF	0	0	3.40220916781964e-05	3.40220916781964e-05	1
CASSIIKTGLYNEQFF	0	0	3.40220916781964e-05	3.40220916781964e-05	1
CASSILADNEQFF	0	0	3.40220916781964e-05	3.40220916781964e-05	1
CASSIMTSGSHLTQYF	0	0	3.40220916781964e-05	3.40220916781964e-05	1
CASSINRGDEQFF	0	0	3.40220916781964e-05	3.40220916781964e-05	1
CASSIREGLAGGNEQFF	0	0	3.40220916781964e-05	3.40220916781964e-05	1
CASSITSGSGEQFF	0	0	3.40220916781964e-05	3.40220916781964e-05	1
CASSITSGSYNEQFF	2.41120729149085e-05	0	3.40220916781964e-05	3.40220916781964e-05	2
CASSKRGGSPFTSTDTQYF	0	0	3.40220916781964e-05	3.40220916781964e-05	1
CASSLAAGGWETQYF	0	0	3.40220916781964e-05	3.40220916781964e-05	1
CASSLAASGKADTQYF	0	0	3.40220916781964e-05	3.40220916781964e-05	1
CASSLAGGGQPQHF	0	0	3.40220916781964e-05	3.40220916781964e-05	1
CASSLAGGPYNEQFF	0	0	3.40220916781964e-05	3.40220916781964e-05	1
CASSLAGGRYNEQFF	0	0	3.40220916781964e-05	3.40220916781964e-05	1
CASSLAGLDTQYF	0	0	3.40220916781964e-05	3.40220916781964e-05	1
CASSLAPGGYEQYF	0	0	3.40220916781964e-05	3.40220916781964e-05	1
CASSLASGSYNEQFF	0	0	3.40220916781964e-05	3.40220916781964e-05	1
CASSLASLAIEQFF	0	0	3.40220916781964e-05	3.40220916781964e-05	1
CASSLAYGKETQYF	0	0	3.40220916781964e-05	3.40220916781964e-05	1
CASSLEEQAFF	0	0	3.40220916781964e-05	3.40220916781964e-05	1
CASSLEGRETGELFF	0	0	3.40220916781964e-05	3.40220916781964e-05	1
CASSLEGTTQYF	0	0	3.40220916781964e-05	3.40220916781964e-05	1
CASSLERDSEQYF	0	0	3.40220916781964e-05	3.40220916781964e-05	1
CASSLGGRFYEQYF	0	0	3.40220916781964e-05	3.40220916781964e-05	1
CASSLGLTGNYEQYF	0	0	3.40220916781964e-05	3.40220916781964e-05	1
CASSLGPQGEETQYF	1.20560364574542e-05	0	3.40220916781964e-05	3.40220916781964e-05	2
CASSLGQTNQETQYF	2.41120729149085e-05	0	3.40220916781964e-05	3.40220916781964e-05	2
CASSLGRRIYGYTF	2.41120729149085e-05	0	3.40220916781964e-05	3.40220916781964e-05	2
CASSLGSHLENTEAFF	0	0	3.40220916781964e-05	3.40220916781964e-05	1
CASSLGSSDTGELFF	0	0	3.40220916781964e-05	3.40220916781964e-05	1
CASSLGTGSYGYTF	0	0	3.40220916781964e-05	3.40220916781964e-05	1
CASSLIAGDEQFF	1.20560364574542e-05	0	3.40220916781964e-05	3.40220916781964e-05	2
CASSLIGGIGNEQFF	2.41120729149085e-05	0	3.40220916781964e-05	3.40220916781964e-05	2
CASSLLAGTEAFF	2.41120729149085e-05	0	3.40220916781964e-05	3.40220916781964e-05	2
CASSLLGETQYF	2.41120729149085e-05	0	3.40220916781964e-05	3.40220916781964e-05	2
CASSLLGKGGTEAFF	0	0	3.40220916781964e-05	3.40220916781964e-05	1
CASSLNDPSGVQFF	0	0	3.40220916781964e-05	3.40220916781964e-05	1
CASSLQGIRETQYF	0	0	3.40220916781964e-05	3.40220916781964e-05	1
CASSLQQLIYNEQFF	0	0	3.40220916781964e-05	3.40220916781964e-05	1
CASSLQTPGNSPLHF	0	0	3.40220916781964e-05	3.40220916781964e-05	1
CASSLRAESTYEQYF	0	0	3.40220916781964e-05	3.40220916781964e-05	1
CASSLRARYAGELFF	0	0	3.40220916781964e-05	3.40220916781964e-05	1
CASSLRGGSSYEQYF	0	0	3.40220916781964e-05	3.40220916781964e-05	1
CASSLRGRHEQYF	0	0	3.40220916781964e-05	3.40220916781964e-05	1
CASSLRGTRAYNEQFF	0	0	3.40220916781964e-05	3.40220916781964e-05	1
CASSLRRETQYF	0	0	3.40220916781964e-05	3.40220916781964e-05	1
CASSLRRFAGGRVTQYF	0	0	3.40220916781964e-05	3.40220916781964e-05	1
CASSLRTGVGTDTQYF	1.20560364574542e-05	0	3.40220916781964e-05	3.40220916781964e-05	2
CASSLSAGGGYEQYF	0	0	3.40220916781964e-05	3.40220916781964e-05	1
CASSLSARYEQYF	0	0	3.40220916781964e-05	3.40220916781964e-05	1
CASSLSGARLGNIQYF	0	0	3.40220916781964e-05	3.40220916781964e-05	1
CASSLSGGSSYEQYF	0	0	3.40220916781964e-05	3.40220916781964e-05	1
CASSLSGTLNLGGNTIYF	0	0	3.40220916781964e-05	3.40220916781964e-05	1
CASSLSRSYVLTF	0	0	3.40220916781964e-05	3.40220916781964e-05	1
CASSLSTGTEQFF	0	0	3.40220916781964e-05	3.40220916781964e-05	1
CASSLSWTSGDTDTQYF	0	0	3.40220916781964e-05	3.40220916781964e-05	1
CASSLTAGISGANVLTF	0	0	3.40220916781964e-05	3.40220916781964e-05	1
CASSLTDIGSSPLHF	0	0	3.40220916781964e-05	3.40220916781964e-05	1
CASSLTRNSPLHF	0	0	3.40220916781964e-05	3.40220916781964e-05	1
CASSLTSGSNEQYF	0	0	3.40220916781964e-05	3.40220916781964e-05	1
CASSLVGRMNTEAFF	2.41120729149085e-05	0	3.40220916781964e-05	3.40220916781964e-05	2
CASSLVKGSYEQYF	0	0	3.40220916781964e-05	3.40220916781964e-05	1
CASSLVQGAWFF	0	0	3.40220916781964e-05	3.40220916781964e-05	1
CASSLVSNSPLHF	0	0	3.40220916781964e-05	3.40220916781964e-05	1
CASSLWDGNNNEQFF	0	0	3.40220916781964e-05	3.40220916781964e-05	1
CASSLWLSNQPQHF	0	0	3.40220916781964e-05	3.40220916781964e-05	1
CASSLYPGGAYEQYF	0	0	3.40220916781964e-05	3.40220916781964e-05	1
CASSMATTGGLEQFF	0	0	3.40220916781964e-05	3.40220916781964e-05	1
CASSMGTSYNEQFF	0	0	3.40220916781964e-05	3.40220916781964e-05	1
CASSNRQGYQPQHF	0	0	3.40220916781964e-05	3.40220916781964e-05	1
CASSPDLGQGRETQYF	0	0	3.40220916781964e-05	3.40220916781964e-05	1
CASSPFWDYPTDTQYF	0	0	3.40220916781964e-05	3.40220916781964e-05	1
CASSPGGYREQFF	0	0	3.40220916781964e-05	3.40220916781964e-05	1
CASSPGTSAYEQYF	0	0	3.40220916781964e-05	3.40220916781964e-05	1
CASSPLASGQPVYFNEQFF	0	0	3.40220916781964e-05	3.40220916781964e-05	1
CASSPLGGSVEQFF	0	0	3.40220916781964e-05	3.40220916781964e-05	1
CASSPNLDTQYF	0	0	3.40220916781964e-05	3.40220916781964e-05	1
CASSPNSGYEQFF	1.20560364574542e-05	0	3.40220916781964e-05	3.40220916781964e-05	2
CASSPPGQGAYEQYF	0	0	3.40220916781964e-05	3.40220916781964e-05	1
CASSPPGTGRLYEQYF	0	0	3.40220916781964e-05	3.40220916781964e-05	1
CASSPPSGRVYNEQFF	0	0	3.40220916781964e-05	3.40220916781964e-05	1
CASSPQGMNTEAFF	0	0	3.40220916781964e-05	3.40220916781964e-05	1
CASSPQGTGVLGEQFF	0	0	3.40220916781964e-05	3.40220916781964e-05	1
CASSPRDKPNPYEQYF	0	0	3.40220916781964e-05	3.40220916781964e-05	1
CASSPRDTGELFF	0	0	3.40220916781964e-05	3.40220916781964e-05	1
CASSPRGQLAEAFF	0	0	3.40220916781964e-05	3.40220916781964e-05	1
CASSPRGRSYNEQFF	0	0	3.40220916781964e-05	3.40220916781964e-05	1
CASSPRGSAMYEQYF	0	0	3.40220916781964e-05	3.40220916781964e-05	1
CASSPRLAGADTQYF	0	0	3.40220916781964e-05	3.40220916781964e-05	1
CASSPRPTSGSSRDNEQFF	0	0	3.40220916781964e-05	3.40220916781964e-05	1
CASSPRTENYGYTF	0	0	3.40220916781964e-05	3.40220916781964e-05	1
CASSPSGRRGETQYF	0	0	3.40220916781964e-05	3.40220916781964e-05	1
CASSPSGSSYNEQFF	0	0	3.40220916781964e-05	3.40220916781964e-05	1
CASSPTGGSYGYTF	0	0	3.40220916781964e-05	3.40220916781964e-05	1
CASSPTLAGVSYNEQFF	0	0	3.40220916781964e-05	3.40220916781964e-05	1
CASSPVASTDTQYF	0	0	3.40220916781964e-05	3.40220916781964e-05	1
CASSPWTSGYLQFF	0	0	3.40220916781964e-05	3.40220916781964e-05	1
CASSQAGSRVYEQYF	0	0	3.40220916781964e-05	3.40220916781964e-05	1
CASSQAWGAGETQYF	0	0	3.40220916781964e-05	3.40220916781964e-05	1
CASSQDLTQPQHF	0	0	3.40220916781964e-05	3.40220916781964e-05	1
CASSQDTKNIQYF	0	0	3.40220916781964e-05	3.40220916781964e-05	1
CASSQGGSGRIYEQYF	0	0	3.40220916781964e-05	3.40220916781964e-05	1
CASSQGYQETQYF	0	0	3.40220916781964e-05	3.40220916781964e-05	1
CASSQQGSGNTIYF	0	0	3.40220916781964e-05	3.40220916781964e-05	1
CASSQRTLAYGETQYF	0	0	3.40220916781964e-05	3.40220916781964e-05	1
CASSQTGTSGYNEQFF	0	0	3.40220916781964e-05	3.40220916781964e-05	1
CASSQTSGQHYNEQFF	0	0	3.40220916781964e-05	3.40220916781964e-05	1
CASSQTVPGPNTIYF	0	0	3.40220916781964e-05	3.40220916781964e-05	1
CASSQVLSGRDTQYF	0	0	3.40220916781964e-05	3.40220916781964e-05	1
CASSRAESSGNTIYF	0	0	3.40220916781964e-05	3.40220916781964e-05	1
CASSRDGGGFEKLFF	0	0	3.40220916781964e-05	3.40220916781964e-05	1
CASSRGAWDTEAFF	0	0	3.40220916781964e-05	3.40220916781964e-05	1
CASSRGLAGGAGANVLTF	0	0	3.40220916781964e-05	3.40220916781964e-05	1
CASSRGLAGGPKDTQYF	0	0	3.40220916781964e-05	3.40220916781964e-05	1
CASSRLAGFTGELFF	0	0	3.40220916781964e-05	3.40220916781964e-05	1
CASSRPLTDTQYF	0	0	3.40220916781964e-05	3.40220916781964e-05	1
CASSRQGAREKLFF	0	0	3.40220916781964e-05	3.40220916781964e-05	1
CASSRRDYGATFF	0	0	3.40220916781964e-05	3.40220916781964e-05	1
CASSRSRGENSPLHF	0	0	3.40220916781964e-05	3.40220916781964e-05	1
CASSRTVNTEAFF	0	0	3.40220916781964e-05	3.40220916781964e-05	1
CASSRVNTEAFF	0	0	3.40220916781964e-05	3.40220916781964e-05	1
CASSRWADPQETQYF	0	0	3.40220916781964e-05	3.40220916781964e-05	1
CASSRWDRGNIQYF	1.20560364574542e-05	0	3.40220916781964e-05	3.40220916781964e-05	2
CASSSDRVDTQYF	0	0	3.40220916781964e-05	3.40220916781964e-05	1
CASSSFSGGSKVNEQFF	0	0	3.40220916781964e-05	3.40220916781964e-05	1
CASSSGGPGYEQYF	0	0	3.40220916781964e-05	3.40220916781964e-05	1
CASSSGLAGKEQFF	0	0	3.40220916781964e-05	3.40220916781964e-05	1
CASSSGLGDEQFF	0	0	3.40220916781964e-05	3.40220916781964e-05	1
CASSSGLVETQYF	0	0	3.40220916781964e-05	3.40220916781964e-05	1
CASSSGQAYNQPQHF	0	0	3.40220916781964e-05	3.40220916781964e-05	1
CASSSGQGFSGELFF	0	0	3.40220916781964e-05	3.40220916781964e-05	1
CASSSGQGSYEQYF	0	0	3.40220916781964e-05	3.40220916781964e-05	1
CASSSGSAGAFF	2.41120729149085e-05	0	3.40220916781964e-05	3.40220916781964e-05	2
CASSSGTRIPNTQYF	0	0	3.40220916781964e-05	3.40220916781964e-05	1
CASSSHGGTGELFF	0	0	3.40220916781964e-05	3.40220916781964e-05	1
CASSSKRRFGRADNEQFF	0	0	3.40220916781964e-05	3.40220916781964e-05	1
CASSSPGEWGTEAFF	0	0	3.40220916781964e-05	3.40220916781964e-05	1
CASSSPGLAGGVYNEQFF	0	0	3.40220916781964e-05	3.40220916781964e-05	1
CASSSPTGPRGRNTIYF	0	0	3.40220916781964e-05	3.40220916781964e-05	1
CASSSRDRLVMSNQPQHF	0	0	3.40220916781964e-05	3.40220916781964e-05	1
CASSSRGSGNTIYF	0	0	3.40220916781964e-05	3.40220916781964e-05	1
CASSSRRGWNTGELFF	0	0	3.40220916781964e-05	3.40220916781964e-05	1
CASSSSGGQETQYF	0	0	3.40220916781964e-05	3.40220916781964e-05	1
CASSSSPDRGHQPQHF	0	0	3.40220916781964e-05	3.40220916781964e-05	1
CASSSSSGVNEQFF	0	0	3.40220916781964e-05	3.40220916781964e-05	1
CASSSTRTGAWSEQYF	0	0	3.40220916781964e-05	3.40220916781964e-05	1
CASSSTSRSSYEQYF	0	0	3.40220916781964e-05	3.40220916781964e-05	1
CASSTDSSGNTIYF	0	0	3.40220916781964e-05	3.40220916781964e-05	1
CASSTQNQPQHF	0	0	3.40220916781964e-05	3.40220916781964e-05	1
CASSTVGGYEQYF	0	0	3.40220916781964e-05	3.40220916781964e-05	1
CASSVAELDVNEQFF	0	0	3.40220916781964e-05	3.40220916781964e-05	1
CASSVARTSGRGELFF	0	0	3.40220916781964e-05	3.40220916781964e-05	1
CASSVEGGNYNEQFF	0	0	3.40220916781964e-05	3.40220916781964e-05	1
CASSVGASDEQYF	0	0	3.40220916781964e-05	3.40220916781964e-05	1
CASSVGGGPAHDTQYF	0	0	3.40220916781964e-05	3.40220916781964e-05	1
CASSVGITNTGELFF	0	0	3.40220916781964e-05	3.40220916781964e-05	1
CASSVGRGPYNEQFF	0	0	3.40220916781964e-05	3.40220916781964e-05	1
CASSVGVAGGTDTQYF	0	0	3.40220916781964e-05	3.40220916781964e-05	1
CASSVRDRAGNEQFF	0	0	3.40220916781964e-05	3.40220916781964e-05	1
CASSVRDTATNEKLFF	0	0	3.40220916781964e-05	3.40220916781964e-05	1
CASSVSKKYEQYF	0	0	3.40220916781964e-05	3.40220916781964e-05	1
CASSVTGASYGYTF	0	0	3.40220916781964e-05	3.40220916781964e-05	1
CASSVTGGAFHEQFF	0	0	3.40220916781964e-05	3.40220916781964e-05	1
CASSVTPHRAEAFF	0	0	3.40220916781964e-05	3.40220916781964e-05	1
CASSVVVGRSNYGYTF	0	0	3.40220916781964e-05	3.40220916781964e-05	1
CASSWADRGFDEQYF	0	0	3.40220916781964e-05	3.40220916781964e-05	1
CASSWGNEQFF	0	0	3.40220916781964e-05	3.40220916781964e-05	1
CASSWRLADNEQFF	0	0	3.40220916781964e-05	3.40220916781964e-05	1
CASSYFRGGQGRNTEAFF	0	0	3.40220916781964e-05	3.40220916781964e-05	1
CASSYFSGTTSYEQYF	0	0	3.40220916781964e-05	3.40220916781964e-05	1
CASSYLGLAGGPSSYNEQFF	0	0	3.40220916781964e-05	3.40220916781964e-05	1
CASSYLGLAGGQFF	0	0	3.40220916781964e-05	3.40220916781964e-05	1
CASSYLTRNEQYF	0	0	3.40220916781964e-05	3.40220916781964e-05	1
CASSYPGRPYEQYF	0	0	3.40220916781964e-05	3.40220916781964e-05	1
CASSYPQHGNTIYF	0	0	3.40220916781964e-05	3.40220916781964e-05	1
CASSYPRPLYNEQFF	0	0	3.40220916781964e-05	3.40220916781964e-05	1
CASSYQGAGTGELFF	0	0	3.40220916781964e-05	3.40220916781964e-05	1
CASSYRPMKETQYF	0	0	3.40220916781964e-05	3.40220916781964e-05	1
CASSYRVWREGASSYNEQFF	0	0	3.40220916781964e-05	3.40220916781964e-05	1
CASSYSAILYEQYF	0	0	3.40220916781964e-05	3.40220916781964e-05	1
CASSYSASLEQFF	0	0	3.40220916781964e-05	3.40220916781964e-05	1
CASSYSEAGGATQYF	0	0	3.40220916781964e-05	3.40220916781964e-05	1
CASSYSIYEGVYEQYF	0	0	3.40220916781964e-05	3.40220916781964e-05	1
CASSYSLGYSKTDTQYF	0	0	3.40220916781964e-05	3.40220916781964e-05	1
CASTATGGGDEQYF	0	0	3.40220916781964e-05	3.40220916781964e-05	1
CASTMDIGRPSYEQYF	0	0	3.40220916781964e-05	3.40220916781964e-05	1
CASTRAAYEQYF	0	3.33466720021342e-05	3.40220916781964e-05	3.40220916781964e-05	2
CASTYRFRYTF	0	0	3.40220916781964e-05	3.40220916781964e-05	1
CATEGFSYEQYF	0	0	3.40220916781964e-05	3.40220916781964e-05	1
CATGTSGTRGETQYF	0	0	3.40220916781964e-05	3.40220916781964e-05	1
CATKSDILSYEQYF	0	0	3.40220916781964e-05	3.40220916781964e-05	1
CATLPGTDGYTF	0	0	3.40220916781964e-05	3.40220916781964e-05	1
CATNAKLFF	0	0	3.40220916781964e-05	3.40220916781964e-05	1
CATQSPPGGGQPQHF	0	0	3.40220916781964e-05	3.40220916781964e-05	1
CATRLAGGLDTQYF	0	0	3.40220916781964e-05	3.40220916781964e-05	1
CATRTIGANVLTF	0	0	3.40220916781964e-05	3.40220916781964e-05	1
CATSAGTGELFF	0	0	3.40220916781964e-05	3.40220916781964e-05	1
CATSDFPHKTGDNNEQFF	0	0	3.40220916781964e-05	3.40220916781964e-05	1
CATSDLEGGEQYF	0	0	3.40220916781964e-05	3.40220916781964e-05	1
CATSEKTGGNNQPQHF	0	0	3.40220916781964e-05	3.40220916781964e-05	1
CATSGWTSGIHEQYF	0	0	3.40220916781964e-05	3.40220916781964e-05	1
CATSRGTGGLREAFF	0	0	3.40220916781964e-05	3.40220916781964e-05	1
CATSVGGPGELFF	0	0	3.40220916781964e-05	3.40220916781964e-05	1
CAWRLFSGNTIYF	0	0	3.40220916781964e-05	3.40220916781964e-05	1
CAWSGDTYGYTF	0	0	3.40220916781964e-05	3.40220916781964e-05	1
CAWSGELQVNTEAFF	0	0	3.40220916781964e-05	3.40220916781964e-05	1
CAWSGGSDEQYF	0	0	3.40220916781964e-05	3.40220916781964e-05	1
CAWSLFSRHNEQFF	0	0	3.40220916781964e-05	3.40220916781964e-05	1
CAWSLSYNEQFF	0	0	3.40220916781964e-05	3.40220916781964e-05	1
CAWSVEGGQPQHF	0	0	3.40220916781964e-05	3.40220916781964e-05	1
CAWSVTQNGYTF	0	0	3.40220916781964e-05	3.40220916781964e-05	1
CAWTREPETTIYF	0	0	3.40220916781964e-05	3.40220916781964e-05	1
CAWTSSIGGRNTEAFF	0	0	3.40220916781964e-05	3.40220916781964e-05	1
CRRKGGTDTQYF	0	0	3.40220916781964e-05	3.40220916781964e-05	1
CSAGFSLAGSGANVLTF	0	0	3.40220916781964e-05	3.40220916781964e-05	1
CSAGHKTYEQYF	0	0	3.40220916781964e-05	3.40220916781964e-05	1
CSAGTSGSREQFF	0	0	3.40220916781964e-05	3.40220916781964e-05	1
CSAIAGVSYNEQFF	0	0	3.40220916781964e-05	3.40220916781964e-05	1
CSAILARFKSTDTQYF	0	0	3.40220916781964e-05	3.40220916781964e-05	1
CSAIPPGPTGGIAKNIQYF	0	0	3.40220916781964e-05	3.40220916781964e-05	1
CSAQNLRLAGEGEQFF	0	0	3.40220916781964e-05	3.40220916781964e-05	1
CSAQPTSGRIAYNEQFF	0	0	3.40220916781964e-05	3.40220916781964e-05	1
CSARDFPNEQFF	0	0	3.40220916781964e-05	3.40220916781964e-05	1
CSARDKGQGRAKNIQYF	1.20560364574542e-05	0	3.40220916781964e-05	3.40220916781964e-05	2
CSARDLGNTDTQYF	0	0	3.40220916781964e-05	3.40220916781964e-05	1
CSAREQQGSGNTIYF	0	0	3.40220916781964e-05	3.40220916781964e-05	1
CSARGISRGEQFF	0	0	3.40220916781964e-05	3.40220916781964e-05	1
CSARGQGVSEQYF	0	0	3.40220916781964e-05	3.40220916781964e-05	1
CSARGRQGKETQYF	0	0	3.40220916781964e-05	3.40220916781964e-05	1
CSARIVENEQFF	0	0	3.40220916781964e-05	3.40220916781964e-05	1
CSARLAGGPDTQYF	0	0	3.40220916781964e-05	3.40220916781964e-05	1
CSARRGLAGVGNEQFF	0	0	3.40220916781964e-05	3.40220916781964e-05	1
CSARRPGWGGETQYF	0	0	3.40220916781964e-05	3.40220916781964e-05	1
CSARTPAGTYEQYF	0	0	3.40220916781964e-05	3.40220916781964e-05	1
CSARTRTGDNYGYTF	0	0	3.40220916781964e-05	3.40220916781964e-05	1
CSARVGGNQPQHF	0	0	3.40220916781964e-05	3.40220916781964e-05	1
CSASDRVSYEQYF	0	0	3.40220916781964e-05	3.40220916781964e-05	1
CSASLGRGSSYEQYF	0	0	3.40220916781964e-05	3.40220916781964e-05	1
CSASRQSNQPQHF	0	0	3.40220916781964e-05	3.40220916781964e-05	1
CSASSGEQFF	0	0	3.40220916781964e-05	3.40220916781964e-05	1
CSASSGLLQETQYF	0	0	3.40220916781964e-05	3.40220916781964e-05	1
CSATRGGSGTYEQYF	0	0	3.40220916781964e-05	3.40220916781964e-05	1
CSATRLLPQETQYF	0	0	3.40220916781964e-05	3.40220916781964e-05	1
CSAVQGGGPQAQHF	0	0	3.40220916781964e-05	3.40220916781964e-05	1
CSGRLSFSTDTQYF	0	0	3.40220916781964e-05	3.40220916781964e-05	1
CSILAATDTQYF	0	0	3.40220916781964e-05	3.40220916781964e-05	1
CSVGMGNQPQHF	0	0	3.40220916781964e-05	3.40220916781964e-05	1
CSVVSDRHNEKLFF	0	0	3.40220916781964e-05	3.40220916781964e-05	1
RASSAVAGSIYEQFF	0	0	3.40220916781964e-05	3.40220916781964e-05	1
CAGSLVGPGTEAFF	0	3.33466720021342e-05	0	3.33466720021342e-05	1
CASAGEQYEQYF	0	3.33466720021342e-05	0	3.33466720021342e-05	1
CASATGEPFYQPQHF	0	3.33466720021342e-05	0	3.33466720021342e-05	1
CASIRDRDNEQFF	0	3.33466720021342e-05	0	3.33466720021342e-05	1
CASKPGIIGDIQYF	0	3.33466720021342e-05	0	3.33466720021342e-05	1
CASMGRDRLLGYTF	0	3.33466720021342e-05	0	3.33466720021342e-05	1
CASRATGGDTQYF	0	3.33466720021342e-05	0	3.33466720021342e-05	1
CASRDESYGPGTDTQYF	0	3.33466720021342e-05	0	3.33466720021342e-05	1
CASRNFGLAGLNTGELFF	0	3.33466720021342e-05	0	3.33466720021342e-05	1
CASRSTAGDFTDTQYF	0	3.33466720021342e-05	0	3.33466720021342e-05	1
CASSAGTAPNQPQHF	0	3.33466720021342e-05	0	3.33466720021342e-05	1
CASSAMTGEENTEAFF	0	3.33466720021342e-05	0	3.33466720021342e-05	1
CASSASDRTNEKLFF	0	3.33466720021342e-05	0	3.33466720021342e-05	1
CASSASGRSADTQYF	0	3.33466720021342e-05	0	3.33466720021342e-05	1
CASSDLGQGTDTQYF	0	3.33466720021342e-05	0	3.33466720021342e-05	1
CASSDRGRVAYNSPLHF	0	3.33466720021342e-05	0	3.33466720021342e-05	1
CASSDRRTSVF	0	3.33466720021342e-05	0	3.33466720021342e-05	1
CASSEAQGRTIYF	0	3.33466720021342e-05	0	3.33466720021342e-05	1
CASSEGRGNINTEAFF	0	3.33466720021342e-05	0	3.33466720021342e-05	1
CASSEGSGNEKLFF	0	3.33466720021342e-05	0	3.33466720021342e-05	1
CASSEVAGASTDTQYF	0	3.33466720021342e-05	0	3.33466720021342e-05	1
CASSFGIHPYQETQYF	0	3.33466720021342e-05	0	3.33466720021342e-05	1
CASSFPGGYNEQFF	0	3.33466720021342e-05	0	3.33466720021342e-05	1
CASSFSGSGDEQFF	0	3.33466720021342e-05	0	3.33466720021342e-05	1
CASSGDRANYGYTF	0	3.33466720021342e-05	0	3.33466720021342e-05	1
CASSHGTINEKLFF	0	3.33466720021342e-05	0	3.33466720021342e-05	1
CASSHPTEFNEQFF	0	3.33466720021342e-05	0	3.33466720021342e-05	1
CASSIDIAYASYEQYF	0	3.33466720021342e-05	0	3.33466720021342e-05	1
CASSLAGTGGHYEQYF	0	3.33466720021342e-05	0	3.33466720021342e-05	1
CASSLARHRAPLF	0	3.33466720021342e-05	0	3.33466720021342e-05	1
CASSLDRTYQETQYF	0	3.33466720021342e-05	0	3.33466720021342e-05	1
CASSLDSGHLFYGYTF	0	3.33466720021342e-05	0	3.33466720021342e-05	1
CASSLEPAWDNTQYF	0	3.33466720021342e-05	0	3.33466720021342e-05	1
CASSLGAFSGANVLTF	0	3.33466720021342e-05	0	3.33466720021342e-05	1
CASSLGGKGTDTQYF	0	3.33466720021342e-05	0	3.33466720021342e-05	1
CASSLGQGTDTQYF	0	3.33466720021342e-05	0	3.33466720021342e-05	1
CASSLGRDARYVKLFF	0	3.33466720021342e-05	0	3.33466720021342e-05	1
CASSLGTELEAFF	0	3.33466720021342e-05	0	3.33466720021342e-05	1
CASSLGTSGTRTDTQYF	0	3.33466720021342e-05	0	3.33466720021342e-05	1
CASSLIRASTDTQYF	0	3.33466720021342e-05	0	3.33466720021342e-05	1
CASSLLGGSNEQFF	0	3.33466720021342e-05	0	3.33466720021342e-05	1
CASSLQAGVPLTDTQYF	0	3.33466720021342e-05	0	3.33466720021342e-05	1
CASSLSGHSGANVLTF	0	3.33466720021342e-05	0	3.33466720021342e-05	1
CASSLTVRRSYEQYF	0	3.33466720021342e-05	0	3.33466720021342e-05	1
CASSLWGRETQYF	0	3.33466720021342e-05	0	3.33466720021342e-05	1
CASSLYNEQFF	0	3.33466720021342e-05	0	3.33466720021342e-05	1
CASSPGGWYGYTF	0	3.33466720021342e-05	0	3.33466720021342e-05	1
CASSPGQGTDTQYF	0	3.33466720021342e-05	0	3.33466720021342e-05	1
CASSPQGGVRNYGYTF	0	3.33466720021342e-05	0	3.33466720021342e-05	1
CASSPRGHGGNIQYF	0	3.33466720021342e-05	0	3.33466720021342e-05	1
CASSPRLAGGLAGELFF	0	3.33466720021342e-05	0	3.33466720021342e-05	1
CASSPSFTREHQPQHF	0	3.33466720021342e-05	0	3.33466720021342e-05	1
CASSPTALAKNIQYF	0	3.33466720021342e-05	0	3.33466720021342e-05	1
CASSPVWMAKNIQYF	0	3.33466720021342e-05	0	3.33466720021342e-05	1
CASSPWDLETDTQYF	0	3.33466720021342e-05	0	3.33466720021342e-05	1
CASSQAVAGTGGLSYGYTF	0	3.33466720021342e-05	0	3.33466720021342e-05	1
CASSQDGLQETQYF	0	3.33466720021342e-05	0	3.33466720021342e-05	1
CASSQEGGYNEQFF	0	3.33466720021342e-05	0	3.33466720021342e-05	1
CASSQEMGKKLFF	0	3.33466720021342e-05	0	3.33466720021342e-05	1
CASSQGLAGGVETQYF	0	3.33466720021342e-05	0	3.33466720021342e-05	1
CASSQPGLGRHEQFF	0	3.33466720021342e-05	0	3.33466720021342e-05	1
CASSQSGEVPFF	0	3.33466720021342e-05	0	3.33466720021342e-05	1
CASSQVWEQYF	0	3.33466720021342e-05	0	3.33466720021342e-05	1
CASSRDTRLTRYTF	0	3.33466720021342e-05	0	3.33466720021342e-05	1
CASSSAGGRTDTQYF	0	3.33466720021342e-05	0	3.33466720021342e-05	1
CASSSLAGGPRDEQFF	0	3.33466720021342e-05	0	3.33466720021342e-05	1
CASSSNTEAFF	0	3.33466720021342e-05	0	3.33466720021342e-05	1
CASSSSGGYEQYF	0	3.33466720021342e-05	0	3.33466720021342e-05	1
CASSVGLAAYEQYF	0	3.33466720021342e-05	0	3.33466720021342e-05	1
CASSVGVSSGSNRNEQFF	0	3.33466720021342e-05	0	3.33466720021342e-05	1
CASSVQEVSGCTF	0	3.33466720021342e-05	0	3.33466720021342e-05	1
CASSYSTHTGAADYGYTF	0	3.33466720021342e-05	0	3.33466720021342e-05	1
CASSYTPTGLYNEQFF	0	3.33466720021342e-05	0	3.33466720021342e-05	1
CASTLGGADTQYF	0	3.33466720021342e-05	0	3.33466720021342e-05	1
CASTPPANTGELFF	0	3.33466720021342e-05	2.26813944521309e-05	3.33466720021342e-05	2
CASTTGVGTEAFF	0	3.33466720021342e-05	0	3.33466720021342e-05	1
CATSRDRLGETQHF	0	3.33466720021342e-05	0	3.33466720021342e-05	1
CATSRRVHGAYEQFF	0	3.33466720021342e-05	0	3.33466720021342e-05	1
CATTTPEEDTQYF	0	3.33466720021342e-05	0	3.33466720021342e-05	1
CAWSEGQGTDTQYF	0	3.33466720021342e-05	0	3.33466720021342e-05	1
CAWSGGGYEQYF	1.20560364574542e-05	3.33466720021342e-05	0	3.33466720021342e-05	2
CAWSRQRARTEAFF	0	3.33466720021342e-05	0	3.33466720021342e-05	1
CAWSRTQGNQPQHF	0	3.33466720021342e-05	0	3.33466720021342e-05	1
CSARDDSRLASYEQYF	0	3.33466720021342e-05	0	3.33466720021342e-05	1
CSARDHRQGGKDTQYF	0	3.33466720021342e-05	0	3.33466720021342e-05	1
CSASPRQGEQYF	0	3.33466720021342e-05	0	3.33466720021342e-05	1
CSASRMWATDTQYF	0	3.33466720021342e-05	0	3.33466720021342e-05	1
CSASSLADLAKNIQYF	0	3.33466720021342e-05	2.26813944521309e-05	3.33466720021342e-05	2
CSASTPSTDTQYF	0	3.33466720021342e-05	0	3.33466720021342e-05	1
CSATRTSPYNEQFF	0	3.33466720021342e-05	0	3.33466720021342e-05	1
CSAVPMELAKNIQYF	0	3.33466720021342e-05	0	3.33466720021342e-05	1
CSVEVHNVVDYGYTF	0	3.33466720021342e-05	0	3.33466720021342e-05	1
CVSSPQGALHEQYF	0	3.33466720021342e-05	0	3.33466720021342e-05	1
CAGSGKPNTGELFF	2.41120729149085e-05	0	0	2.41120729149085e-05	1
CAHRQGKSTIYF	2.41120729149085e-05	0	0	2.41120729149085e-05	1
CAIRGGPLTDTQYF	2.41120729149085e-05	0	0	2.41120729149085e-05	1
CAISALAGANTDTQYF	2.41120729149085e-05	0	0	2.41120729149085e-05	1
CAISEDRTHEQYF	2.41120729149085e-05	0	0	2.41120729149085e-05	1
CAISESEAGGPAL	2.41120729149085e-05	0	0	2.41120729149085e-05	1
CAISESPSKGGWINIQYF	2.41120729149085e-05	0	0	2.41120729149085e-05	1
CAISVRLENEQFF	2.41120729149085e-05	0	0	2.41120729149085e-05	1
CAKYGEVSNQPQHF	2.41120729149085e-05	0	0	2.41120729149085e-05	1
CALRAPGSLYNSPLHF	2.41120729149085e-05	0	0	2.41120729149085e-05	1
CANQRIGGPEGRAFF	2.41120729149085e-05	0	0	2.41120729149085e-05	1
CANSQDRTSGIYEQYF	2.41120729149085e-05	0	0	2.41120729149085e-05	1
CANWVREEAKNIQYF	2.41120729149085e-05	1.66733360010671e-05	0	2.41120729149085e-05	2
CARGGMQETQYF	2.41120729149085e-05	0	0	2.41120729149085e-05	1
CASAGTGAFGYTF	2.41120729149085e-05	0	0	2.41120729149085e-05	1
CASCRGAGANVLTF	2.41120729149085e-05	0	0	2.41120729149085e-05	1
CASEGVSRDTQYF	2.41120729149085e-05	0	0	2.41120729149085e-05	1
CASELTSNQPQHF	2.41120729149085e-05	0	0	2.41120729149085e-05	1
CASGQGNTIYF	2.41120729149085e-05	0	0	2.41120729149085e-05	1
CASGQPPNPSYEQYF	2.41120729149085e-05	0	0	2.41120729149085e-05	1
CASGTFHSYEQYF	2.41120729149085e-05	0	0	2.41120729149085e-05	1
CASGVGGGKGTDTQYF	2.41120729149085e-05	0	0	2.41120729149085e-05	1
CASGVGGNTIYF	2.41120729149085e-05	0	0	2.41120729149085e-05	1
CASHRDRVFNEQFF	2.41120729149085e-05	0	0	2.41120729149085e-05	1
CASHRSTGGLLTQYF	2.41120729149085e-05	0	0	2.41120729149085e-05	1
CASIHREGNTIYF	2.41120729149085e-05	0	0	2.41120729149085e-05	1
CASISGTSYSPLHF	2.41120729149085e-05	0	0	2.41120729149085e-05	1
CASIWAGAWSGANVLTF	2.41120729149085e-05	0	0	2.41120729149085e-05	1
CASKAGPNTEAFF	2.41120729149085e-05	0	0	2.41120729149085e-05	1
CASKGVSPQPQHF	2.41120729149085e-05	0	0	2.41120729149085e-05	1
CASKLGSGANVLTF	2.41120729149085e-05	0	0	2.41120729149085e-05	1
CASKNFAIGYEQFF	2.41120729149085e-05	0	0	2.41120729149085e-05	1
CASKRGEGSNYGYTF	2.41120729149085e-05	0	0	2.41120729149085e-05	1
CASKRQGAEINYGYTF	2.41120729149085e-05	0	0	2.41120729149085e-05	1
CASKYRPSGNTIYF	2.41120729149085e-05	0	0	2.41120729149085e-05	1
CASLGLAGTSYEQYF	2.41120729149085e-05	0	0	2.41120729149085e-05	1
CASMSGLSPQHF	2.41120729149085e-05	0	0	2.41120729149085e-05	1
CASMSSPRVNHNEQFF	2.41120729149085e-05	0	0	2.41120729149085e-05	1
CASNELAERGETQYF	2.41120729149085e-05	0	2.26813944521309e-05	2.41120729149085e-05	2
CASNPPAGAQVF	2.41120729149085e-05	0	0	2.41120729149085e-05	1
CASNRDLNTGELFF	2.41120729149085e-05	0	0	2.41120729149085e-05	1
CASNSLAGAGELFF	2.41120729149085e-05	0	0	2.41120729149085e-05	1
CASRALGQGIVEQYF	2.41120729149085e-05	0	0	2.41120729149085e-05	1
CASRATGTKPQYF	2.41120729149085e-05	0	0	2.41120729149085e-05	1
CASREGTSGRETQYF	2.41120729149085e-05	0	0	2.41120729149085e-05	1
CASRERTRTDTQYF	2.41120729149085e-05	0	0	2.41120729149085e-05	1
CASRETGMHSGANVLTF	2.41120729149085e-05	0	0	2.41120729149085e-05	1
CASRFREVTGELFF	2.41120729149085e-05	0	0	2.41120729149085e-05	1
CASRGAGQPQHF	2.41120729149085e-05	0	0	2.41120729149085e-05	1
CASRGGLTIMNTEAFF	2.41120729149085e-05	0	0	2.41120729149085e-05	1
CASRGQGRGYEQYF	2.41120729149085e-05	0	0	2.41120729149085e-05	1
CASRGSGLAGDYNEQFF	2.41120729149085e-05	0	0	2.41120729149085e-05	1
CASRGSGRASSYEQYF	2.41120729149085e-05	0	0	2.41120729149085e-05	1
CASRHGTATNEKLFF	2.41120729149085e-05	0	0	2.41120729149085e-05	1
CASRITSGTYEQYF	2.41120729149085e-05	0	0	2.41120729149085e-05	1
CASRKRVGSYNEQFF	2.41120729149085e-05	0	0	2.41120729149085e-05	1
CASRKSWGADNQPQHF	2.41120729149085e-05	0	0	2.41120729149085e-05	1
CASRLPGGSLNEQFF	2.41120729149085e-05	0	0	2.41120729149085e-05	1
CASRNAGAYNEQFF	2.41120729149085e-05	0	0	2.41120729149085e-05	1
CASRNPPPGREYYTF	2.41120729149085e-05	0	0	2.41120729149085e-05	1
CASRNRGGGYTF	2.41120729149085e-05	0	0	2.41120729149085e-05	1
CASRPGEGGRQPQHF	2.41120729149085e-05	0	0	2.41120729149085e-05	1
CASRPSGSNGELFF	2.41120729149085e-05	0	0	2.41120729149085e-05	1
CASRQTGANQPQHF	2.41120729149085e-05	0	0	2.41120729149085e-05	1
CASRRDRTYSNQPQHF	2.41120729149085e-05	0	0	2.41120729149085e-05	1
CASRRDTLRTDTQYF	2.41120729149085e-05	0	0	2.41120729149085e-05	1
CASRRQGGGEKLFF	2.41120729149085e-05	0	0	2.41120729149085e-05	1
CASRRTGGHGYTF	2.41120729149085e-05	0	0	2.41120729149085e-05	1
CASRRTGLSYEQYF	2.41120729149085e-05	0	0	2.41120729149085e-05	1
CASRSPGQATYEQYF	2.41120729149085e-05	0	0	2.41120729149085e-05	1
CASRTGRVHNEQFF	2.41120729149085e-05	0	0	2.41120729149085e-05	1
CASRTRQDGSYNEQFF	2.41120729149085e-05	0	0	2.41120729149085e-05	1
CASRTSGRWNTDTQYF	2.41120729149085e-05	0	0	2.41120729149085e-05	1
CASRTTGELFF	2.41120729149085e-05	0	0	2.41120729149085e-05	1
CASRVSLGTEAFF	2.41120729149085e-05	0	0	2.41120729149085e-05	1
CASSAAARLGEAFF	2.41120729149085e-05	0	0	2.41120729149085e-05	1
CASSADRGLETQYF	2.41120729149085e-05	0	0	2.41120729149085e-05	1
CASSAEGLSNQPQHF	2.41120729149085e-05	0	0	2.41120729149085e-05	1
CASSAFLGGLTEAFF	2.41120729149085e-05	0	0	2.41120729149085e-05	1
CASSAGQLYGYTF	2.41120729149085e-05	0	0	2.41120729149085e-05	1
CASSAGTGAYEQYF	2.41120729149085e-05	0	0	2.41120729149085e-05	1
CASSANRARLDYGYTF	2.41120729149085e-05	0	0	2.41120729149085e-05	1
CASSASSGRYSGEQFF	2.41120729149085e-05	0	0	2.41120729149085e-05	1
CASSATLAGGADTQYF	2.41120729149085e-05	0	0	2.41120729149085e-05	1
CASSAYRKNTGELFF	2.41120729149085e-05	0	0	2.41120729149085e-05	1
CASSDGRGLNNEQFF	2.41120729149085e-05	0	0	2.41120729149085e-05	1
CASSDGTYHTDTQYF	2.41120729149085e-05	0	0	2.41120729149085e-05	1
CASSDLGGWYGYTF	2.41120729149085e-05	0	0	2.41120729149085e-05	1
CASSDPLGASGYTF	2.41120729149085e-05	0	0	2.41120729149085e-05	1
CASSEAISSTDTQYF	2.41120729149085e-05	0	0	2.41120729149085e-05	1
CASSEALPGTDTQYF	2.41120729149085e-05	0	0	2.41120729149085e-05	1
CASSEAWDHEQYF	2.41120729149085e-05	0	0	2.41120729149085e-05	1
CASSEFHNEQFF	2.41120729149085e-05	0	0	2.41120729149085e-05	1
CASSEFSSGVSYNEQFF	2.41120729149085e-05	0	0	2.41120729149085e-05	1
CASSEGEPSSGNTIYF	2.41120729149085e-05	0	0	2.41120729149085e-05	1
CASSEGSGSRKQFF	2.41120729149085e-05	0	0	2.41120729149085e-05	1
CASSEMGVAEQFF	2.41120729149085e-05	0	0	2.41120729149085e-05	1
CASSEQSGTPVLTF	2.41120729149085e-05	0	0	2.41120729149085e-05	1
CASSESHSYNSPLHF	2.41120729149085e-05	0	0	2.41120729149085e-05	1
CASSESPSSYNEQFF	2.41120729149085e-05	0	0	2.41120729149085e-05	1
CASSESVPVTFAETQYF	2.41120729149085e-05	0	0	2.41120729149085e-05	1
CASSETSGERTQYF	2.41120729149085e-05	0	0	2.41120729149085e-05	1
CASSETSGRAWEQYF	2.41120729149085e-05	0	0	2.41120729149085e-05	1
CASSEVFQSYEQYF	2.41120729149085e-05	0	0	2.41120729149085e-05	1
CASSEVLRQSYGYTF	2.41120729149085e-05	0	0	2.41120729149085e-05	1
CASSEYRTGSTDTQYF	2.41120729149085e-05	0	0	2.41120729149085e-05	1
CASSFAGDGQFF	2.41120729149085e-05	0	0	2.41120729149085e-05	1
CASSFDLSYEQYF	2.41120729149085e-05	0	0	2.41120729149085e-05	1
CASSFFWVAAYEQYF	2.41120729149085e-05	0	0	2.41120729149085e-05	1
CASSFGAVGAQYF	2.41120729149085e-05	0	0	2.41120729149085e-05	1
CASSFGDVHEQYF	2.41120729149085e-05	0	0	2.41120729149085e-05	1
CASSFGGGHQPQHF	2.41120729149085e-05	0	0	2.41120729149085e-05	1
CASSFGLADSYEQYF	2.41120729149085e-05	0	0	2.41120729149085e-05	1
CASSFGQGENAEAFF	2.41120729149085e-05	0	0	2.41120729149085e-05	1
CASSFGQGTEQYF	2.41120729149085e-05	0	0	2.41120729149085e-05	1
CASSFGSQETQYF	2.41120729149085e-05	0	0	2.41120729149085e-05	1
CASSFGSYTEAFF	2.41120729149085e-05	0	0	2.41120729149085e-05	1
CASSFGYSGANVLTF	2.41120729149085e-05	0	0	2.41120729149085e-05	1
CASSFHNSEAFF	2.41120729149085e-05	0	0	2.41120729149085e-05	1
CASSFIGAPPGTDTQYF	2.41120729149085e-05	0	0	2.41120729149085e-05	1
CASSFLPGEGEQYF	2.41120729149085e-05	0	0	2.41120729149085e-05	1
CASSFPGLRDTQYF	2.41120729149085e-05	0	0	2.41120729149085e-05	1
CASSFQRESSYEQYF	2.41120729149085e-05	0	0	2.41120729149085e-05	1
CASSFREYEQYF	2.41120729149085e-05	0	0	2.41120729149085e-05	1
CASSFRGNNSPLHF	2.41120729149085e-05	0	0	2.41120729149085e-05	1
CASSFRLASSTDTQYF	2.41120729149085e-05	0	0	2.41120729149085e-05	1
CASSFRSGSRGGTDTQYF	2.41120729149085e-05	0	0	2.41120729149085e-05	1
CASSFRTEAFF	2.41120729149085e-05	0	0	2.41120729149085e-05	1
CASSFRTGGGPDTQYF	2.41120729149085e-05	0	0	2.41120729149085e-05	1
CASSFWSPGANVLTF	2.41120729149085e-05	0	0	2.41120729149085e-05	1
CASSGGRITDTQYF	2.41120729149085e-05	0	0	2.41120729149085e-05	1
CASSGHLMGETQYF	2.41120729149085e-05	0	0	2.41120729149085e-05	1
CASSGHWGQGYGYTF	2.41120729149085e-05	0	0	2.41120729149085e-05	1
CASSGRLAGRDTQYF	2.41120729149085e-05	0	0	2.41120729149085e-05	1
CASSGRPRLAEEFTDTQYF	2.41120729149085e-05	0	0	2.41120729149085e-05	1
CASSGSTSGSYNEQFF	2.41120729149085e-05	0	0	2.41120729149085e-05	1
CASSGTLSSYNSPLHF	2.41120729149085e-05	0	0	2.41120729149085e-05	1
CASSGTSGRVYYNEQFF	2.41120729149085e-05	0	0	2.41120729149085e-05	1
CASSHNFGTTYEQYF	2.41120729149085e-05	0	0	2.41120729149085e-05	1
CASSHRDRHFTEAFF	2.41120729149085e-05	0	0	2.41120729149085e-05	1
CASSHREVSQPQHF	2.41120729149085e-05	0	0	2.41120729149085e-05	1
CASSHVTGTAYYEQYF	2.41120729149085e-05	0	0	2.41120729149085e-05	1
CASSIAGVVLGYGYTF	2.41120729149085e-05	0	0	2.41120729149085e-05	1
CASSIDYHSDSGNTIYF	2.41120729149085e-05	0	0	2.41120729149085e-05	1
CASSIGGSYSNQPQHF	2.41120729149085e-05	0	0	2.41120729149085e-05	1
CASSILWQPQNIQYF	2.41120729149085e-05	0	0	2.41120729149085e-05	1
CASSIRLAGRGNEQFF	2.41120729149085e-05	0	0	2.41120729149085e-05	1
CASSIRPSGRGNTQYF	2.41120729149085e-05	0	1.13406972260655e-05	2.41120729149085e-05	2
CASSIRTASNQPQHF	2.41120729149085e-05	0	0	2.41120729149085e-05	1
CASSISVWSNQPQHF	2.41120729149085e-05	0	0	2.41120729149085e-05	1
CASSITDTNTEAFF	2.41120729149085e-05	0	0	2.41120729149085e-05	1
CASSITGNQPQHF	2.41120729149085e-05	0	0	2.41120729149085e-05	1
CASSKEGVAGNEQFF	2.41120729149085e-05	0	0	2.41120729149085e-05	1
CASSKGYLLDSPLHF	2.41120729149085e-05	0	2.26813944521309e-05	2.41120729149085e-05	2
CASSKRGPGGNQPQHF	2.41120729149085e-05	0	0	2.41120729149085e-05	1
CASSKVGGTEAFF	2.41120729149085e-05	0	0	2.41120729149085e-05	1
CASSLAGGTYNEQFF	2.41120729149085e-05	0	1.13406972260655e-05	2.41120729149085e-05	2
CASSLAGTRLYAANVLTF	2.41120729149085e-05	0	0	2.41120729149085e-05	1
CASSLAGYNEQFF	2.41120729149085e-05	0	0	2.41120729149085e-05	1
CASSLALSRSSYNEQFF	2.41120729149085e-05	0	0	2.41120729149085e-05	1
CASSLAPGFGEKLFF	2.41120729149085e-05	0	0	2.41120729149085e-05	1
CASSLAPGGASYNEQFF	2.41120729149085e-05	0	1.13406972260655e-05	2.41120729149085e-05	2
CASSLAQGLAGSTGELFF	2.41120729149085e-05	0	0	2.41120729149085e-05	1
CASSLASGIRETQYF	2.41120729149085e-05	0	0	2.41120729149085e-05	1
CASSLAWGGTVTEELFF	2.41120729149085e-05	0	0	2.41120729149085e-05	1
CASSLAWSRNNSPLHF	2.41120729149085e-05	0	0	2.41120729149085e-05	1
CASSLCRREGEQYF	2.41120729149085e-05	0	0	2.41120729149085e-05	1
CASSLDHQENYGYTF	2.41120729149085e-05	0	0	2.41120729149085e-05	1
CASSLDPNPLETQYF	2.41120729149085e-05	0	0	2.41120729149085e-05	1
CASSLDRAGARQYF	2.41120729149085e-05	0	0	2.41120729149085e-05	1
CASSLDRVFGGYTF	2.41120729149085e-05	0	0	2.41120729149085e-05	1
CASSLDTTSGSYEQYF	2.41120729149085e-05	0	0	2.41120729149085e-05	1
CASSLEGAAGNQPQHF	2.41120729149085e-05	0	0	2.41120729149085e-05	1
CASSLEGGHRRYTF	2.41120729149085e-05	0	0	2.41120729149085e-05	1
CASSLEGGTGNTIYF	2.41120729149085e-05	0	0	2.41120729149085e-05	1
CASSLEGTDTQYF	2.41120729149085e-05	0	1.13406972260655e-05	2.41120729149085e-05	2
CASSLEKGSGYNEQFF	2.41120729149085e-05	0	0	2.41120729149085e-05	1
CASSLFQGGKGEQFF	2.41120729149085e-05	0	0	2.41120729149085e-05	1
CASSLGAAETQYF	2.41120729149085e-05	0	0	2.41120729149085e-05	1
CASSLGASLGGEIQYF	2.41120729149085e-05	0	0	2.41120729149085e-05	1
CASSLGEGGGETQYF	2.41120729149085e-05	0	0	2.41120729149085e-05	1
CASSLGETGEQYF	2.41120729149085e-05	0	0	2.41120729149085e-05	1
CASSLGGLNTGELFF	2.41120729149085e-05	0	1.13406972260655e-05	2.41120729149085e-05	2
CASSLGGNMGTDTQYF	2.41120729149085e-05	0	0	2.41120729149085e-05	1
CASSLGGNTEAFF	2.41120729149085e-05	0	0	2.41120729149085e-05	1
CASSLGGQPQHF	2.41120729149085e-05	0	0	2.41120729149085e-05	1
CASSLGGSRGYNEQFF	2.41120729149085e-05	0	0	2.41120729149085e-05	1
CASSLGGSSNYEQYF	2.41120729149085e-05	0	0	2.41120729149085e-05	1
CASSLGGSYEQYF	2.41120729149085e-05	0	0	2.41120729149085e-05	1
CASSLGLGYYEQYF	2.41120729149085e-05	0	0	2.41120729149085e-05	1
CASSLGPGGSYEQYF	2.41120729149085e-05	0	2.26813944521309e-05	2.41120729149085e-05	2
CASSLGPHEDTQYF	2.41120729149085e-05	0	0	2.41120729149085e-05	1
CASSLGQSGYTF	2.41120729149085e-05	0	0	2.41120729149085e-05	1
CASSLGRGRGLTEAFF	2.41120729149085e-05	0	0	2.41120729149085e-05	1
CASSLGRLAGGNEQYF	2.41120729149085e-05	0	0	2.41120729149085e-05	1
CASSLGRMSVTDTQYF	2.41120729149085e-05	0	0	2.41120729149085e-05	1
CASSLGTGAKQFF	2.41120729149085e-05	0	0	2.41120729149085e-05	1
CASSLGTSGRNEQFF	2.41120729149085e-05	0	0	2.41120729149085e-05	1
CASSLGTSGYNEQFF	2.41120729149085e-05	0	1.13406972260655e-05	2.41120729149085e-05	2
CASSLGTVRSTGELFF	2.41120729149085e-05	0	0	2.41120729149085e-05	1
CASSLIAGGWGEQFF	2.41120729149085e-05	0	0	2.41120729149085e-05	1
CASSLIQGSNEKLFF	2.41120729149085e-05	0	0	2.41120729149085e-05	1
CASSLIRGIEAFF	2.41120729149085e-05	0	0	2.41120729149085e-05	1
CASSLKGEQYF	2.41120729149085e-05	0	0	2.41120729149085e-05	1
CASSLKHGRTDTQYF	2.41120729149085e-05	0	0	2.41120729149085e-05	1
CASSLLAGADTQYF	2.41120729149085e-05	0	0	2.41120729149085e-05	1
CASSLLAGPYGYTF	2.41120729149085e-05	0	0	2.41120729149085e-05	1
CASSLLAGVYNEQFF	2.41120729149085e-05	0	0	2.41120729149085e-05	1
CASSLLHVGEQYF	2.41120729149085e-05	0	0	2.41120729149085e-05	1
CASSLLTGGYQPQHF	2.41120729149085e-05	0	0	2.41120729149085e-05	1
CASSLNAGASTDTQYF	2.41120729149085e-05	0	0	2.41120729149085e-05	1
CASSLNALGTSGEQYF	2.41120729149085e-05	0	0	2.41120729149085e-05	1
CASSLPGTSTYNEQFF	2.41120729149085e-05	0	2.26813944521309e-05	2.41120729149085e-05	2
CASSLPQLGGTEAFF	2.41120729149085e-05	0	0	2.41120729149085e-05	1
CASSLPQQQGDSPLHF	2.41120729149085e-05	0	0	2.41120729149085e-05	1
CASSLQASYGYTF	2.41120729149085e-05	0	0	2.41120729149085e-05	1
CASSLQNSNQPQHF	2.41120729149085e-05	0	0	2.41120729149085e-05	1
CASSLRAGGGYEQYF	2.41120729149085e-05	0	0	2.41120729149085e-05	1
CASSLRAGGPLGQFF	2.41120729149085e-05	0	0	2.41120729149085e-05	1
CASSLRARPSGIYNEQFF	2.41120729149085e-05	0	0	2.41120729149085e-05	1
CASSLRFIKGSGNTIYF	2.41120729149085e-05	0	0	2.41120729149085e-05	1
CASSLRGDRATPYEQYF	2.41120729149085e-05	0	0	2.41120729149085e-05	1
CASSLRGEGTDTQYF	2.41120729149085e-05	0	0	2.41120729149085e-05	1
CASSLRGNEQFF	2.41120729149085e-05	0	0	2.41120729149085e-05	1
CASSLRGTYEQYF	2.41120729149085e-05	0	0	2.41120729149085e-05	1
CASSLRLNQETQYF	2.41120729149085e-05	0	0	2.41120729149085e-05	1
CASSLRTGPTEAFF	2.41120729149085e-05	0	0	2.41120729149085e-05	1
CASSLSAGKVDTQYF	2.41120729149085e-05	0	0	2.41120729149085e-05	1
CASSLSALTGRGSTDTQYF	2.41120729149085e-05	0	0	2.41120729149085e-05	1
CASSLSGDTQYF	2.41120729149085e-05	0	0	2.41120729149085e-05	1
CASSLSGGPYEQYF	2.41120729149085e-05	0	0	2.41120729149085e-05	1
CASSLSGRANIQYF	2.41120729149085e-05	0	0	2.41120729149085e-05	1
CASSLSITSGELFF	2.41120729149085e-05	0	0	2.41120729149085e-05	1
CASSLSIVGIATRFPGELFF	2.41120729149085e-05	0	0	2.41120729149085e-05	1
CASSLSPNQPQHF	2.41120729149085e-05	0	0	2.41120729149085e-05	1
CASSLSPTSGTYEQYF	2.41120729149085e-05	0	0	2.41120729149085e-05	1
CASSLSRAGRDEQFF	2.41120729149085e-05	0	0	2.41120729149085e-05	1
CASSLSSTGELFF	2.41120729149085e-05	0	0	2.41120729149085e-05	1
CASSLSTGDSSYNEQFF	2.41120729149085e-05	0	0	2.41120729149085e-05	1
CASSLSVSSYNSPLHF	2.41120729149085e-05	0	0	2.41120729149085e-05	1
CASSLTAGSRREQYF	2.41120729149085e-05	0	0	2.41120729149085e-05	1
CASSLTDTQYF	2.41120729149085e-05	0	0	2.41120729149085e-05	1
CASSLTGNTEAFF	2.41120729149085e-05	0	0	2.41120729149085e-05	1
CASSLTPPRLASTGELFF	2.41120729149085e-05	0	0	2.41120729149085e-05	1
CASSLTTTLSNQPQHF	2.41120729149085e-05	0	0	2.41120729149085e-05	1
CASSLVAYEQYF	2.41120729149085e-05	0	0	2.41120729149085e-05	1
CASSLVGGNSYEQYF	2.41120729149085e-05	0	0	2.41120729149085e-05	1
CASSLVLRGRTGELFF	2.41120729149085e-05	0	0	2.41120729149085e-05	1
CASSLVQGVWTDTQYF	2.41120729149085e-05	0	0	2.41120729149085e-05	1
CASSLVRGETQYF	2.41120729149085e-05	0	0	2.41120729149085e-05	1
CASSLVSALPYF	2.41120729149085e-05	0	0	2.41120729149085e-05	1
CASSLVWWVSAPSYNEQFF	2.41120729149085e-05	0	0	2.41120729149085e-05	1
CASSLWGYSTNEKLFF	2.41120729149085e-05	0	0	2.41120729149085e-05	1
CASSLWPGWDYNEQFF	2.41120729149085e-05	0	0	2.41120729149085e-05	1
CASSLWRAGSYEQYF	2.41120729149085e-05	0	0	2.41120729149085e-05	1
CASSLWREGYNEQFF	2.41120729149085e-05	0	0	2.41120729149085e-05	1
CASSLYAGADTQYF	2.41120729149085e-05	0	0	2.41120729149085e-05	1
CASSLYVRGRGSYNEQFF	2.41120729149085e-05	0	0	2.41120729149085e-05	1
CASSMPHRWENIQYF	2.41120729149085e-05	0	1.13406972260655e-05	2.41120729149085e-05	2
CASSNPRDRPNWIEQFF	2.41120729149085e-05	0	0	2.41120729149085e-05	1
CASSNWYEQFF	2.41120729149085e-05	0	0	2.41120729149085e-05	1
CASSPAAGTDNTEAFF	2.41120729149085e-05	0	0	2.41120729149085e-05	1
CASSPAVGSRRTDTQYF	2.41120729149085e-05	0	0	2.41120729149085e-05	1
CASSPDLNKSPLHF	2.41120729149085e-05	0	0	2.41120729149085e-05	1
CASSPGGFSDTQYF	2.41120729149085e-05	0	0	2.41120729149085e-05	1
CASSPGGTSRTDTQYF	2.41120729149085e-05	0	0	2.41120729149085e-05	1
CASSPGLAGDEQFF	2.41120729149085e-05	0	0	2.41120729149085e-05	1
CASSPGLGFYEQYF	2.41120729149085e-05	0	0	2.41120729149085e-05	1
CASSPGLLSEYF	2.41120729149085e-05	0	0	2.41120729149085e-05	1
CASSPGQGIFTDTQYF	2.41120729149085e-05	0	0	2.41120729149085e-05	1
CASSPGQVYGYTF	2.41120729149085e-05	0	0	2.41120729149085e-05	1
CASSPGRNEQFF	2.41120729149085e-05	0	0	2.41120729149085e-05	1
CASSPGTSGNTGELFF	2.41120729149085e-05	0	2.26813944521309e-05	2.41120729149085e-05	2
CASSPIGPYEQYF	2.41120729149085e-05	0	0	2.41120729149085e-05	1
CASSPIMGPTDTQYF	2.41120729149085e-05	0	0	2.41120729149085e-05	1
CASSPIQGYNEQFF	2.41120729149085e-05	0	0	2.41120729149085e-05	1
CASSPIWDRGETQYF	2.41120729149085e-05	0	0	2.41120729149085e-05	1
CASSPLAGAGTDTQYF	2.41120729149085e-05	0	0	2.41120729149085e-05	1
CASSPLSGRASYEQYF	2.41120729149085e-05	0	0	2.41120729149085e-05	1
CASSPLSTDTQYF	2.41120729149085e-05	0	2.26813944521309e-05	2.41120729149085e-05	2
CASSPQGAGAEQYF	2.41120729149085e-05	0	0	2.41120729149085e-05	1
CASSPQSGSVTDTQYF	2.41120729149085e-05	0	0	2.41120729149085e-05	1
CASSPRAGGTSYNEQFF	2.41120729149085e-05	0	0	2.41120729149085e-05	1
CASSPRGNTDTQYF	2.41120729149085e-05	0	0	2.41120729149085e-05	1
CASSPRVGLAGYNEQFF	2.41120729149085e-05	0	0	2.41120729149085e-05	1
CASSPSGGELFF	2.41120729149085e-05	0	0	2.41120729149085e-05	1
CASSPSPENSPLHF	2.41120729149085e-05	0	0	2.41120729149085e-05	1
CASSPSPGISTDTQYF	2.41120729149085e-05	0	0	2.41120729149085e-05	1
CASSPSRLAGTDTQYF	2.41120729149085e-05	0	0	2.41120729149085e-05	1
CASSPTASEQFF	2.41120729149085e-05	0	0	2.41120729149085e-05	1
CASSPTATGSGTGELFF	2.41120729149085e-05	0	0	2.41120729149085e-05	1
CASSPTDRLNTEAFF	2.41120729149085e-05	0	0	2.41120729149085e-05	1
CASSPTLNTEAFF	2.41120729149085e-05	0	0	2.41120729149085e-05	1
CASSPTPWGVDEQYF	2.41120729149085e-05	0	0	2.41120729149085e-05	1
CASSPWTGATEAFF	2.41120729149085e-05	0	0	2.41120729149085e-05	1
CASSQAGTALYTF	2.41120729149085e-05	0	0	2.41120729149085e-05	1
CASSQAPFTGEGTDTQYF	2.41120729149085e-05	0	0	2.41120729149085e-05	1
CASSQDGNHFF	2.41120729149085e-05	0	0	2.41120729149085e-05	1
CASSQDGTLNQPQHF	2.41120729149085e-05	0	0	2.41120729149085e-05	1
CASSQDPIRTRSSGNTIYF	2.41120729149085e-05	0	0	2.41120729149085e-05	1
CASSQDPMDRAYTDTQYF	2.41120729149085e-05	0	2.26813944521309e-05	2.41120729149085e-05	2
CASSQDRDSGNIIYF	2.41120729149085e-05	0	0	2.41120729149085e-05	1
CASSQDYAPTDTQYF	2.41120729149085e-05	0	0	2.41120729149085e-05	1
CASSQGGLQETQYF	2.41120729149085e-05	0	0	2.41120729149085e-05	1
CASSQGPERVEQYF	2.41120729149085e-05	0	0	2.41120729149085e-05	1
CASSQGSQGARGVLNIQYF	2.41120729149085e-05	0	0	2.41120729149085e-05	1
CASSQIANEQFF	2.41120729149085e-05	0	0	2.41120729149085e-05	1
CASSQIPSGSRGEQFF	2.41120729149085e-05	0	0	2.41120729149085e-05	1
CASSQLGANYGYTF	2.41120729149085e-05	0	0	2.41120729149085e-05	1
CASSQLGFQDTDTQYF	2.41120729149085e-05	0	0	2.41120729149085e-05	1
CASSQLQGREQYF	2.41120729149085e-05	0	0	2.41120729149085e-05	1
CASSQREGQTDTQYF	2.41120729149085e-05	0	0	2.41120729149085e-05	1
CASSQRGNRETYEQYF	2.41120729149085e-05	0	0	2.41120729149085e-05	1
CASSQRPGLAGFSPYNEQFF	2.41120729149085e-05	0	0	2.41120729149085e-05	1
CASSQRSNYGYTF	2.41120729149085e-05	0	0	2.41120729149085e-05	1
CASSQVGLAGRTDTQYF	2.41120729149085e-05	0	0	2.41120729149085e-05	1
CASSQVGLASYEQYF	2.41120729149085e-05	0	0	2.41120729149085e-05	1
CASSQVMYSGNEQFF	2.41120729149085e-05	0	0	2.41120729149085e-05	1
CASSQVRDRRQYEQYF	2.41120729149085e-05	0	0	2.41120729149085e-05	1
CASSQYSVNQPQHF	2.41120729149085e-05	0	0	2.41120729149085e-05	1
CASSRAWAKGEQYF	2.41120729149085e-05	0	0	2.41120729149085e-05	1
CASSRDRDYGYTF	2.41120729149085e-05	0	0	2.41120729149085e-05	1
CASSRETGLKGGYTF	2.41120729149085e-05	0	0	2.41120729149085e-05	1
CASSRIWTSGSTDTQYF	2.41120729149085e-05	0	0	2.41120729149085e-05	1
CASSRLGEGRYEQYF	2.41120729149085e-05	0	0	2.41120729149085e-05	1
CASSRNRATNEKLFF	2.41120729149085e-05	0	0	2.41120729149085e-05	1
CASSRPIAGLDTGELFF	2.41120729149085e-05	0	0	2.41120729149085e-05	1
CASSRRWSSYEQYF	2.41120729149085e-05	0	0	2.41120729149085e-05	1
CASSRTGLTDTQYF	2.41120729149085e-05	0	0	2.41120729149085e-05	1
CASSRTRRGELFF	2.41120729149085e-05	0	0	2.41120729149085e-05	1
CASSRTVLYEQYF	2.41120729149085e-05	0	0	2.41120729149085e-05	1
CASSSADLQETQYF	2.41120729149085e-05	0	0	2.41120729149085e-05	1
CASSSADYNEQFF	2.41120729149085e-05	0	0	2.41120729149085e-05	1
CASSSAPRDNEQFF	2.41120729149085e-05	0	0	2.41120729149085e-05	1
CASSSFPRAPRGETQYF	2.41120729149085e-05	0	0	2.41120729149085e-05	1
CASSSGLAVFEQYF	2.41120729149085e-05	0	0	2.41120729149085e-05	1
CASSSGQARGQETQYF	2.41120729149085e-05	0	0	2.41120729149085e-05	1
CASSSGQGAVDTQYF	2.41120729149085e-05	0	0	2.41120729149085e-05	1
CASSSGTFSTDTQYF	2.41120729149085e-05	0	0	2.41120729149085e-05	1
CASSSGTGGYEQFF	2.41120729149085e-05	0	0	2.41120729149085e-05	1
CASSSKAGGRGSYNEQFF	2.41120729149085e-05	0	0	2.41120729149085e-05	1
CASSSLKTQYF	2.41120729149085e-05	0	0	2.41120729149085e-05	1
CASSSPGTASNYGYTF	2.41120729149085e-05	0	0	2.41120729149085e-05	1
CASSSPGTVTEAFF	2.41120729149085e-05	0	0	2.41120729149085e-05	1
CASSSPPNTEAFF	2.41120729149085e-05	0	0	2.41120729149085e-05	1
CASSSRLAHTGELFF	2.41120729149085e-05	0	0	2.41120729149085e-05	1
CASSSRRDSSYEQYF	2.41120729149085e-05	0	0	2.41120729149085e-05	1
CASSSRTSGKWSDTQYF	2.41120729149085e-05	0	0	2.41120729149085e-05	1
CASSSSLGGANVLTF	2.41120729149085e-05	0	0	2.41120729149085e-05	1
CASSSSPIAGGTQYF	2.41120729149085e-05	0	0	2.41120729149085e-05	1
CASSSSQGYYGYTF	2.41120729149085e-05	0	0	2.41120729149085e-05	1
CASSSSRNTEAFF	2.41120729149085e-05	0	0	2.41120729149085e-05	1
CASSSSSGKRNEQFF	2.41120729149085e-05	0	0	2.41120729149085e-05	1
CASSSTGVGTEAFF	2.41120729149085e-05	0	0	2.41120729149085e-05	1
CASSSTSGRYEQYF	2.41120729149085e-05	0	0	2.41120729149085e-05	1
CASSTAGAGRYTGELFF	2.41120729149085e-05	0	0	2.41120729149085e-05	1
CASSTGIGTEAFF	2.41120729149085e-05	0	0	2.41120729149085e-05	1
CASSTGLQGSTDTQYF	2.41120729149085e-05	0	0	2.41120729149085e-05	1
CASSTGQGVSEAFF	2.41120729149085e-05	0	0	2.41120729149085e-05	1
CASSTGVRFEGEQFF	2.41120729149085e-05	0	0	2.41120729149085e-05	1
CASSTILTGDGNTIYF	2.41120729149085e-05	0	0	2.41120729149085e-05	1
CASSTLGAGRGEQFF	2.41120729149085e-05	0	0	2.41120729149085e-05	1
CASSTPRTGRRSPLHF	2.41120729149085e-05	0	0	2.41120729149085e-05	1
CASSTQSGGYTF	2.41120729149085e-05	0	0	2.41120729149085e-05	1
CASSTRDRYEQFF	2.41120729149085e-05	0	0	2.41120729149085e-05	1
CASSTREFGELFF	2.41120729149085e-05	0	0	2.41120729149085e-05	1
CASSTRQGANTQYF	2.41120729149085e-05	1.66733360010671e-05	2.26813944521309e-05	2.41120729149085e-05	3
CASSTRRISYNEQFF	2.41120729149085e-05	0	0	2.41120729149085e-05	1
CASSVAATSGEQFF	2.41120729149085e-05	0	0	2.41120729149085e-05	1
CASSVALLGGGETQYF	2.41120729149085e-05	0	0	2.41120729149085e-05	1
CASSVAQGTDTQYF	2.41120729149085e-05	0	1.13406972260655e-05	2.41120729149085e-05	2
CASSVATGRYEQYF	2.41120729149085e-05	0	0	2.41120729149085e-05	1
CASSVDRDKINQPQHF	2.41120729149085e-05	0	0	2.41120729149085e-05	1
CASSVDSGQPQHF	2.41120729149085e-05	0	0	2.41120729149085e-05	1
CASSVEGLAVEPRHYTQYF	2.41120729149085e-05	0	0	2.41120729149085e-05	1
CASSVEVGPYEQYF	2.41120729149085e-05	0	0	2.41120729149085e-05	1
CASSVGANEQFF	2.41120729149085e-05	0	0	2.41120729149085e-05	1
CASSVGQGQETQYF	2.41120729149085e-05	0	0	2.41120729149085e-05	1
CASSVGSGSSNQPQHF	2.41120729149085e-05	0	0	2.41120729149085e-05	1
CASSVGTGELFF	2.41120729149085e-05	0	0	2.41120729149085e-05	1
CASSVGTSGTQYF	2.41120729149085e-05	0	0	2.41120729149085e-05	1
CASSVLGREARNEQYF	2.41120729149085e-05	0	0	2.41120729149085e-05	1
CASSVLNTGELFF	2.41120729149085e-05	0	0	2.41120729149085e-05	1
CASSVRATRGVNTEAFF	2.41120729149085e-05	0	0	2.41120729149085e-05	1
CASSVRGTIYF	2.41120729149085e-05	0	0	2.41120729149085e-05	1
CASSVSSGSYEQFF	2.41120729149085e-05	0	0	2.41120729149085e-05	1
CASSVTGRDQPQHF	2.41120729149085e-05	0	0	2.41120729149085e-05	1
CASSVTSGIAGGEQFF	2.41120729149085e-05	0	0	2.41120729149085e-05	1
CASSVVPGDSYNEQFF	2.41120729149085e-05	0	0	2.41120729149085e-05	1
CASSVVPSGDLEETQYF	2.41120729149085e-05	0	0	2.41120729149085e-05	1
CASSVVPVGSGYTF	2.41120729149085e-05	0	0	2.41120729149085e-05	1
CASSVVSGRAYEQFF	2.41120729149085e-05	0	0	2.41120729149085e-05	1
CASSVYPSGTKETQYF	2.41120729149085e-05	0	0	2.41120729149085e-05	1
CASSWDGSGANVLTF	2.41120729149085e-05	0	0	2.41120729149085e-05	1
CASSWGLAGGSTYNEQFF	2.41120729149085e-05	0	0	2.41120729149085e-05	1
CASSWRDGFLFEQYF	2.41120729149085e-05	0	0	2.41120729149085e-05	1
CASSYGAAYEQYF	2.41120729149085e-05	0	0	2.41120729149085e-05	1
CASSYGGGVGANVLTF	2.41120729149085e-05	0	0	2.41120729149085e-05	1
CASSYGLAGGLDTQYF	2.41120729149085e-05	0	0	2.41120729149085e-05	1
CASSYGLAGNTDTQYF	2.41120729149085e-05	0	0	2.41120729149085e-05	1
CASSYGSTGETQYF	2.41120729149085e-05	0	0	2.41120729149085e-05	1
CASSYGTPHTQYF	2.41120729149085e-05	0	0	2.41120729149085e-05	1
CASSYKAGSYEQYF	2.41120729149085e-05	0	0	2.41120729149085e-05	1
CASSYLAGVNEQYF	2.41120729149085e-05	0	0	2.41120729149085e-05	1
CASSYLGGEQYF	2.41120729149085e-05	0	0	2.41120729149085e-05	1
CASSYPPGTGDVLTF	2.41120729149085e-05	0	0	2.41120729149085e-05	1
CASSYPRGSRGKDTQYF	2.41120729149085e-05	0	0	2.41120729149085e-05	1
CASSYQRDFYTGELFF	2.41120729149085e-05	0	0	2.41120729149085e-05	1
CASSYRALVAYEQYF	2.41120729149085e-05	0	0	2.41120729149085e-05	1
CASSYRGQGTYEQYF	2.41120729149085e-05	0	0	2.41120729149085e-05	1
CASSYRPGQGHGYTF	2.41120729149085e-05	0	0	2.41120729149085e-05	1
CASSYSGGGGPYNEQFF	2.41120729149085e-05	0	0	2.41120729149085e-05	1
CASSYSGRLASDTQYF	2.41120729149085e-05	0	0	2.41120729149085e-05	1
CASSYSGSGNTIYF	2.41120729149085e-05	0	0	2.41120729149085e-05	1
CASSYSIARARNTEAFF	2.41120729149085e-05	0	0	2.41120729149085e-05	1
CASSYSRGPNSPLHF	2.41120729149085e-05	0	0	2.41120729149085e-05	1
CASSYSTGEQYF	2.41120729149085e-05	0	0	2.41120729149085e-05	1
CASSYSTGRTGNIQYF	2.41120729149085e-05	0	0	2.41120729149085e-05	1
CASSYSWTVSYEQYF	2.41120729149085e-05	0	0	2.41120729149085e-05	1
CASSYVFPDRSLFYNSPLHF	2.41120729149085e-05	0	0	2.41120729149085e-05	1
CASSYVSGDSNEQFF	2.41120729149085e-05	0	0	2.41120729149085e-05	1
CASSYYAGDEQYF	2.41120729149085e-05	0	0	2.41120729149085e-05	1
CASTAGPSYNEQFF	2.41120729149085e-05	0	0	2.41120729149085e-05	1
CASTGDRVSRTEAFF	2.41120729149085e-05	0	0	2.41120729149085e-05	1
CASTGPDSNQPQHF	2.41120729149085e-05	0	0	2.41120729149085e-05	1
CASTGTSGNRNEQFF	2.41120729149085e-05	0	0	2.41120729149085e-05	1
CASTKEDTQYF	2.41120729149085e-05	0	0	2.41120729149085e-05	1
CASTKRQALGYGYTF	2.41120729149085e-05	0	0	2.41120729149085e-05	1
CASTKTFLPGLAVYEQYF	2.41120729149085e-05	0	0	2.41120729149085e-05	1
CASTLRGNTDTQYF	2.41120729149085e-05	0	0	2.41120729149085e-05	1
CASTPSGIAKNIQYF	2.41120729149085e-05	0	0	2.41120729149085e-05	1
CASTRLAGISGANVLTF	2.41120729149085e-05	0	0	2.41120729149085e-05	1
CASTSESYEQYF	2.41120729149085e-05	0	0	2.41120729149085e-05	1
CASTSGSYEQYF	2.41120729149085e-05	0	0	2.41120729149085e-05	1
CASTSVMGAVSNQPQHF	2.41120729149085e-05	0	0	2.41120729149085e-05	1
CASTTSDNTGELFF	2.41120729149085e-05	0	0	2.41120729149085e-05	1
CATARTSGSNEQFF	2.41120729149085e-05	0	0	2.41120729149085e-05	1
CATKGEGTQYF	2.41120729149085e-05	0	0	2.41120729149085e-05	1
CATRESRPGNTIYF	2.41120729149085e-05	0	0	2.41120729149085e-05	1
CATRTGLEQYF	2.41120729149085e-05	0	0	2.41120729149085e-05	1
CATSDFGRRTGELFF	2.41120729149085e-05	0	0	2.41120729149085e-05	1
CATSDGETQYF	2.41120729149085e-05	0	0	2.41120729149085e-05	1
CATSDPTSGSHSYNEQFF	2.41120729149085e-05	0	0	2.41120729149085e-05	1
CATSDWDTGELFF	2.41120729149085e-05	0	0	2.41120729149085e-05	1
CATSETPGQGSGANVLTF	2.41120729149085e-05	0	0	2.41120729149085e-05	1
CATSETYTGELFF	2.41120729149085e-05	0	0	2.41120729149085e-05	1
CATSGPDSNQPQHF	2.41120729149085e-05	0	0	2.41120729149085e-05	1
CATSGSGSETQYF	2.41120729149085e-05	0	2.26813944521309e-05	2.41120729149085e-05	2
CATSGSYNEQFF	2.41120729149085e-05	0	0	2.41120729149085e-05	1
CATSSGDQPYNEQFF	2.41120729149085e-05	0	0	2.41120729149085e-05	1
CATSVGQGVQFF	2.41120729149085e-05	0	0	2.41120729149085e-05	1
CATWDSLYEQYF	2.41120729149085e-05	0	0	2.41120729149085e-05	1
CAVRGPETQYF	2.41120729149085e-05	0	0	2.41120729149085e-05	1
CAWDFGGGAGELFF	2.41120729149085e-05	0	0	2.41120729149085e-05	1
CAWMRTYYGYTF	2.41120729149085e-05	0	0	2.41120729149085e-05	1
CAWRGTGVNIQYF	2.41120729149085e-05	0	0	2.41120729149085e-05	1
CAWSETGGMDGYTF	2.41120729149085e-05	0	0	2.41120729149085e-05	1
CAWSGGSYEQYF	2.41120729149085e-05	0	0	2.41120729149085e-05	1
CAWSLSGGWGYGYTF	2.41120729149085e-05	0	0	2.41120729149085e-05	1
CAWSPTGWTNTEAFF	2.41120729149085e-05	0	0	2.41120729149085e-05	1
CAWSRRGRGYGYTF	2.41120729149085e-05	0	0	2.41120729149085e-05	1
CAWSVFRGYGNQPQHF	2.41120729149085e-05	0	0	2.41120729149085e-05	1
CAWSVGQGYEQYF	2.41120729149085e-05	0	0	2.41120729149085e-05	1
CAWSVRIGLAGYNEQFF	2.41120729149085e-05	0	0	2.41120729149085e-05	1
CAWSVSGNQAFF	2.41120729149085e-05	0	0	2.41120729149085e-05	1
CGFDGNTDTQYF	2.41120729149085e-05	0	0	2.41120729149085e-05	1
CGNTGELFF	2.41120729149085e-05	0	0	2.41120729149085e-05	1
CSAAGTSEGQFF	2.41120729149085e-05	0	0	2.41120729149085e-05	1
CSAEASGTVEQYF	2.41120729149085e-05	0	0	2.41120729149085e-05	1
CSAEGGLSQYF	2.41120729149085e-05	0	1.13406972260655e-05	2.41120729149085e-05	2
CSAGGETMSYNEQFF	2.41120729149085e-05	0	0	2.41120729149085e-05	1
CSAKQGAKNIQYF	2.41120729149085e-05	0	0	2.41120729149085e-05	1
CSALRGQGALGELFF	2.41120729149085e-05	0	0	2.41120729149085e-05	1
CSALTSGILGQFF	2.41120729149085e-05	0	0	2.41120729149085e-05	1
CSANRGGSNQPQHF	2.41120729149085e-05	0	0	2.41120729149085e-05	1
CSAPSLATNEKLFF	2.41120729149085e-05	0	0	2.41120729149085e-05	1
CSAPSLGAAGELFF	2.41120729149085e-05	0	0	2.41120729149085e-05	1
CSAQARTGRDEQFF	2.41120729149085e-05	0	0	2.41120729149085e-05	1
CSARAGGGSTEAFF	2.41120729149085e-05	0	0	2.41120729149085e-05	1
CSARATWRASYNEQFF	2.41120729149085e-05	0	0	2.41120729149085e-05	1
CSARDEVGARGFF	2.41120729149085e-05	0	0	2.41120729149085e-05	1
CSARDGPSDHEQFF	2.41120729149085e-05	0	0	2.41120729149085e-05	1
CSARDLGTGNISPLHF	2.41120729149085e-05	0	0	2.41120729149085e-05	1
CSARDLKTQYF	2.41120729149085e-05	0	0	2.41120729149085e-05	1
CSARDPRAGNEQFF	2.41120729149085e-05	0	0	2.41120729149085e-05	1
CSARDPSGISYEQYF	2.41120729149085e-05	0	0	2.41120729149085e-05	1
CSARDRDQPQHF	2.41120729149085e-05	0	0	2.41120729149085e-05	1
CSARDRLNTEAFF	2.41120729149085e-05	0	0	2.41120729149085e-05	1
CSARDSQPSYNEQFF	2.41120729149085e-05	0	0	2.41120729149085e-05	1
CSAREAGPGLETQYF	2.41120729149085e-05	0	0	2.41120729149085e-05	1
CSARESLGVAATFRGNEQFF	2.41120729149085e-05	0	0	2.41120729149085e-05	1
CSAREWTSGRRYEQYF	2.41120729149085e-05	0	0	2.41120729149085e-05	1
CSARGETSPPDTQYF	2.41120729149085e-05	0	0	2.41120729149085e-05	1
CSARGLAGTDTQYF	2.41120729149085e-05	0	0	2.41120729149085e-05	1
CSARGLGEETQYF	2.41120729149085e-05	0	0	2.41120729149085e-05	1
CSARGLPFGTDTQYF	2.41120729149085e-05	0	0	2.41120729149085e-05	1
CSARGPPPPGYNEQFF	2.41120729149085e-05	0	0	2.41120729149085e-05	1
CSARGQGIENTIYF	2.41120729149085e-05	0	0	2.41120729149085e-05	1
CSARGQGKITNEKLFF	2.41120729149085e-05	0	0	2.41120729149085e-05	1
CSARLAGQAEQYF	2.41120729149085e-05	0	0	2.41120729149085e-05	1
CSARPPGGNNEQFF	2.41120729149085e-05	0	0	2.41120729149085e-05	1
CSARPSWGAGTKNIQYF	2.41120729149085e-05	0	0	2.41120729149085e-05	1
CSARSRAVLSTDTQYF	2.41120729149085e-05	0	0	2.41120729149085e-05	1
CSARSRDSYFYEQYF	2.41120729149085e-05	0	0	2.41120729149085e-05	1
CSARTSGRMLSTDTQYF	2.41120729149085e-05	0	0	2.41120729149085e-05	1
CSARVRGKETQYF	2.41120729149085e-05	0	0	2.41120729149085e-05	1
CSARWPRPGSTDTQYF	2.41120729149085e-05	0	0	2.41120729149085e-05	1
CSASGGRAYEQYF	2.41120729149085e-05	0	0	2.41120729149085e-05	1
CSASGKRGASYEQYF	2.41120729149085e-05	0	0	2.41120729149085e-05	1
CSASKGVNSPLHF	2.41120729149085e-05	0	0	2.41120729149085e-05	1
CSASMGQGNEQFF	2.41120729149085e-05	0	0	2.41120729149085e-05	1
CSASQGGEQFF	2.41120729149085e-05	0	0	2.41120729149085e-05	1
CSASQTSGTRNEQFF	2.41120729149085e-05	0	0	2.41120729149085e-05	1
CSASTGGTRNEQFF	2.41120729149085e-05	0	0	2.41120729149085e-05	1
CSASTLRNTQYF	2.41120729149085e-05	0	0	2.41120729149085e-05	1
CSATQGGGSTDTQYF	2.41120729149085e-05	0	0	2.41120729149085e-05	1
CSATRTSGMKTQYF	2.41120729149085e-05	0	0	2.41120729149085e-05	1
CSATSGTWNEQFF	2.41120729149085e-05	0	0	2.41120729149085e-05	1
CSAVGGTGELFF	2.41120729149085e-05	0	0	2.41120729149085e-05	1
CSGDRGNIQYF	2.41120729149085e-05	0	2.26813944521309e-05	2.41120729149085e-05	2
CSVAAGGRDTQYF	2.41120729149085e-05	0	0	2.41120729149085e-05	1
CSVEIAGTDTQYF	2.41120729149085e-05	0	0	2.41120729149085e-05	1
CSVERDRGQYF	2.41120729149085e-05	0	0	2.41120729149085e-05	1
CSVFDRGSRETQYF	2.41120729149085e-05	0	0	2.41120729149085e-05	1
CSVHGGSGNTIYF	2.41120729149085e-05	0	0	2.41120729149085e-05	1
CSVVSSGAALSTDTQYF	2.41120729149085e-05	0	0	2.41120729149085e-05	1
CAGKTSANTGELFF	0	0	2.26813944521309e-05	2.26813944521309e-05	1
CAGRDSSLDSYEQYF	0	0	2.26813944521309e-05	2.26813944521309e-05	1
CAIRLAGGVGYTF	0	0	2.26813944521309e-05	2.26813944521309e-05	1
CAISDLAGSTDTQYF	0	0	2.26813944521309e-05	2.26813944521309e-05	1
CAISGGGLSTDTQYF	0	0	2.26813944521309e-05	2.26813944521309e-05	1
CAISGTGETQYF	0	0	2.26813944521309e-05	2.26813944521309e-05	1
CAISVSILNNEQFF	0	0	2.26813944521309e-05	2.26813944521309e-05	1
CANSFRGWDTEAFF	0	0	2.26813944521309e-05	2.26813944521309e-05	1
CAPLKAFNQPQHF	0	0	2.26813944521309e-05	2.26813944521309e-05	1
CARGGGGYDEQYF	0	0	2.26813944521309e-05	2.26813944521309e-05	1
CASGAPFPYNEQFF	0	0	2.26813944521309e-05	2.26813944521309e-05	1
CASGGAGANVLTF	0	0	2.26813944521309e-05	2.26813944521309e-05	1
CASGLQGIVGYTDTQYF	0	0	2.26813944521309e-05	2.26813944521309e-05	1
CASINDGNYGYTF	0	0	2.26813944521309e-05	2.26813944521309e-05	1
CASIVGAGLYRDTQYF	0	0	2.26813944521309e-05	2.26813944521309e-05	1
CASIYEQYF	0	0	2.26813944521309e-05	2.26813944521309e-05	1
CASKDGVSDTQYF	0	0	2.26813944521309e-05	2.26813944521309e-05	1
CASKLYAGVASYEQYF	0	0	2.26813944521309e-05	2.26813944521309e-05	1
CASKRLVYNEQFF	0	0	2.26813944521309e-05	2.26813944521309e-05	1
CASLGLAGPYQETQYF	0	0	2.26813944521309e-05	2.26813944521309e-05	1
CASNLAGEDTQYF	0	0	2.26813944521309e-05	2.26813944521309e-05	1
CASNLGQGETQYF	0	0	2.26813944521309e-05	2.26813944521309e-05	1
CASNLRQGATDTQYF	0	0	2.26813944521309e-05	2.26813944521309e-05	1
CASNPTRAGELFF	0	0	2.26813944521309e-05	2.26813944521309e-05	1
CASNQGGRDQPQHF	0	0	2.26813944521309e-05	2.26813944521309e-05	1
CASNWGVADTQYF	0	0	2.26813944521309e-05	2.26813944521309e-05	1
CASPNPTQGELYGYTF	0	0	2.26813944521309e-05	2.26813944521309e-05	1
CASQQGLAVTDTQYF	0	0	2.26813944521309e-05	2.26813944521309e-05	1
CASRESPTSTGELFF	0	0	2.26813944521309e-05	2.26813944521309e-05	1
CASRFGGHGTDTQYF	1.20560364574542e-05	0	2.26813944521309e-05	2.26813944521309e-05	2
CASRGASDTQYF	0	0	2.26813944521309e-05	2.26813944521309e-05	1
CASRGGDKNQPQHF	0	0	2.26813944521309e-05	2.26813944521309e-05	1
CASRGLAGVIGELFF	0	0	2.26813944521309e-05	2.26813944521309e-05	1
CASRHKEPGQVYEQYF	0	0	2.26813944521309e-05	2.26813944521309e-05	1
CASRHPVSYEQYF	0	0	2.26813944521309e-05	2.26813944521309e-05	1
CASRIREAGNTIYF	0	0	2.26813944521309e-05	2.26813944521309e-05	1
CASRKPDRLSEKLFF	0	0	2.26813944521309e-05	2.26813944521309e-05	1
CASRKTGNRYNEQFF	0	0	2.26813944521309e-05	2.26813944521309e-05	1
CASRLAGVNEQFF	0	0	2.26813944521309e-05	2.26813944521309e-05	1
CASRLGTGSPDTQYF	0	0	2.26813944521309e-05	2.26813944521309e-05	1
CASRLSGMNTGELFF	0	0	2.26813944521309e-05	2.26813944521309e-05	1
CASRLVASGREQFF	0	0	2.26813944521309e-05	2.26813944521309e-05	1
CASRPDRFYSINQPQHF	0	0	2.26813944521309e-05	2.26813944521309e-05	1
CASRPDSATNEKLFF	0	0	2.26813944521309e-05	2.26813944521309e-05	1
CASRPGLANEQFF	0	0	2.26813944521309e-05	2.26813944521309e-05	1
CASRPGLPTNEKLFF	0	0	2.26813944521309e-05	2.26813944521309e-05	1
CASRRQGAVNYGYTF	0	0	2.26813944521309e-05	2.26813944521309e-05	1
CASRSGTAISGNTIYF	0	0	2.26813944521309e-05	2.26813944521309e-05	1
CASRSQPTTGDTQYF	0	0	2.26813944521309e-05	2.26813944521309e-05	1
CASRTTGEGQYF	0	0	2.26813944521309e-05	2.26813944521309e-05	1
CASSAAFGEQFF	0	0	2.26813944521309e-05	2.26813944521309e-05	1
CASSAGAHPRETQYF	0	0	2.26813944521309e-05	2.26813944521309e-05	1
CASSAGTGGFYNSPLHF	0	0	2.26813944521309e-05	2.26813944521309e-05	1
CASSAGTSGSPSYEQYF	0	0	2.26813944521309e-05	2.26813944521309e-05	1
CASSAKRGLAGTEQFF	0	0	2.26813944521309e-05	2.26813944521309e-05	1
CASSALKRADYEQYF	0	0	2.26813944521309e-05	2.26813944521309e-05	1
CASSALYGEQYF	0	0	2.26813944521309e-05	2.26813944521309e-05	1
CASSANQETQYF	0	0	2.26813944521309e-05	2.26813944521309e-05	1
CASSAPGTANTEAFF	0	0	2.26813944521309e-05	2.26813944521309e-05	1
CASSARQAPFVEGYTF	0	0	2.26813944521309e-05	2.26813944521309e-05	1
CASSARQGMNTEAFF	0	0	2.26813944521309e-05	2.26813944521309e-05	1
CASSARSGLVTSEQYF	0	0	2.26813944521309e-05	2.26813944521309e-05	1
CASSASAQANEQFF	0	0	2.26813944521309e-05	2.26813944521309e-05	1
CASSDGLRDTQYF	0	0	2.26813944521309e-05	2.26813944521309e-05	1
CASSDGPPDTQYF	0	0	2.26813944521309e-05	2.26813944521309e-05	1
CASSDRGAYGYTF	0	0	2.26813944521309e-05	2.26813944521309e-05	1
CASSDWGVDIQYF	0	0	2.26813944521309e-05	2.26813944521309e-05	1
CASSEARTPGQGIYEQYF	0	0	2.26813944521309e-05	2.26813944521309e-05	1
CASSEDPRDSYNEQFF	0	0	2.26813944521309e-05	2.26813944521309e-05	1
CASSEFGQVNEKLFF	0	0	2.26813944521309e-05	2.26813944521309e-05	1
CASSEFRGGRYEQYF	0	0	2.26813944521309e-05	2.26813944521309e-05	1
CASSEHLAGVLFF	0	0	2.26813944521309e-05	2.26813944521309e-05	1
CASSEKGTFTDTQYF	0	0	2.26813944521309e-05	2.26813944521309e-05	1
CASSELDTQYF	0	0	2.26813944521309e-05	2.26813944521309e-05	1
CASSELGSAFQETQYF	0	0	2.26813944521309e-05	2.26813944521309e-05	1
CASSELVSGFYNEQFF	0	0	2.26813944521309e-05	2.26813944521309e-05	1
CASSERGIGGYTF	0	0	2.26813944521309e-05	2.26813944521309e-05	1
CASSESFSTGEQFF	1.20560364574542e-05	0	2.26813944521309e-05	2.26813944521309e-05	2
CASSESGSADTQYF	0	0	2.26813944521309e-05	2.26813944521309e-05	1
CASSETGWGNQPQHF	0	0	2.26813944521309e-05	2.26813944521309e-05	1
CASSEVASYEQYF	0	0	2.26813944521309e-05	2.26813944521309e-05	1
CASSFDRGWTEAFF	0	0	2.26813944521309e-05	2.26813944521309e-05	1
CASSFGAEAFF	0	0	2.26813944521309e-05	2.26813944521309e-05	1
CASSFGASGPLYF	0	0	2.26813944521309e-05	2.26813944521309e-05	1
CASSFGLAGAYNEQFF	0	0	2.26813944521309e-05	2.26813944521309e-05	1
CASSFGQNHQPQHF	0	0	2.26813944521309e-05	2.26813944521309e-05	1
CASSFGRSPYNEQFF	1.20560364574542e-05	0	2.26813944521309e-05	2.26813944521309e-05	2
CASSFGSGITDTQYF	0	0	2.26813944521309e-05	2.26813944521309e-05	1
CASSFLPGLAHGMSYEQYF	0	0	2.26813944521309e-05	2.26813944521309e-05	1
CASSFLQGAGGYTF	0	1.66733360010671e-05	2.26813944521309e-05	2.26813944521309e-05	2
CASSFQSSYNEQFF	0	0	2.26813944521309e-05	2.26813944521309e-05	1
CASSFRAHNEQFF	0	0	2.26813944521309e-05	2.26813944521309e-05	1
CASSFREDQPQHF	0	0	2.26813944521309e-05	2.26813944521309e-05	1
CASSFSGGEVNTIYF	0	0	2.26813944521309e-05	2.26813944521309e-05	1
CASSFTAEGTQYF	0	0	2.26813944521309e-05	2.26813944521309e-05	1
CASSFTRNQPQHF	0	0	2.26813944521309e-05	2.26813944521309e-05	1
CASSFYTGWSQTQYF	0	0	2.26813944521309e-05	2.26813944521309e-05	1
CASSGEGPSYEQYF	0	0	2.26813944521309e-05	2.26813944521309e-05	1
CASSGGPTGNQPQHF	0	0	2.26813944521309e-05	2.26813944521309e-05	1
CASSGGQVSYRVSSYNEQFF	0	0	2.26813944521309e-05	2.26813944521309e-05	1
CASSGGYSSTDTQYF	0	0	2.26813944521309e-05	2.26813944521309e-05	1
CASSGLAEDAWDF	0	1.66733360010671e-05	2.26813944521309e-05	2.26813944521309e-05	2
CASSGQQNQPQHF	0	0	2.26813944521309e-05	2.26813944521309e-05	1
CASSGRTGSSGNTIYF	0	0	2.26813944521309e-05	2.26813944521309e-05	1
CASSGSGSNSPLHF	0	0	2.26813944521309e-05	2.26813944521309e-05	1
CASSGSGSSAYEQYF	0	0	2.26813944521309e-05	2.26813944521309e-05	1
CASSGVGGEQYF	0	0	2.26813944521309e-05	2.26813944521309e-05	1
CASSHRGGANVLTF	0	0	2.26813944521309e-05	2.26813944521309e-05	1
CASSHSANYGYTF	0	0	2.26813944521309e-05	2.26813944521309e-05	1
CASSHSNQPQHF	0	0	2.26813944521309e-05	2.26813944521309e-05	1
CASSHSQGAGAKNIQYF	0	0	2.26813944521309e-05	2.26813944521309e-05	1
CASSHVQGEQFF	0	0	2.26813944521309e-05	2.26813944521309e-05	1
CASSHWPETRYF	0	0	2.26813944521309e-05	2.26813944521309e-05	1
CASSIDYRGRTGELFF	0	0	2.26813944521309e-05	2.26813944521309e-05	1
CASSIEGGDYGYTF	0	0	2.26813944521309e-05	2.26813944521309e-05	1
CASSIGSGAWNIQYF	1.20560364574542e-05	0	2.26813944521309e-05	2.26813944521309e-05	2
CASSIGTSGRPNTGELFF	0	0	2.26813944521309e-05	2.26813944521309e-05	1
CASSIGTTAGGQFF	0	0	2.26813944521309e-05	2.26813944521309e-05	1
CASSILAVHPSTDTQYF	0	0	2.26813944521309e-05	2.26813944521309e-05	1
CASSILGMTTHEQFF	0	0	2.26813944521309e-05	2.26813944521309e-05	1
CASSIRDKGNQPQHF	0	0	2.26813944521309e-05	2.26813944521309e-05	1
CASSIREGSNQPQHF	0	0	2.26813944521309e-05	2.26813944521309e-05	1
CASSISATTDTQYF	0	0	2.26813944521309e-05	2.26813944521309e-05	1
CASSISGNSYNEQFF	0	0	2.26813944521309e-05	2.26813944521309e-05	1
CASSISGRDNEQFF	0	0	2.26813944521309e-05	2.26813944521309e-05	1
CASSIVGSGNNEQFF	0	0	2.26813944521309e-05	2.26813944521309e-05	1
CASSKAGVMNTEAFF	0	0	2.26813944521309e-05	2.26813944521309e-05	1
CASSKRLTDTQYF	0	0	2.26813944521309e-05	2.26813944521309e-05	1
CASSLAFRAFEAFF	0	0	2.26813944521309e-05	2.26813944521309e-05	1
CASSLAGGRRRLFF	0	0	2.26813944521309e-05	2.26813944521309e-05	1
CASSLAGGYRNTIYF	0	0	2.26813944521309e-05	2.26813944521309e-05	1
CASSLAGSGYTF	0	0	2.26813944521309e-05	2.26813944521309e-05	1
CASSLALGIGELFF	0	0	2.26813944521309e-05	2.26813944521309e-05	1
CASSLASLAGNNEQFF	0	0	2.26813944521309e-05	2.26813944521309e-05	1
CASSLASSPPAADTQYF	0	0	2.26813944521309e-05	2.26813944521309e-05	1
CASSLAVGPAGELFF	0	0	2.26813944521309e-05	2.26813944521309e-05	1
CASSLAWTGRLSGANVLTF	0	0	2.26813944521309e-05	2.26813944521309e-05	1
CASSLDASGGSYTQYF	0	0	2.26813944521309e-05	2.26813944521309e-05	1
CASSLDGTLQETQYF	0	0	2.26813944521309e-05	2.26813944521309e-05	1
CASSLDRNSPLHF	0	0	2.26813944521309e-05	2.26813944521309e-05	1
CASSLEARHTQYF	0	0	2.26813944521309e-05	2.26813944521309e-05	1
CASSLEPYSTDTQYF	0	0	2.26813944521309e-05	2.26813944521309e-05	1
CASSLFPAGRDYEQYF	0	0	2.26813944521309e-05	2.26813944521309e-05	1
CASSLGATGLYGYTF	0	0	2.26813944521309e-05	2.26813944521309e-05	1
CASSLGDNSYEQYF	0	0	2.26813944521309e-05	2.26813944521309e-05	1
CASSLGENTEAFF	0	0	2.26813944521309e-05	2.26813944521309e-05	1
CASSLGGGGRLGASPLHF	0	0	2.26813944521309e-05	2.26813944521309e-05	1
CASSLGGHEQYF	0	0	2.26813944521309e-05	2.26813944521309e-05	1
CASSLGGLAKNIQYF	0	0	2.26813944521309e-05	2.26813944521309e-05	1
CASSLGGQGPTDTQYF	0	0	2.26813944521309e-05	2.26813944521309e-05	1
CASSLGGRTEAFF	0	0	2.26813944521309e-05	2.26813944521309e-05	1
CASSLGKPSSYEQYF	0	0	2.26813944521309e-05	2.26813944521309e-05	1
CASSLGQGSNQPQHF	0	0	2.26813944521309e-05	2.26813944521309e-05	1
CASSLGQNTDTQYF	0	0	2.26813944521309e-05	2.26813944521309e-05	1
CASSLGRGVYEQYF	0	0	2.26813944521309e-05	2.26813944521309e-05	1
CASSLGTGDEQFF	0	0	2.26813944521309e-05	2.26813944521309e-05	1
CASSLGTGIYGYTF	0	0	2.26813944521309e-05	2.26813944521309e-05	1
CASSLGTSGSFYEQYF	0	0	2.26813944521309e-05	2.26813944521309e-05	1
CASSLGVNTEAFF	0	0	2.26813944521309e-05	2.26813944521309e-05	1
CASSLLDTGEQYF	0	0	2.26813944521309e-05	2.26813944521309e-05	1
CASSLLGLASQETQYF	0	0	2.26813944521309e-05	2.26813944521309e-05	1
CASSLLGPHEQYF	0	0	2.26813944521309e-05	2.26813944521309e-05	1
CASSLLGSSYEQYF	0	0	2.26813944521309e-05	2.26813944521309e-05	1
CASSLLQSNTEAFF	0	0	2.26813944521309e-05	2.26813944521309e-05	1
CASSLNRAHEQYF	0	0	2.26813944521309e-05	2.26813944521309e-05	1
CASSLPGGSPLHF	0	0	2.26813944521309e-05	2.26813944521309e-05	1
CASSLPREQFF	0	0	2.26813944521309e-05	2.26813944521309e-05	1
CASSLPRTNFYEQYF	0	0	2.26813944521309e-05	2.26813944521309e-05	1
CASSLPVGSGSTDTQYF	0	0	2.26813944521309e-05	2.26813944521309e-05	1
CASSLQGADNEKLFF	0	0	2.26813944521309e-05	2.26813944521309e-05	1
CASSLQGGGAVYGYTF	0	0	2.26813944521309e-05	2.26813944521309e-05	1
CASSLRGTREQYF	0	0	2.26813944521309e-05	2.26813944521309e-05	1
CASSLRKLAGADTQYF	0	0	2.26813944521309e-05	2.26813944521309e-05	1
CASSLRLNNSPLHF	0	0	2.26813944521309e-05	2.26813944521309e-05	1
CASSLRPDIYEQFF	0	0	2.26813944521309e-05	2.26813944521309e-05	1
CASSLRPMAAKNIQYF	0	0	2.26813944521309e-05	2.26813944521309e-05	1
CASSLRTSGTPREFF	0	0	2.26813944521309e-05	2.26813944521309e-05	1
CASSLRTSVNTGELFF	0	0	2.26813944521309e-05	2.26813944521309e-05	1
CASSLSGDSSYEQYF	0	0	2.26813944521309e-05	2.26813944521309e-05	1
CASSLSVIQGNNEQFF	0	0	2.26813944521309e-05	2.26813944521309e-05	1
CASSLTGRVGTGELFF	0	0	2.26813944521309e-05	2.26813944521309e-05	1
CASSLTQNTEAFF	0	0	2.26813944521309e-05	2.26813944521309e-05	1
CASSLVASGRGKNIQYF	0	0	2.26813944521309e-05	2.26813944521309e-05	1
CASSLVGPQETQYF	1.20560364574542e-05	0	2.26813944521309e-05	2.26813944521309e-05	2
CASSLVHYEQYF	0	0	2.26813944521309e-05	2.26813944521309e-05	1
CASSLVNNEQFF	0	0	2.26813944521309e-05	2.26813944521309e-05	1
CASSLVQSWTEAFF	0	0	2.26813944521309e-05	2.26813944521309e-05	1
CASSLVSLGQPQHF	0	0	2.26813944521309e-05	2.26813944521309e-05	1
CASSLVVPGSQETQYF	0	0	2.26813944521309e-05	2.26813944521309e-05	1
CASSLWGSGANVLTF	0	0	2.26813944521309e-05	2.26813944521309e-05	1
CASSLWIGGPSTDTQYF	0	0	2.26813944521309e-05	2.26813944521309e-05	1
CASSMGHAQETQYF	0	0	2.26813944521309e-05	2.26813944521309e-05	1
CASSMGQLSSYEQYF	0	0	2.26813944521309e-05	2.26813944521309e-05	1
CASSMRGNYGYTF	0	0	2.26813944521309e-05	2.26813944521309e-05	1
CASSNPGVHHEQFF	0	0	2.26813944521309e-05	2.26813944521309e-05	1
CASSNRGAQSTDTQYF	0	0	2.26813944521309e-05	2.26813944521309e-05	1
CASSPARDQPQHF	0	0	2.26813944521309e-05	2.26813944521309e-05	1
CASSPAVKSPLHF	0	0	2.26813944521309e-05	2.26813944521309e-05	1
CASSPDRDQPQHF	0	0	2.26813944521309e-05	2.26813944521309e-05	1
CASSPEGGRQYF	0	0	2.26813944521309e-05	2.26813944521309e-05	1
CASSPGDRAPEQYF	0	0	2.26813944521309e-05	2.26813944521309e-05	1
CASSPGLAGGSTQYF	0	0	2.26813944521309e-05	2.26813944521309e-05	1
CASSPGLAIYNEQFF	0	0	2.26813944521309e-05	2.26813944521309e-05	1
CASSPGPIVAKNIQYF	0	0	2.26813944521309e-05	2.26813944521309e-05	1
CASSPGRRSGELFF	0	0	2.26813944521309e-05	2.26813944521309e-05	1
CASSPGTVAKNIQYF	0	0	2.26813944521309e-05	2.26813944521309e-05	1
CASSPKQGAAEYF	0	0	2.26813944521309e-05	2.26813944521309e-05	1
CASSPLAGSTDTQYF	1.20560364574542e-05	0	2.26813944521309e-05	2.26813944521309e-05	2
CASSPLNEQFF	0	0	2.26813944521309e-05	2.26813944521309e-05	1
CASSPLSRTSGGQETQYF	0	0	2.26813944521309e-05	2.26813944521309e-05	1
CASSPNRVSYNEQFF	0	0	2.26813944521309e-05	2.26813944521309e-05	1
CASSPNTGPQETQYF	0	0	2.26813944521309e-05	2.26813944521309e-05	1
CASSPPGRQNEKLFF	0	0	2.26813944521309e-05	2.26813944521309e-05	1
CASSPRQGIFSPLHF	0	0	2.26813944521309e-05	2.26813944521309e-05	1
CASSPRTRKNIQYF	0	0	2.26813944521309e-05	2.26813944521309e-05	1
CASSPRTSWTYEQYF	0	0	2.26813944521309e-05	2.26813944521309e-05	1
CASSPSGRASDEQFF	0	0	2.26813944521309e-05	2.26813944521309e-05	1
CASSPTGGEGYTF	0	0	2.26813944521309e-05	2.26813944521309e-05	1
CASSPTQGEQYF	0	0	2.26813944521309e-05	2.26813944521309e-05	1
CASSPTTVNTEAFF	0	0	2.26813944521309e-05	2.26813944521309e-05	1
CASSQAGPLFF	0	0	2.26813944521309e-05	2.26813944521309e-05	1
CASSQALAGNEQFF	0	0	2.26813944521309e-05	2.26813944521309e-05	1
CASSQDRGSVQYF	0	0	2.26813944521309e-05	2.26813944521309e-05	1
CASSQDYLYNEQFF	0	0	2.26813944521309e-05	2.26813944521309e-05	1
CASSQEGGSSYNEQFF	0	0	2.26813944521309e-05	2.26813944521309e-05	1
CASSQKKYPGGAEAFF	0	0	2.26813944521309e-05	2.26813944521309e-05	1
CASSQLAGDTDTQYF	0	0	2.26813944521309e-05	2.26813944521309e-05	1
CASSQPGNTIYF	0	0	2.26813944521309e-05	2.26813944521309e-05	1
CASSQSPGTSGIGGSEQFF	0	0	2.26813944521309e-05	2.26813944521309e-05	1
CASSQTTRGQYF	0	0	2.26813944521309e-05	2.26813944521309e-05	1
CASSQVPGGGNSPLHF	1.20560364574542e-05	0	2.26813944521309e-05	2.26813944521309e-05	2
CASSRAGTSIPHEQYF	0	0	2.26813944521309e-05	2.26813944521309e-05	1
CASSRDHRSYF	0	0	2.26813944521309e-05	2.26813944521309e-05	1
CASSRFGPYMNTEAFF	0	0	2.26813944521309e-05	2.26813944521309e-05	1
CASSRGLAGANTGELFF	0	0	2.26813944521309e-05	2.26813944521309e-05	1
CASSRGVTGYGTDTQYF	0	0	2.26813944521309e-05	2.26813944521309e-05	1
CASSRLSATSGNNEQFF	0	0	2.26813944521309e-05	2.26813944521309e-05	1
CASSRNSGRIGSYKQYF	0	0	2.26813944521309e-05	2.26813944521309e-05	1
CASSRQGSGAFF	0	0	2.26813944521309e-05	2.26813944521309e-05	1
CASSRRQRANSEAFF	0	0	2.26813944521309e-05	2.26813944521309e-05	1
CASSRSSGSTDTQYF	0	0	2.26813944521309e-05	2.26813944521309e-05	1
CASSRTFLGSYEQYF	0	0	2.26813944521309e-05	2.26813944521309e-05	1
CASSRTGGANVLTF	0	0	2.26813944521309e-05	2.26813944521309e-05	1
CASSRTGGNTQYF	0	0	2.26813944521309e-05	2.26813944521309e-05	1
CASSRTGPGNYGYTF	0	0	2.26813944521309e-05	2.26813944521309e-05	1
CASSRTGVTDTQYF	0	0	2.26813944521309e-05	2.26813944521309e-05	1
CASSRTHLGTGVQPQHF	0	0	2.26813944521309e-05	2.26813944521309e-05	1
CASSRTVYTDTQYF	0	0	2.26813944521309e-05	2.26813944521309e-05	1
CASSSAYTQYF	0	0	2.26813944521309e-05	2.26813944521309e-05	1
CASSSGGSGSTEQYF	0	0	2.26813944521309e-05	2.26813944521309e-05	1
CASSSGPYLDNSPLHF	0	0	2.26813944521309e-05	2.26813944521309e-05	1
CASSSGTGNQPQHF	0	0	2.26813944521309e-05	2.26813944521309e-05	1
CASSSLAGGGYNEQFF	0	0	2.26813944521309e-05	2.26813944521309e-05	1
CASSSLGGQSLLEQYF	0	0	2.26813944521309e-05	2.26813944521309e-05	1
CASSSNGGLEQFF	0	0	2.26813944521309e-05	2.26813944521309e-05	1
CASSSRAGANVLTF	0	0	2.26813944521309e-05	2.26813944521309e-05	1
CASSSRGGEQFF	0	0	2.26813944521309e-05	2.26813944521309e-05	1
CASSSSDAATNEKLFF	0	0	2.26813944521309e-05	2.26813944521309e-05	1
CASSSSGFTDTQYF	0	0	2.26813944521309e-05	2.26813944521309e-05	1
CASSSSGLTDTQYF	0	0	2.26813944521309e-05	2.26813944521309e-05	1
CASSSSGTGRCGNPGELFF	0	0	2.26813944521309e-05	2.26813944521309e-05	1
CASSSTGAYGYTF	0	0	2.26813944521309e-05	2.26813944521309e-05	1
CASSSTGTSGRVSTDTQYF	0	0	2.26813944521309e-05	2.26813944521309e-05	1
CASSSVGDTQYF	0	0	2.26813944521309e-05	2.26813944521309e-05	1
CASSSYFGGSYEQYF	0	0	2.26813944521309e-05	2.26813944521309e-05	1
CASSTGLAGVNEQFF	0	0	2.26813944521309e-05	2.26813944521309e-05	1
CASSTGSVRTYNEQFF	0	0	2.26813944521309e-05	2.26813944521309e-05	1
CASSTHRGRGLVMGTDTQYF	0	0	2.26813944521309e-05	2.26813944521309e-05	1
CASSTQFSGTVGSYNEQFF	0	0	2.26813944521309e-05	2.26813944521309e-05	1
CASSTSGTSDYEQYF	0	0	2.26813944521309e-05	2.26813944521309e-05	1
CASSTTGGNGNTIYF	0	0	2.26813944521309e-05	2.26813944521309e-05	1
CASSVALTSGTDTQYF	0	0	2.26813944521309e-05	2.26813944521309e-05	1
CASSVDPQETQYF	0	0	2.26813944521309e-05	2.26813944521309e-05	1
CASSVDREYGYTF	0	0	2.26813944521309e-05	2.26813944521309e-05	1
CASSVEDRLRNTQYF	0	0	2.26813944521309e-05	2.26813944521309e-05	1
CASSVEGGNQPQHF	0	0	2.26813944521309e-05	2.26813944521309e-05	1
CASSVETGLQETQYF	0	0	2.26813944521309e-05	2.26813944521309e-05	1
CASSVGGRLSPYNEQFF	0	0	2.26813944521309e-05	2.26813944521309e-05	1
CASSVGGSSYEQYF	0	0	2.26813944521309e-05	2.26813944521309e-05	1
CASSVGPSGDEQFF	0	0	2.26813944521309e-05	2.26813944521309e-05	1
CASSVGTSGEKSYNEQFF	0	0	2.26813944521309e-05	2.26813944521309e-05	1
CASSVISTDTQYF	0	0	2.26813944521309e-05	2.26813944521309e-05	1
CASSVRSGSGVNTGELFF	0	0	2.26813944521309e-05	2.26813944521309e-05	1
CASSWGGGEAFF	0	0	2.26813944521309e-05	2.26813944521309e-05	1
CASSWGQGIRTDTQYF	0	0	2.26813944521309e-05	2.26813944521309e-05	1
CASSWGQYGYTF	0	0	2.26813944521309e-05	2.26813944521309e-05	1
CASSWRPSDTQYF	0	0	2.26813944521309e-05	2.26813944521309e-05	1
CASSWTRVGGAYGYTF	0	0	2.26813944521309e-05	2.26813944521309e-05	1
CASSWTSGSNEQFF	0	0	2.26813944521309e-05	2.26813944521309e-05	1
CASSYAGARTEAFF	0	0	2.26813944521309e-05	2.26813944521309e-05	1
CASSYAGNRLWTQHF	0	0	2.26813944521309e-05	2.26813944521309e-05	1
CASSYAHGVSYEKLFF	0	0	2.26813944521309e-05	2.26813944521309e-05	1
CASSYFGDRPNEQFF	1.20560364574542e-05	0	2.26813944521309e-05	2.26813944521309e-05	2
CASSYGTYEQYF	0	0	2.26813944521309e-05	2.26813944521309e-05	1
CASSYMGALFF	0	0	2.26813944521309e-05	2.26813944521309e-05	1
CASSYPGPRPQPQHF	0	0	2.26813944521309e-05	2.26813944521309e-05	1
CASSYRAIEYHGYTF	0	0	2.26813944521309e-05	2.26813944521309e-05	1
CASSYRDRGYEQYF	0	0	2.26813944521309e-05	2.26813944521309e-05	1
CASSYRGTGETQYF	0	0	2.26813944521309e-05	2.26813944521309e-05	1
CASSYRRLYEQYF	0	0	2.26813944521309e-05	2.26813944521309e-05	1
CASSYSGQTNQPQHF	0	0	2.26813944521309e-05	2.26813944521309e-05	1
CASSYSMWGFTGELFF	0	0	2.26813944521309e-05	2.26813944521309e-05	1
CASSYSPNTEAFF	0	0	2.26813944521309e-05	2.26813944521309e-05	1
CASSYSPPTSGIYNEQFF	0	0	2.26813944521309e-05	2.26813944521309e-05	1
CASSYSTGLDTQYF	0	0	2.26813944521309e-05	2.26813944521309e-05	1
CASSYVGSEQYF	0	0	2.26813944521309e-05	2.26813944521309e-05	1
CASTLAGASHQSEQFF	0	0	2.26813944521309e-05	2.26813944521309e-05	1
CASTNRGVGNTIYF	0	0	2.26813944521309e-05	2.26813944521309e-05	1
CASTPGFTNTGELFF	0	0	2.26813944521309e-05	2.26813944521309e-05	1
CASTPSGGSYEQYF	0	0	2.26813944521309e-05	2.26813944521309e-05	1
CASTTDGGPGNTIYF	0	0	2.26813944521309e-05	2.26813944521309e-05	1
CASTWGVETQYF	0	0	2.26813944521309e-05	2.26813944521309e-05	1
CASWDSSFFGNTIYF	0	0	2.26813944521309e-05	2.26813944521309e-05	1
CATAGAPTYEQYF	0	0	2.26813944521309e-05	2.26813944521309e-05	1
CATQEHNTGELFF	0	0	2.26813944521309e-05	2.26813944521309e-05	1
CATSARTGVDGAFF	0	0	2.26813944521309e-05	2.26813944521309e-05	1
CATSDGYEQYF	0	0	2.26813944521309e-05	2.26813944521309e-05	1
CATSDSGTSGSFTDTQYF	0	0	2.26813944521309e-05	2.26813944521309e-05	1
CATSDYTGELFF	0	0	2.26813944521309e-05	2.26813944521309e-05	1
CATSLAGGPNEQFF	0	0	2.26813944521309e-05	2.26813944521309e-05	1
CATSSGIPKDTQYF	0	0	2.26813944521309e-05	2.26813944521309e-05	1
CATSTTSGIRETQYF	0	0	2.26813944521309e-05	2.26813944521309e-05	1
CATVLDRGPGNTIYF	0	0	2.26813944521309e-05	2.26813944521309e-05	1
CAVQGTSGNTIYF	0	0	2.26813944521309e-05	2.26813944521309e-05	1
CAWSALGTGGYSNQPQHF	0	0	2.26813944521309e-05	2.26813944521309e-05	1
CAWSGQVGNTIYF	0	0	2.26813944521309e-05	2.26813944521309e-05	1
CAWSRDTVVYF	1.20560364574542e-05	0	2.26813944521309e-05	2.26813944521309e-05	2
CAWSRENTEAFF	0	0	2.26813944521309e-05	2.26813944521309e-05	1
CAWSVAVNQPQHF	0	0	2.26813944521309e-05	2.26813944521309e-05	1
CAWSVLGDSPLHF	0	0	2.26813944521309e-05	2.26813944521309e-05	1
CAWSVMGIIEPQHF	0	0	2.26813944521309e-05	2.26813944521309e-05	1
CAWSVSSSGANVLTF	0	0	2.26813944521309e-05	2.26813944521309e-05	1
CAWSVSTDTQYF	0	0	2.26813944521309e-05	2.26813944521309e-05	1
CSAAGGGKSHFF	0	0	2.26813944521309e-05	2.26813944521309e-05	1
CSAAGGVANEKLFF	0	0	2.26813944521309e-05	2.26813944521309e-05	1
CSAAGTSVYNEQFF	0	0	2.26813944521309e-05	2.26813944521309e-05	1
CSALDAGTGNQETQYF	0	0	2.26813944521309e-05	2.26813944521309e-05	1
CSALGLAGGGLTDTQYF	0	0	2.26813944521309e-05	2.26813944521309e-05	1
CSALQGSKFNQPQHF	0	0	2.26813944521309e-05	2.26813944521309e-05	1
CSAMGLTVQETQYF	0	0	2.26813944521309e-05	2.26813944521309e-05	1
CSAMRGYEQYF	0	0	2.26813944521309e-05	2.26813944521309e-05	1
CSAPTHGFTDTQYF	0	0	2.26813944521309e-05	2.26813944521309e-05	1
CSARAAYLKRERSTVTQYF	0	0	2.26813944521309e-05	2.26813944521309e-05	1
CSARASNQPQHF	0	0	2.26813944521309e-05	2.26813944521309e-05	1
CSARDLAGSTPEQYF	1.20560364574542e-05	0	2.26813944521309e-05	2.26813944521309e-05	2
CSARDLVVNNEQFF	0	0	2.26813944521309e-05	2.26813944521309e-05	1
CSARDRVYTGTTNEKLFF	0	0	2.26813944521309e-05	2.26813944521309e-05	1
CSAREPTSGYEQYF	0	0	2.26813944521309e-05	2.26813944521309e-05	1
CSARGPLGGLAKNIQYF	0	0	2.26813944521309e-05	2.26813944521309e-05	1
CSARGVGTSGREAYEQYF	0	0	2.26813944521309e-05	2.26813944521309e-05	1
CSARLLQGVNQPQHF	0	0	2.26813944521309e-05	2.26813944521309e-05	1
CSARLTPSTDTQYF	0	0	2.26813944521309e-05	2.26813944521309e-05	1
CSARRDNYEQYF	0	0	2.26813944521309e-05	2.26813944521309e-05	1
CSARRGGGTDTQYF	0	0	2.26813944521309e-05	2.26813944521309e-05	1
CSARRLDRGTGYEQYF	0	0	2.26813944521309e-05	2.26813944521309e-05	1
CSARTQEFNNEQFF	0	0	2.26813944521309e-05	2.26813944521309e-05	1
CSARVLAGAADTQYF	0	0	2.26813944521309e-05	2.26813944521309e-05	1
CSARWTSGRAYQETQYF	0	0	2.26813944521309e-05	2.26813944521309e-05	1
CSASATKSEQFF	0	0	2.26813944521309e-05	2.26813944521309e-05	1
CSASEGLAGKWGDTQYF	0	0	2.26813944521309e-05	2.26813944521309e-05	1
CSASGTSGVNEQFF	0	0	2.26813944521309e-05	2.26813944521309e-05	1
CSASQGARLAEEQFF	0	0	2.26813944521309e-05	2.26813944521309e-05	1
CSASTPGDEQFF	0	0	2.26813944521309e-05	2.26813944521309e-05	1
CSATGLAGNSYEQYF	0	0	2.26813944521309e-05	2.26813944521309e-05	1
CSATGPFRGTDTQYF	0	0	2.26813944521309e-05	2.26813944521309e-05	1
CSAWRGGGNQPQHF	0	0	2.26813944521309e-05	2.26813944521309e-05	1
CSAWTSGRKYEQYF	0	0	2.26813944521309e-05	2.26813944521309e-05	1
CSVALGAGGLETQYF	0	0	2.26813944521309e-05	2.26813944521309e-05	1
CSVDSGVQETQYF	0	0	2.26813944521309e-05	2.26813944521309e-05	1
CSVGTRLRTDTQYF	0	0	2.26813944521309e-05	2.26813944521309e-05	1
CSVGTSGRPGLFF	0	0	2.26813944521309e-05	2.26813944521309e-05	1
CSVKRRGETQYF	0	0	2.26813944521309e-05	2.26813944521309e-05	1
CTSSPSGTGGNEQFF	0	0	2.26813944521309e-05	2.26813944521309e-05	1
CVTSQVFASTSGVFGHEQYF	0	0	2.26813944521309e-05	2.26813944521309e-05	1
CACSQGQGTANVLTF	0	1.66733360010671e-05	0	1.66733360010671e-05	1
CACTPGGSSYEQYF	0	1.66733360010671e-05	0	1.66733360010671e-05	1
CAGSAGLAGFPKYF	0	1.66733360010671e-05	0	1.66733360010671e-05	1
CAGSLLRGGGELFF	0	1.66733360010671e-05	0	1.66733360010671e-05	1
CAGSPRLAGGLAGELFF	0	1.66733360010671e-05	0	1.66733360010671e-05	1
CAGSRGLANNEQFF	0	1.66733360010671e-05	0	1.66733360010671e-05	1
CAGSTDYYEQYF	0	1.66733360010671e-05	0	1.66733360010671e-05	1
CAGSYAGAAQPQHF	0	1.66733360010671e-05	0	1.66733360010671e-05	1
CAGSYSGLALVSYEQYF	0	1.66733360010671e-05	0	1.66733360010671e-05	1
CAIKVAGTETQYF	0	1.66733360010671e-05	0	1.66733360010671e-05	1
CAIQGIGNTIYF	0	1.66733360010671e-05	0	1.66733360010671e-05	1
CAIRLQGSSYEQYF	0	1.66733360010671e-05	0	1.66733360010671e-05	1
CAIRTGLKVRAFF	0	1.66733360010671e-05	0	1.66733360010671e-05	1
CAISAERGTEAFF	0	1.66733360010671e-05	0	1.66733360010671e-05	1
CAISDPGGFDQPQHF	0	1.66733360010671e-05	0	1.66733360010671e-05	1
CAISELSGEQFF	0	1.66733360010671e-05	0	1.66733360010671e-05	1
CAISESAGQNSPLHF	0	1.66733360010671e-05	0	1.66733360010671e-05	1
CAISESLETEAFF	0	1.66733360010671e-05	0	1.66733360010671e-05	1
CAISESRKETQYF	0	1.66733360010671e-05	0	1.66733360010671e-05	1
CAISPGPAGKGTQYF	0	1.66733360010671e-05	0	1.66733360010671e-05	1
CAITAAQMDTEAFF	0	1.66733360010671e-05	0	1.66733360010671e-05	1
CAIYSYGYTF	0	1.66733360010671e-05	0	1.66733360010671e-05	1
CANSLPGGIAFF	0	1.66733360010671e-05	0	1.66733360010671e-05	1
CANTEGKVANQPQHF	0	1.66733360010671e-05	0	1.66733360010671e-05	1
CARAGWEHEQYF	0	1.66733360010671e-05	0	1.66733360010671e-05	1
CARRGTGWNTGELFF	0	1.66733360010671e-05	0	1.66733360010671e-05	1
CARSLGSTDTQYF	0	1.66733360010671e-05	0	1.66733360010671e-05	1
CARSLLQGKINEQFF	0	1.66733360010671e-05	0	1.66733360010671e-05	1
CASAGEGTEAFF	0	1.66733360010671e-05	0	1.66733360010671e-05	1
CASEGQGGKETQYF	0	1.66733360010671e-05	0	1.66733360010671e-05	1
CASGLAGVPEQYF	0	1.66733360010671e-05	0	1.66733360010671e-05	1
CASGLWGWETQYF	0	1.66733360010671e-05	0	1.66733360010671e-05	1
CASGQTVNTEAFF	0	1.66733360010671e-05	0	1.66733360010671e-05	1
CASGYSRGEYSETQYF	0	1.66733360010671e-05	0	1.66733360010671e-05	1
CASIFKTSGIGETQYF	0	1.66733360010671e-05	0	1.66733360010671e-05	1
CASIQSLAAEAFF	0	1.66733360010671e-05	0	1.66733360010671e-05	1
CASISDRDNQPQHF	0	1.66733360010671e-05	0	1.66733360010671e-05	1
CASISGTGRSFGTEAFF	0	1.66733360010671e-05	0	1.66733360010671e-05	1
CASKGGDYEKLFF	0	1.66733360010671e-05	0	1.66733360010671e-05	1
CASKLSDRGLTEAFF	0	1.66733360010671e-05	0	1.66733360010671e-05	1
CASKNSVEKLFF	0	1.66733360010671e-05	0	1.66733360010671e-05	1
CASKPGLETQNF	0	1.66733360010671e-05	0	1.66733360010671e-05	1
CASLLGDTYTEAFF	0	1.66733360010671e-05	0	1.66733360010671e-05	1
CASLPRERSYNEQFF	0	1.66733360010671e-05	0	1.66733360010671e-05	1
CASLRAGDTGELFF	0	1.66733360010671e-05	0	1.66733360010671e-05	1
CASLSEGPLDYGYTF	0	1.66733360010671e-05	0	1.66733360010671e-05	1
CASNIVVNTEAFF	0	1.66733360010671e-05	0	1.66733360010671e-05	1
CASNLLAGGEQFF	0	1.66733360010671e-05	0	1.66733360010671e-05	1
CASNPGQAIQETQYF	0	1.66733360010671e-05	0	1.66733360010671e-05	1
CASNPGQGGSYEQYF	0	1.66733360010671e-05	0	1.66733360010671e-05	1
CASNRGQDYGYTF	0	1.66733360010671e-05	0	1.66733360010671e-05	1
CASNSPVGQGAYEQYF	0	1.66733360010671e-05	0	1.66733360010671e-05	1
CASNYGSYYGYTF	0	1.66733360010671e-05	0	1.66733360010671e-05	1
CASQGGNTGELFF	0	1.66733360010671e-05	0	1.66733360010671e-05	1
CASRAYRQGTNRGGHTDTQYF	0	1.66733360010671e-05	0	1.66733360010671e-05	1
CASRDRCIYGYTF	0	1.66733360010671e-05	0	1.66733360010671e-05	1
CASRGLAGLADEQFF	0	1.66733360010671e-05	0	1.66733360010671e-05	1
CASRGTGDYEQYF	0	1.66733360010671e-05	0	1.66733360010671e-05	1
CASRPELAAYEQDF	0	1.66733360010671e-05	0	1.66733360010671e-05	1
CASRPTSGRNNEQFF	0	1.66733360010671e-05	0	1.66733360010671e-05	1
CASRPVGGAGNTIYF	0	1.66733360010671e-05	0	1.66733360010671e-05	1
CASRPWTSGNSGELFF	0	1.66733360010671e-05	0	1.66733360010671e-05	1
CASRQGRGYTF	0	1.66733360010671e-05	0	1.66733360010671e-05	1
CASRQGTGGYEQYF	0	1.66733360010671e-05	0	1.66733360010671e-05	1
CASRRGQGRKTQYF	0	1.66733360010671e-05	0	1.66733360010671e-05	1
CASRRQGWPYNEQFF	0	1.66733360010671e-05	0	1.66733360010671e-05	1
CASRSLVTWYTGELFF	0	1.66733360010671e-05	0	1.66733360010671e-05	1
CASRSSGTGVAEAFF	0	1.66733360010671e-05	0	1.66733360010671e-05	1
CASRTAASTEAFF	0	1.66733360010671e-05	0	1.66733360010671e-05	1
CASRTGNYGYTF	0	1.66733360010671e-05	0	1.66733360010671e-05	1
CASRYRASNTGELFF	0	1.66733360010671e-05	0	1.66733360010671e-05	1
CASRYSGHSTNEKLFF	0	1.66733360010671e-05	0	1.66733360010671e-05	1
CASSAGGRSADTQYF	0	1.66733360010671e-05	0	1.66733360010671e-05	1
CASSAGLAGFHKYF	0	1.66733360010671e-05	0	1.66733360010671e-05	1
CASSAPGAAPGKSYEQYF	0	1.66733360010671e-05	0	1.66733360010671e-05	1
CASSAPVNQKSYGQYF	0	1.66733360010671e-05	0	1.66733360010671e-05	1
CASSASVGLRDNEQFF	0	1.66733360010671e-05	0	1.66733360010671e-05	1
CASSATGNYNSPLHF	0	1.66733360010671e-05	0	1.66733360010671e-05	1
CASSDGRLGNTETFF	0	1.66733360010671e-05	0	1.66733360010671e-05	1
CASSDLDRGLAGELFF	0	1.66733360010671e-05	0	1.66733360010671e-05	1
CASSDRGQPQHF	0	1.66733360010671e-05	0	1.66733360010671e-05	1
CASSDRVTEAFF	0	1.66733360010671e-05	0	1.66733360010671e-05	1
CASSEAGGYYGYTF	0	1.66733360010671e-05	0	1.66733360010671e-05	1
CASSEAGTLDPYNEQFF	0	1.66733360010671e-05	0	1.66733360010671e-05	1
CASSEAGVLDPYNEQFF	0	1.66733360010671e-05	0	1.66733360010671e-05	1
CASSEEPRDTQYF	0	1.66733360010671e-05	0	1.66733360010671e-05	1
CASSEGGEAFF	0	1.66733360010671e-05	0	1.66733360010671e-05	1
CASSEGLWQPQHF	0	1.66733360010671e-05	0	1.66733360010671e-05	1
CASSEGQYGYTF	0	1.66733360010671e-05	0	1.66733360010671e-05	1
CASSEGVEAFF	0	1.66733360010671e-05	0	1.66733360010671e-05	1
CASSELRGTGTNNEQFF	0	1.66733360010671e-05	0	1.66733360010671e-05	1
CASSENESRDRGQFF	1.20560364574542e-05	1.66733360010671e-05	0	1.66733360010671e-05	2
CASSERDADYGYTF	0	1.66733360010671e-05	0	1.66733360010671e-05	1
CASSERTSGGRGADTQYF	0	1.66733360010671e-05	0	1.66733360010671e-05	1
CASSEVTYEQYF	0	1.66733360010671e-05	0	1.66733360010671e-05	1
CASSEWAGTRGDEQFF	0	1.66733360010671e-05	0	1.66733360010671e-05	1
CASSEWPGDGYTF	0	1.66733360010671e-05	0	1.66733360010671e-05	1
CASSFCRGCEQYF	0	1.66733360010671e-05	0	1.66733360010671e-05	1
CASSFDTNTEAFF	0	1.66733360010671e-05	0	1.66733360010671e-05	1
CASSFFPSLQGGTGELFF	0	1.66733360010671e-05	0	1.66733360010671e-05	1
CASSFFRRQVNTEAFF	0	1.66733360010671e-05	0	1.66733360010671e-05	1
CASSFGDQGNEQFF	0	1.66733360010671e-05	0	1.66733360010671e-05	1
CASSFGGGNTEAFF	0	1.66733360010671e-05	0	1.66733360010671e-05	1
CASSFGGRYIQYF	0	1.66733360010671e-05	0	1.66733360010671e-05	1
CASSFGKDF	0	1.66733360010671e-05	0	1.66733360010671e-05	1
CASSFGNPGDTQYF	0	1.66733360010671e-05	0	1.66733360010671e-05	1
CASSFGQAGSGYTF	0	1.66733360010671e-05	0	1.66733360010671e-05	1
CASSFGQGRETQYL	0	1.66733360010671e-05	0	1.66733360010671e-05	1
CASSFKASGIGETQYF	0	1.66733360010671e-05	0	1.66733360010671e-05	1
CASSFLAGGSSYNEQFF	0	1.66733360010671e-05	0	1.66733360010671e-05	1
CASSFLGRRGNYGYTF	0	1.66733360010671e-05	0	1.66733360010671e-05	1
CASSFPRDTSYEQYF	0	1.66733360010671e-05	0	1.66733360010671e-05	1
CASSFRGTGEKLFF	0	1.66733360010671e-05	0	1.66733360010671e-05	1
CASSFSAASNQPQHF	0	1.66733360010671e-05	0	1.66733360010671e-05	1
CASSFSHGRGGSGNTIYF	0	1.66733360010671e-05	0	1.66733360010671e-05	1
CASSFSSGRAYNEQFF	0	1.66733360010671e-05	0	1.66733360010671e-05	1
CASSFTATGELFF	0	1.66733360010671e-05	0	1.66733360010671e-05	1
CASSFYLGRSPSYEQYF	0	1.66733360010671e-05	0	1.66733360010671e-05	1
CASSFYSLGGYSNEQFF	0	1.66733360010671e-05	0	1.66733360010671e-05	1
CASSGGLYNEQFF	0	1.66733360010671e-05	0	1.66733360010671e-05	1
CASSGGRVNYGYTF	0	1.66733360010671e-05	0	1.66733360010671e-05	1
CASSGGTENQPQHF	0	1.66733360010671e-05	0	1.66733360010671e-05	1
CASSGLERTEQYF	0	1.66733360010671e-05	0	1.66733360010671e-05	1
CASSGLVRTEQYF	0	1.66733360010671e-05	0	1.66733360010671e-05	1
CASSGQAEAFF	0	1.66733360010671e-05	0	1.66733360010671e-05	1
CASSGRRTAQNTQYF	0	1.66733360010671e-05	0	1.66733360010671e-05	1
CASSGSNRYEQYF	0	1.66733360010671e-05	0	1.66733360010671e-05	1
CASSGSSYIYNEQIF	0	1.66733360010671e-05	0	1.66733360010671e-05	1
CASSGTGDTGELFF	0	1.66733360010671e-05	0	1.66733360010671e-05	1
CASSGTGHLDEAFF	0	1.66733360010671e-05	0	1.66733360010671e-05	1
CASSGTGHVGYNEQFF	0	1.66733360010671e-05	0	1.66733360010671e-05	1
CASSGTGTGGLSYNEQFF	0	1.66733360010671e-05	0	1.66733360010671e-05	1
CASSGYGTDDQPQHF	0	1.66733360010671e-05	0	1.66733360010671e-05	1
CASSHGVNTGELFF	0	1.66733360010671e-05	0	1.66733360010671e-05	1
CASSHLGQRVSAETQYF	0	1.66733360010671e-05	0	1.66733360010671e-05	1
CASSHRRGETQYF	0	1.66733360010671e-05	0	1.66733360010671e-05	1
CASSHTSGGTLVEETQYF	0	1.66733360010671e-05	0	1.66733360010671e-05	1
CASSHWKELAGFNEQFF	0	1.66733360010671e-05	0	1.66733360010671e-05	1
CASSHWTGADEQFF	0	1.66733360010671e-05	0	1.66733360010671e-05	1
CASSIDSWQETQYF	0	1.66733360010671e-05	0	1.66733360010671e-05	1
CASSIGRISVETQYF	0	1.66733360010671e-05	0	1.66733360010671e-05	1
CASSIGTGTEAFF	0	1.66733360010671e-05	0	1.66733360010671e-05	1
CASSIGTSHWELFF	0	1.66733360010671e-05	0	1.66733360010671e-05	1
CASSILVATGELFF	0	1.66733360010671e-05	0	1.66733360010671e-05	1
CASSIQGLGCYEQYF	0	1.66733360010671e-05	0	1.66733360010671e-05	1
CASSIQGTDTQYF	0	1.66733360010671e-05	0	1.66733360010671e-05	1
CASSIRDYPPVNEQFF	0	1.66733360010671e-05	0	1.66733360010671e-05	1
CASSIRGTGSNEQFF	0	1.66733360010671e-05	0	1.66733360010671e-05	1
CASSIRQYTEAFF	0	1.66733360010671e-05	0	1.66733360010671e-05	1
CASSKDSEAFF	0	1.66733360010671e-05	0	1.66733360010671e-05	1
CASSLADRTYEAFF	0	1.66733360010671e-05	0	1.66733360010671e-05	1
CASSLAGATEAFF	0	1.66733360010671e-05	0	1.66733360010671e-05	1
CASSLAGGSTGELFF	0	1.66733360010671e-05	0	1.66733360010671e-05	1
CASSLAGGTSTDTQYF	0	1.66733360010671e-05	0	1.66733360010671e-05	1
CASSLAGSDTQYF	0	1.66733360010671e-05	0	1.66733360010671e-05	1
CASSLAGTGEAFF	0	1.66733360010671e-05	0	1.66733360010671e-05	1
CASSLAPYRRILAGGNGQFF	0	1.66733360010671e-05	0	1.66733360010671e-05	1
CASSLARAKETQYF	0	1.66733360010671e-05	0	1.66733360010671e-05	1
CASSLASGTYNEQFF	0	1.66733360010671e-05	0	1.66733360010671e-05	1
CASSLDGAGETQYF	0	1.66733360010671e-05	0	1.66733360010671e-05	1
CASSLDPGGLLQETQYF	0	1.66733360010671e-05	0	1.66733360010671e-05	1
CASSLDSNQPRHF	0	1.66733360010671e-05	0	1.66733360010671e-05	1
CASSLEGGSYTEAFF	0	1.66733360010671e-05	0	1.66733360010671e-05	1
CASSLEGQASSYEQYF	0	1.66733360010671e-05	0	1.66733360010671e-05	1
CASSLEGVAREDQETQYF	0	1.66733360010671e-05	0	1.66733360010671e-05	1
CASSLFGGGLHHNEQFF	0	1.66733360010671e-05	0	1.66733360010671e-05	1
CASSLFGIGNTEAFF	0	1.66733360010671e-05	0	1.66733360010671e-05	1
CASSLFSGNEQFL	0	1.66733360010671e-05	0	1.66733360010671e-05	1
CASSLGAFGVNEQFF	0	1.66733360010671e-05	0	1.66733360010671e-05	1
CASSLGDTTYGYTF	0	1.66733360010671e-05	0	1.66733360010671e-05	1
CASSLGGGAIDGYTF	0	1.66733360010671e-05	0	1.66733360010671e-05	1
CASSLGLAETDTQYF	0	1.66733360010671e-05	0	1.66733360010671e-05	1
CASSLGLAGGELFF	0	1.66733360010671e-05	0	1.66733360010671e-05	1
CASSLGLGPYNEQFF	0	1.66733360010671e-05	0	1.66733360010671e-05	1
CASSLGLGSIGESGNTIYF	0	1.66733360010671e-05	0	1.66733360010671e-05	1
CASSLGLTNQPQHF	0	1.66733360010671e-05	0	1.66733360010671e-05	1
CASSLGPDTQYF	0	1.66733360010671e-05	0	1.66733360010671e-05	1
CASSLGQGDTEAFF	0	1.66733360010671e-05	0	1.66733360010671e-05	1
CASSLGQGDYEQHF	0	1.66733360010671e-05	0	1.66733360010671e-05	1
CASSLGQGEAFF	0	1.66733360010671e-05	0	1.66733360010671e-05	1
CASSLGQVNQPQHF	0	1.66733360010671e-05	0	1.66733360010671e-05	1
CASSLGTGWNQPQHF	0	1.66733360010671e-05	0	1.66733360010671e-05	1
CASSLGVLAVGGPYNEQFF	0	1.66733360010671e-05	0	1.66733360010671e-05	1
CASSLGVTEAFF	0	1.66733360010671e-05	0	1.66733360010671e-05	1
CASSLGVWNTEAFF	0	1.66733360010671e-05	0	1.66733360010671e-05	1
CASSLKAGVRDEQFF	0	1.66733360010671e-05	0	1.66733360010671e-05	1
CASSLLGSGNEQFF	0	1.66733360010671e-05	0	1.66733360010671e-05	1
CASSLLGVDSHCVDNEQFF	0	1.66733360010671e-05	0	1.66733360010671e-05	1
CASSLLLAGINEQLF	0	1.66733360010671e-05	0	1.66733360010671e-05	1
CASSLLPGGNTDTQYF	0	1.66733360010671e-05	0	1.66733360010671e-05	1
CASSLLQDQETQYF	0	1.66733360010671e-05	0	1.66733360010671e-05	1
CASSLLSGENTQYF	0	1.66733360010671e-05	0	1.66733360010671e-05	1
CASSLPGGIAFF	0	1.66733360010671e-05	0	1.66733360010671e-05	1
CASSLPGPYGYTF	0	1.66733360010671e-05	0	1.66733360010671e-05	1
CASSLPSSGRAGELFF	0	1.66733360010671e-05	0	1.66733360010671e-05	1
CASSLQGGLYNEQFF	0	1.66733360010671e-05	0	1.66733360010671e-05	1
CASSLRGLDGELFF	0	1.66733360010671e-05	0	1.66733360010671e-05	1
CASSLRGNDVNTQYF	0	1.66733360010671e-05	0	1.66733360010671e-05	1
CASSLRMSETEAFF	0	1.66733360010671e-05	0	1.66733360010671e-05	1
CASSLRTGDQPQHF	0	1.66733360010671e-05	0	1.66733360010671e-05	1
CASSLRTGEFVGYTF	0	1.66733360010671e-05	0	1.66733360010671e-05	1
CASSLRVSLPDNEQFF	0	1.66733360010671e-05	0	1.66733360010671e-05	1
CASSLSENTEAFF	0	1.66733360010671e-05	0	1.66733360010671e-05	1
CASSLSESPGDTQYF	0	1.66733360010671e-05	0	1.66733360010671e-05	1
CASSLSGEGNIQYF	0	1.66733360010671e-05	0	1.66733360010671e-05	1
CASSLSGGGSWTPLHF	0	1.66733360010671e-05	0	1.66733360010671e-05	1
CASSLSGGSFYYEQYF	0	1.66733360010671e-05	0	1.66733360010671e-05	1
CASSLSGLDNSLLHF	0	1.66733360010671e-05	0	1.66733360010671e-05	1
CASSLSGSNQPQHF	0	1.66733360010671e-05	0	1.66733360010671e-05	1
CASSLSGSSGANVLTF	0	1.66733360010671e-05	0	1.66733360010671e-05	1
CASSLTDRASYEQYF	0	1.66733360010671e-05	0	1.66733360010671e-05	1
CASSLTGASTIQYF	0	1.66733360010671e-05	0	1.66733360010671e-05	1
CASSLTGSAGGSYEQYF	0	1.66733360010671e-05	0	1.66733360010671e-05	1
CASSLTGTGELFF	0	1.66733360010671e-05	0	1.66733360010671e-05	1
CASSLTRGGGNQPQHF	0	1.66733360010671e-05	0	1.66733360010671e-05	1
CASSLTSTGVTEAFF	0	1.66733360010671e-05	0	1.66733360010671e-05	1
CASSLVGGNTGELFF	0	1.66733360010671e-05	0	1.66733360010671e-05	1
CASSLVGSKQFF	0	1.66733360010671e-05	0	1.66733360010671e-05	1
CASSLVIINTYNEQFF	0	1.66733360010671e-05	0	1.66733360010671e-05	1
CASSLVSGDNEQFY	0	1.66733360010671e-05	0	1.66733360010671e-05	1
CASSLWYRDEQYF	0	1.66733360010671e-05	0	1.66733360010671e-05	1
CASSLYAGDGNRIYGYTF	0	1.66733360010671e-05	0	1.66733360010671e-05	1
CASSLYASSYNEQFF	1.20560364574542e-05	1.66733360010671e-05	0	1.66733360010671e-05	2
CASSMNTEAFF	0	1.66733360010671e-05	0	1.66733360010671e-05	1
CASSMVSASGEQYF	0	1.66733360010671e-05	0	1.66733360010671e-05	1
CASSNDRAYGYTF	0	1.66733360010671e-05	0	1.66733360010671e-05	1
CASSNDRGLLQETQYF	0	1.66733360010671e-05	0	1.66733360010671e-05	1
CASSNTGYEQYF	0	1.66733360010671e-05	0	1.66733360010671e-05	1
CASSPASGWVTEAFF	0	1.66733360010671e-05	0	1.66733360010671e-05	1
CASSPDGQNTEAFF	0	1.66733360010671e-05	0	1.66733360010671e-05	1
CASSPGATAQLQPQHF	0	1.66733360010671e-05	0	1.66733360010671e-05	1
CASSPGATVQFQPQHF	0	1.66733360010671e-05	0	1.66733360010671e-05	1
CASSPGGKETQYF	0	1.66733360010671e-05	0	1.66733360010671e-05	1
CASSPGGTQKVADGYTF	0	1.66733360010671e-05	0	1.66733360010671e-05	1
CASSPGLAEYSEQFF	0	1.66733360010671e-05	0	1.66733360010671e-05	1
CASSPGLEAYEQYF	0	1.66733360010671e-05	0	1.66733360010671e-05	1
CASSPIVGANVLTF	0	1.66733360010671e-05	0	1.66733360010671e-05	1
CASSPLAGGGTSTDTQYF	0	1.66733360010671e-05	0	1.66733360010671e-05	1
CASSPLAGGSTDAQYF	0	1.66733360010671e-05	0	1.66733360010671e-05	1
CASSPLGAANTEAFF	0	1.66733360010671e-05	0	1.66733360010671e-05	1
CASSPLPTAGLFF	0	1.66733360010671e-05	0	1.66733360010671e-05	1
CASSPLSYGYTF	0	1.66733360010671e-05	0	1.66733360010671e-05	1
CASSPPMEDEQFF	0	1.66733360010671e-05	0	1.66733360010671e-05	1
CASSPPMKDPPREQYF	0	1.66733360010671e-05	0	1.66733360010671e-05	1
CASSPPPGRPSYEQYF	0	1.66733360010671e-05	0	1.66733360010671e-05	1
CASSPPYRGGNGQYF	0	1.66733360010671e-05	0	1.66733360010671e-05	1
CASSPQLGLAGPNF	0	1.66733360010671e-05	0	1.66733360010671e-05	1
CASSPQPPGPKVFNEQFF	0	1.66733360010671e-05	0	1.66733360010671e-05	1
CASSPQRGANNEKLFF	0	1.66733360010671e-05	0	1.66733360010671e-05	1
CASSPQSRGTENEQYF	0	1.66733360010671e-05	0	1.66733360010671e-05	1
CASSPQTSSYEQYF	0	1.66733360010671e-05	0	1.66733360010671e-05	1
CASSPRGGSEAFF	0	1.66733360010671e-05	0	1.66733360010671e-05	1
CASSPRIETQYF	0	1.66733360010671e-05	0	1.66733360010671e-05	1
CASSPRNTEAFF	0	1.66733360010671e-05	0	1.66733360010671e-05	1
CASSPRPGRGTEAFF	0	1.66733360010671e-05	0	1.66733360010671e-05	1
CASSPRQGAEGTEAFF	0	1.66733360010671e-05	0	1.66733360010671e-05	1
CASSPRQYTGELFF	0	1.66733360010671e-05	0	1.66733360010671e-05	1
CASSPRWDEEFF	0	1.66733360010671e-05	0	1.66733360010671e-05	1
CASSPSGAGETQYF	0	1.66733360010671e-05	0	1.66733360010671e-05	1
CASSPSGRPHYEQYF	1.20560364574542e-05	1.66733360010671e-05	1.13406972260655e-05	1.66733360010671e-05	3
CASSPSLGVSYNEQFF	0	1.66733360010671e-05	0	1.66733360010671e-05	1
CASSPTAWAETQYF	0	1.66733360010671e-05	0	1.66733360010671e-05	1
CASSPTGQGAGEQFF	0	1.66733360010671e-05	0	1.66733360010671e-05	1
CASSPTLGRYGYTF	0	1.66733360010671e-05	0	1.66733360010671e-05	1
CASSPYEIRETTGELFF	0	1.66733360010671e-05	1.13406972260655e-05	1.66733360010671e-05	2
CASSPYSPKVVRGRYGYTF	0	1.66733360010671e-05	0	1.66733360010671e-05	1
CASSQAGADNEKLFF	0	1.66733360010671e-05	0	1.66733360010671e-05	1
CASSQAGETNTGELFF	0	1.66733360010671e-05	0	1.66733360010671e-05	1
CASSQAGVGVYGYTF	0	1.66733360010671e-05	0	1.66733360010671e-05	1
CASSQANTIYF	0	1.66733360010671e-05	0	1.66733360010671e-05	1
CASSQAQETQYF	0	1.66733360010671e-05	0	1.66733360010671e-05	1
CASSQATGGFYGYTF	0	1.66733360010671e-05	0	1.66733360010671e-05	1
CASSQDEDGTGRNQPQHF	0	1.66733360010671e-05	0	1.66733360010671e-05	1
CASSQDETGATGGDEQFF	0	1.66733360010671e-05	0	1.66733360010671e-05	1
CASSQDITSTDTQYF	0	1.66733360010671e-05	0	1.66733360010671e-05	1
CASSQDLGGMNNEQFF	0	1.66733360010671e-05	0	1.66733360010671e-05	1
CASSQDLSRAEGSGANVLTF	0	1.66733360010671e-05	0	1.66733360010671e-05	1
CASSQDPGNYEQYF	0	1.66733360010671e-05	0	1.66733360010671e-05	1
CASSQDRDTQYF	0	1.66733360010671e-05	0	1.66733360010671e-05	1
CASSQDRRSEQYF	0	1.66733360010671e-05	0	1.66733360010671e-05	1
CASSQDWGESGANVLAF	0	1.66733360010671e-05	0	1.66733360010671e-05	1
CASSQEGHNRNEKLFF	0	1.66733360010671e-05	0	1.66733360010671e-05	1
CASSQEGLPTGELFF	0	1.66733360010671e-05	0	1.66733360010671e-05	1
CASSQEGWDDQYF	0	1.66733360010671e-05	0	1.66733360010671e-05	1
CASSQESGTGYSSGSPLHF	0	1.66733360010671e-05	0	1.66733360010671e-05	1
CASSQFHGDRGYNEQFF	0	1.66733360010671e-05	0	1.66733360010671e-05	1
CASSQGAGYTDTEAFF	0	1.66733360010671e-05	0	1.66733360010671e-05	1
CASSQGAGYTNTEAFF	0	1.66733360010671e-05	0	1.66733360010671e-05	1
CASSQGDNQPQHF	0	1.66733360010671e-05	0	1.66733360010671e-05	1
CASSQGDYLRETQYF	0	1.66733360010671e-05	0	1.66733360010671e-05	1
CASSQGKWDTEAFF	0	1.66733360010671e-05	0	1.66733360010671e-05	1
CASSQGLAGGGHEQYF	0	1.66733360010671e-05	0	1.66733360010671e-05	1
CASSQGRNTGELFF	0	1.66733360010671e-05	0	1.66733360010671e-05	1
CASSQGSEAFF	0	1.66733360010671e-05	0	1.66733360010671e-05	1
CASSQGTGETQYF	0	1.66733360010671e-05	0	1.66733360010671e-05	1
CASSQGTGHTSTEAFF	0	1.66733360010671e-05	0	1.66733360010671e-05	1
CASSQGTLHGNQPQHF	0	1.66733360010671e-05	0	1.66733360010671e-05	1
CASSQKIGGNIQYF	0	1.66733360010671e-05	0	1.66733360010671e-05	1
CASSQPQETQYF	0	1.66733360010671e-05	0	1.66733360010671e-05	1
CASSQQGASEAFF	0	1.66733360010671e-05	0	1.66733360010671e-05	1
CASSQRSGTPSGSTIYF	0	1.66733360010671e-05	0	1.66733360010671e-05	1
CASSQSLGSEAFF	0	1.66733360010671e-05	0	1.66733360010671e-05	1
CASSQVITPYTGELFF	0	1.66733360010671e-05	0	1.66733360010671e-05	1
CASSQYATSYQPQHF	0	1.66733360010671e-05	0	1.66733360010671e-05	1
CASSRDGRTTYEQYF	0	1.66733360010671e-05	0	1.66733360010671e-05	1
CASSRDRGPNNEQFF	0	1.66733360010671e-05	0	1.66733360010671e-05	1
CASSREGTGVTEAFF	0	1.66733360010671e-05	0	1.66733360010671e-05	1
CASSRGGGTYNEQFF	0	1.66733360010671e-05	0	1.66733360010671e-05	1
CASSRGGRSTYEQYF	0	1.66733360010671e-05	0	1.66733360010671e-05	1
CASSRGNPEETQYF	0	1.66733360010671e-05	0	1.66733360010671e-05	1
CASSRHVGETQYF	0	1.66733360010671e-05	0	1.66733360010671e-05	1
CASSRMLPTSGGTYEQYF	0	1.66733360010671e-05	0	1.66733360010671e-05	1
CASSRNSGRIGSFEQYF	0	1.66733360010671e-05	0	1.66733360010671e-05	1
CASSRPLWGTEAFF	0	1.66733360010671e-05	0	1.66733360010671e-05	1
CASSRQGDHNEQFF	0	1.66733360010671e-05	0	1.66733360010671e-05	1
CASSRQGDRNERFF	0	1.66733360010671e-05	0	1.66733360010671e-05	1
CASSRQSGETQYF	0	1.66733360010671e-05	0	1.66733360010671e-05	1
CASSRSTDQAKETQYF	0	1.66733360010671e-05	0	1.66733360010671e-05	1
CASSRTGLAINEQFF	0	1.66733360010671e-05	0	1.66733360010671e-05	1
CASSRYTVNYGYTF	0	1.66733360010671e-05	0	1.66733360010671e-05	1
CASSSDRGQPQHF	0	1.66733360010671e-05	0	1.66733360010671e-05	1
CASSSDRSGYTF	0	1.66733360010671e-05	0	1.66733360010671e-05	1
CASSSGALNTEAFF	0	1.66733360010671e-05	0	1.66733360010671e-05	1
CASSSGSTDTQYF	0	1.66733360010671e-05	0	1.66733360010671e-05	1
CASSSGYTGELFF	0	1.66733360010671e-05	0	1.66733360010671e-05	1
CASSSHTQQAPTPNQPQHF	0	1.66733360010671e-05	0	1.66733360010671e-05	1
CASSSLGQRGGYGEQFF	0	1.66733360010671e-05	0	1.66733360010671e-05	1
CASSSLISGRAGANVLTF	0	1.66733360010671e-05	0	1.66733360010671e-05	1
CASSSLVNTEAFF	0	1.66733360010671e-05	0	1.66733360010671e-05	1
CASSSNPKSYEQYF	0	1.66733360010671e-05	0	1.66733360010671e-05	1
CASSSPGEQADTQYF	0	1.66733360010671e-05	0	1.66733360010671e-05	1
CASSSPGTSYEQYF	0	1.66733360010671e-05	0	1.66733360010671e-05	1
CASSSPSTGVWTEAFF	0	1.66733360010671e-05	0	1.66733360010671e-05	1
CASSSPSTVNTEAFF	0	1.66733360010671e-05	0	1.66733360010671e-05	1
CASSSPYRSGVKNCFF	0	1.66733360010671e-05	0	1.66733360010671e-05	1
CASSSRLNTEAFF	0	1.66733360010671e-05	0	1.66733360010671e-05	1
CASSSRPDWTDTQYF	1.20560364574542e-05	1.66733360010671e-05	0	1.66733360010671e-05	2
CASSSSGFMNTEAFF	0	1.66733360010671e-05	0	1.66733360010671e-05	1
CASSSSTEAFF	0	1.66733360010671e-05	0	1.66733360010671e-05	1
CASSSTGTSGNNEQFF	0	1.66733360010671e-05	0	1.66733360010671e-05	1
CASSSVGRPYGYTF	0	1.66733360010671e-05	0	1.66733360010671e-05	1
CASSSVQGNTEAFF	0	1.66733360010671e-05	0	1.66733360010671e-05	1
CASSSVWTKNGYTF	0	1.66733360010671e-05	0	1.66733360010671e-05	1
CASSSYGVGETQYF	0	1.66733360010671e-05	0	1.66733360010671e-05	1
CASSSYLAGRGTEQFF	0	1.66733360010671e-05	0	1.66733360010671e-05	1
CASSTAGGGYEQYF	0	1.66733360010671e-05	0	1.66733360010671e-05	1
CASSTGTGYEQYF	0	1.66733360010671e-05	0	1.66733360010671e-05	1
CASSTTGSTEAFF	0	1.66733360010671e-05	0	1.66733360010671e-05	1
CASSVATDNTEAFF	0	1.66733360010671e-05	0	1.66733360010671e-05	1
CASSVDRVYGYTF	0	1.66733360010671e-05	0	1.66733360010671e-05	1
CASSVFGSSYNEQFF	0	1.66733360010671e-05	0	1.66733360010671e-05	1
CASSVGGGETQYF	0	1.66733360010671e-05	0	1.66733360010671e-05	1
CASSVGLAGGQETQYF	0	1.66733360010671e-05	0	1.66733360010671e-05	1
CASSVGTGTRNIQYF	0	1.66733360010671e-05	0	1.66733360010671e-05	1
CASSVGVSSGCNRNEQFF	0	1.66733360010671e-05	0	1.66733360010671e-05	1
CASSVPGDEQFF	0	1.66733360010671e-05	0	1.66733360010671e-05	1
CASSVSGQGVGSPLHF	0	1.66733360010671e-05	0	1.66733360010671e-05	1
CASSVTDYGYTF	0	1.66733360010671e-05	0	1.66733360010671e-05	1
CASSVTSGRGSGELFF	0	1.66733360010671e-05	0	1.66733360010671e-05	1
CASSWASLYYEQFY	0	1.66733360010671e-05	0	1.66733360010671e-05	1
CASSWDSNSNEKLFF	0	1.66733360010671e-05	0	1.66733360010671e-05	1
CASSWKVNSPLHF	0	1.66733360010671e-05	0	1.66733360010671e-05	1
CASSWTGGSIIVTDTQYF	0	1.66733360010671e-05	0	1.66733360010671e-05	1
CASSYATGTSYGYTF	0	1.66733360010671e-05	0	1.66733360010671e-05	1
CASSYGGAEAFF	0	1.66733360010671e-05	0	1.66733360010671e-05	1
CASSYLGTRTSYGYTF	0	1.66733360010671e-05	0	1.66733360010671e-05	1
CASSYRQGIYEQYF	0	1.66733360010671e-05	0	1.66733360010671e-05	1
CASSYSGGGNYGYTF	0	1.66733360010671e-05	0	1.66733360010671e-05	1
CASSYSGTGTYEQYF	0	1.66733360010671e-05	0	1.66733360010671e-05	1
CASSYSRDYEQHF	0	1.66733360010671e-05	0	1.66733360010671e-05	1
CASSYSSGRPGSYNEQFF	0	1.66733360010671e-05	0	1.66733360010671e-05	1
CASSYSVGLAGGPGYEQYL	0	1.66733360010671e-05	0	1.66733360010671e-05	1
CASSYTGQDGYTF	0	1.66733360010671e-05	0	1.66733360010671e-05	1
CASSYWLERLSLGAPSSPLYNEQFF	0	1.66733360010671e-05	0	1.66733360010671e-05	1
CASSYYRSNAEAFF	0	1.66733360010671e-05	0	1.66733360010671e-05	1
CASTASGRLGGELFF	0	1.66733360010671e-05	0	1.66733360010671e-05	1
CASTGDTEAFF	0	1.66733360010671e-05	0	1.66733360010671e-05	1
CASTIGGADSPLHF	0	1.66733360010671e-05	0	1.66733360010671e-05	1
CASTISGRATDTQYF	0	1.66733360010671e-05	0	1.66733360010671e-05	1
CASTLAGAGQWEQFF	0	1.66733360010671e-05	0	1.66733360010671e-05	1
CASTLLGGTYGYTF	0	1.66733360010671e-05	0	1.66733360010671e-05	1
CASTLVMNTEAFF	0	1.66733360010671e-05	0	1.66733360010671e-05	1
CASTPGQGAYDTQYF	0	1.66733360010671e-05	0	1.66733360010671e-05	1
CASTTHGAEMNTEAFF	0	1.66733360010671e-05	0	1.66733360010671e-05	1
CASTWTANTEAFF	0	1.66733360010671e-05	0	1.66733360010671e-05	1
CATLQGEASGNEQFF	0	1.66733360010671e-05	0	1.66733360010671e-05	1
CATNNPAIRALGTETFF	0	1.66733360010671e-05	0	1.66733360010671e-05	1
CATPRVTSTDTQYF	0	1.66733360010671e-05	0	1.66733360010671e-05	1
CATQGGQGIPRAFF	0	1.66733360010671e-05	0	1.66733360010671e-05	1
CATSALPRGLAEETQYL	0	1.66733360010671e-05	0	1.66733360010671e-05	1
CATSASRREEQFF	0	1.66733360010671e-05	0	1.66733360010671e-05	1
CATSDPGGPFSGANVLTF	0	1.66733360010671e-05	0	1.66733360010671e-05	1
CATSDPVEQGDLYGYTF	0	1.66733360010671e-05	0	1.66733360010671e-05	1
CATSEKDRNNQPQHF	0	1.66733360010671e-05	0	1.66733360010671e-05	1
CATSERVNTDAFF	0	1.66733360010671e-05	0	1.66733360010671e-05	1
CATSGTLAKNIQYF	0	1.66733360010671e-05	0	1.66733360010671e-05	1
CATSKSSPRGGALYGYTF	0	1.66733360010671e-05	0	1.66733360010671e-05	1
CATSLGTSPGPGYTF	0	1.66733360010671e-05	0	1.66733360010671e-05	1
CATSRDLTALAFF	0	1.66733360010671e-05	0	1.66733360010671e-05	1
CATSRDRITTNEKLFF	0	1.66733360010671e-05	0	1.66733360010671e-05	1
CATSRDRPNRETQYF	0	1.66733360010671e-05	0	1.66733360010671e-05	1
CATSRGNGRGSDTQYF	0	1.66733360010671e-05	0	1.66733360010671e-05	1
CATSRSTGSGVAQHF	0	1.66733360010671e-05	0	1.66733360010671e-05	1
CATSRVPGLAVYEQYF	0	1.66733360010671e-05	0	1.66733360010671e-05	1
CATSSPAIRVLGTEAFF	0	1.66733360010671e-05	0	1.66733360010671e-05	1
CATSSVRGGEAFF	0	1.66733360010671e-05	0	1.66733360010671e-05	1
CATSTLPIGQETQYF	0	1.66733360010671e-05	0	1.66733360010671e-05	1
CATSYSHWGTYEQYF	0	1.66733360010671e-05	0	1.66733360010671e-05	1
CAWDNWYTEAFF	0	1.66733360010671e-05	0	1.66733360010671e-05	1
CAWSLLAGVYNEQFF	0	1.66733360010671e-05	0	1.66733360010671e-05	1
CAWSRQRARIEAFF	0	1.66733360010671e-05	0	1.66733360010671e-05	1
CAWSVDSYQPQHF	0	1.66733360010671e-05	0	1.66733360010671e-05	1
CAWSVQASVMVTEAFF	0	1.66733360010671e-05	0	1.66733360010671e-05	1
CAWVLAGTDTQYF	0	1.66733360010671e-05	0	1.66733360010671e-05	1
CDSSLGAGTGELFF	0	1.66733360010671e-05	0	1.66733360010671e-05	1
CDSSQVGGSGIGELFF	0	1.66733360010671e-05	0	1.66733360010671e-05	1
CNAMGRLNTEAFF	0	1.66733360010671e-05	0	1.66733360010671e-05	1
CPSRLAPNTEAFF	0	1.66733360010671e-05	0	1.66733360010671e-05	1
CSAALAGVKETQYF	0	1.66733360010671e-05	0	1.66733360010671e-05	1
CSAASGLNTGELFF	0	1.66733360010671e-05	0	1.66733360010671e-05	1
CSADLGLSYGYTF	0	1.66733360010671e-05	0	1.66733360010671e-05	1
CSAGQSNEKLFF	0	1.66733360010671e-05	0	1.66733360010671e-05	1
CSAGQVYNEQFF	0	1.66733360010671e-05	0	1.66733360010671e-05	1
CSAGSGTGIFNTEAFF	0	1.66733360010671e-05	0	1.66733360010671e-05	1
CSAKQFGQGGYEQYF	1.20560364574542e-05	1.66733360010671e-05	0	1.66733360010671e-05	2
CSAMNTGEPFF	0	1.66733360010671e-05	0	1.66733360010671e-05	1
CSAMTWWGTGELFF	0	1.66733360010671e-05	0	1.66733360010671e-05	1
CSAPGTLVGGEQFF	0	1.66733360010671e-05	0	1.66733360010671e-05	1
CSAQVYYGYTF	0	1.66733360010671e-05	0	1.66733360010671e-05	1
CSARDGARQGRNQPQHF	0	1.66733360010671e-05	0	1.66733360010671e-05	1
CSARDPGQGLNEKLFF	0	1.66733360010671e-05	0	1.66733360010671e-05	1
CSAREPAGGPNNEQFF	1.20560364574542e-05	1.66733360010671e-05	0	1.66733360010671e-05	2
CSARGTRGSGRADQFF	0	1.66733360010671e-05	0	1.66733360010671e-05	1
CSARGWERNQPQHF	0	1.66733360010671e-05	0	1.66733360010671e-05	1
CSARPSYEQYF	0	1.66733360010671e-05	0	1.66733360010671e-05	1
CSASGASGRLDTQYF	0	1.66733360010671e-05	0	1.66733360010671e-05	1
CSASHKRSYNEQFF	0	1.66733360010671e-05	0	1.66733360010671e-05	1
CSASPGTGNQPQYF	0	1.66733360010671e-05	0	1.66733360010671e-05	1
CSASPGTSGRLWETQYF	0	1.66733360010671e-05	0	1.66733360010671e-05	1
CSASSSGQEYDHWGQPQHF	0	1.66733360010671e-05	0	1.66733360010671e-05	1
CSATGGNQPQHF	0	1.66733360010671e-05	0	1.66733360010671e-05	1
CSATNPRDYGETQYF	0	1.66733360010671e-05	0	1.66733360010671e-05	1
CSATTGTPVLGQFF	0	1.66733360010671e-05	0	1.66733360010671e-05	1
CSATYPSPEAFF	0	1.66733360010671e-05	0	1.66733360010671e-05	1
CSGWRGRASNEQFF	0	1.66733360010671e-05	0	1.66733360010671e-05	1
CSSLVGAGEAFF	0	1.66733360010671e-05	0	1.66733360010671e-05	1
CSSSGASGRLDTQYF	0	1.66733360010671e-05	0	1.66733360010671e-05	1
CSVDARAQETQYF	0	1.66733360010671e-05	0	1.66733360010671e-05	1
CSVDSMNTEAFF	0	1.66733360010671e-05	0	1.66733360010671e-05	1
CSVDTSGNNEKFF	0	1.66733360010671e-05	0	1.66733360010671e-05	1
CSVDTSGNNKQFF	0	1.66733360010671e-05	0	1.66733360010671e-05	1
CSVEDWSRGNTEAFF	0	1.66733360010671e-05	0	1.66733360010671e-05	1
CSVEPINEQFF	0	1.66733360010671e-05	0	1.66733360010671e-05	1
CSVFSGGSGANVLTF	0	1.66733360010671e-05	0	1.66733360010671e-05	1
CSVGQGGTNEKLFF	0	1.66733360010671e-05	0	1.66733360010671e-05	1
CSVGRDPQHF	0	1.66733360010671e-05	0	1.66733360010671e-05	1
CSVVGTGSSYNEQFF	0	1.66733360010671e-05	0	1.66733360010671e-05	1
CSYRGPNEKLFF	0	1.66733360010671e-05	0	1.66733360010671e-05	1
CTSSQGTGVNTGELFF	0	1.66733360010671e-05	0	1.66733360010671e-05	1
CVSSIRDYPPVNEQFF	0	1.66733360010671e-05	0	1.66733360010671e-05	1
GSVGVDGANVLTF	0	1.66733360010671e-05	0	1.66733360010671e-05	1
RASSEVAGASTDTQYF	0	1.66733360010671e-05	0	1.66733360010671e-05	1
RASSIQGLGYYEQYF	0	1.66733360010671e-05	0	1.66733360010671e-05	1
RASSRGQVRVSYNSPLHF	0	1.66733360010671e-05	0	1.66733360010671e-05	1
RATSDLGRGALETQYF	0	1.66733360010671e-05	0	1.66733360010671e-05	1
RSVVGENTEAFF	0	1.66733360010671e-05	0	1.66733360010671e-05	1
SANSYTGGNSPLHF	0	1.66733360010671e-05	0	1.66733360010671e-05	1
WASRGLAGLANEQFF	0	1.66733360010671e-05	0	1.66733360010671e-05	1
WASSLATVNTGELFF	0	1.66733360010671e-05	0	1.66733360010671e-05	1
YASSQGADTQYF	0	1.66733360010671e-05	0	1.66733360010671e-05	1
YASSRRGNQPQHF	0	1.66733360010671e-05	0	1.66733360010671e-05	1
YASSSGRSNEQFF	0	1.66733360010671e-05	0	1.66733360010671e-05	1
CAASRGPSHEQYF	1.20560364574542e-05	0	0	1.20560364574542e-05	1
CACRAGTLNTEAFF	1.20560364574542e-05	0	0	1.20560364574542e-05	1
CACSIRHPLTYEQYF	1.20560364574542e-05	0	0	1.20560364574542e-05	1
CACSRGAGCQPQHF	1.20560364574542e-05	0	0	1.20560364574542e-05	1
CACSRGQSVSYNEQFF	1.20560364574542e-05	0	0	1.20560364574542e-05	1
CAGQTGNYGYTF	1.20560364574542e-05	0	0	1.20560364574542e-05	1
CAGSEGAGSSPDTQYF	1.20560364574542e-05	0	0	1.20560364574542e-05	1
CAGSLAGREQFF	1.20560364574542e-05	0	0	1.20560364574542e-05	1
CAGSLILVDYTF	1.20560364574542e-05	0	0	1.20560364574542e-05	1
CAGSLTGGALETQYF	1.20560364574542e-05	0	0	1.20560364574542e-05	1
CAGSLVQGNTEAFF	1.20560364574542e-05	0	0	1.20560364574542e-05	1
CAGSPDSVSYEQYF	1.20560364574542e-05	0	0	1.20560364574542e-05	1
CAGSPKQQPQHF	1.20560364574542e-05	0	0	1.20560364574542e-05	1
CAGSPRANTGELFF	1.20560364574542e-05	0	0	1.20560364574542e-05	1
CAGSPRMGGYGYTF	1.20560364574542e-05	0	0	1.20560364574542e-05	1
CAGSPRTGDYGYTF	1.20560364574542e-05	0	0	1.20560364574542e-05	1
CAGSWLYEQYF	1.20560364574542e-05	0	0	1.20560364574542e-05	1
CAGSYVQGGNSPLHF	1.20560364574542e-05	0	0	1.20560364574542e-05	1
CAIAGISGSNTGELFF	1.20560364574542e-05	0	0	1.20560364574542e-05	1
CAIASEWANVLTF	1.20560364574542e-05	0	0	1.20560364574542e-05	1
CAIGESSGEAFF	1.20560364574542e-05	0	0	1.20560364574542e-05	1
CAIRKSTGPLSTDTQYF	1.20560364574542e-05	0	0	1.20560364574542e-05	1
CAISAGLAGKSSYEQYF	1.20560364574542e-05	0	0	1.20560364574542e-05	1
CAISAISAAVYGCTF	1.20560364574542e-05	0	0	1.20560364574542e-05	1
CAISAISEAVYGYTF	1.20560364574542e-05	0	0	1.20560364574542e-05	1
CAISAPAGNEQFF	1.20560364574542e-05	0	0	1.20560364574542e-05	1
CAISDPGRLSGELLF	1.20560364574542e-05	0	0	1.20560364574542e-05	1
CAISDSAGRAYEQYF	1.20560364574542e-05	0	0	1.20560364574542e-05	1
CAISEADRGYEQFF	1.20560364574542e-05	0	0	1.20560364574542e-05	1
CAISEIAGAQTQYF	1.20560364574542e-05	0	0	1.20560364574542e-05	1
CAISESGQTYEQYF	1.20560364574542e-05	0	0	1.20560364574542e-05	1
CAISESPSKGGWTNIQYF	1.20560364574542e-05	0	0	1.20560364574542e-05	1
CAISESRPGLGTEASF	1.20560364574542e-05	0	0	1.20560364574542e-05	1
CAISESVASNTGKLFF	1.20560364574542e-05	0	0	1.20560364574542e-05	1
CAISETNREVEQFF	1.20560364574542e-05	0	0	1.20560364574542e-05	1
CAISGADTQYF	1.20560364574542e-05	0	0	1.20560364574542e-05	1
CAISGPGYEQYF	1.20560364574542e-05	0	0	1.20560364574542e-05	1
CAISGTKETQCF	1.20560364574542e-05	0	0	1.20560364574542e-05	1
CAISPMTSLSNTGELFF	1.20560364574542e-05	0	0	1.20560364574542e-05	1
CAISRTGTSEAFF	1.20560364574542e-05	0	0	1.20560364574542e-05	1
CAISVGGREGETQYF	1.20560364574542e-05	0	0	1.20560364574542e-05	1
CAISVQEVSGYTF	1.20560364574542e-05	0	0	1.20560364574542e-05	1
CAITDSGNNNEQFF	1.20560364574542e-05	0	0	1.20560364574542e-05	1
CALGRTYEQYF	1.20560364574542e-05	0	0	1.20560364574542e-05	1
CALSRDAGEKLFF	1.20560364574542e-05	0	0	1.20560364574542e-05	1
CAMHLKSNRGSGANVLTF	1.20560364574542e-05	0	0	1.20560364574542e-05	1
CANSFRGYSQNF	1.20560364574542e-05	0	0	1.20560364574542e-05	1
CANSFTTPSSGSINEQFF	1.20560364574542e-05	0	0	1.20560364574542e-05	1
CANSLAGQGRWETQYF	1.20560364574542e-05	0	0	1.20560364574542e-05	1
CANSPLGGASVAFF	1.20560364574542e-05	0	0	1.20560364574542e-05	1
CANSQAGGTTPTDTQYF	1.20560364574542e-05	0	0	1.20560364574542e-05	1
CARARLTDTQYF	1.20560364574542e-05	0	0	1.20560364574542e-05	1
CARNDPTGGLFF	1.20560364574542e-05	0	0	1.20560364574542e-05	1
CARRFALRNEQFF	1.20560364574542e-05	0	0	1.20560364574542e-05	1
CARSALRANSPLHF	1.20560364574542e-05	0	0	1.20560364574542e-05	1
CARSLKGNEKLFF	1.20560364574542e-05	0	0	1.20560364574542e-05	1
CARSLTGQGPGNQPQHF	1.20560364574542e-05	0	0	1.20560364574542e-05	1
CARSQVRGRGIMNTEAFF	1.20560364574542e-05	0	0	1.20560364574542e-05	1
CARSSRKDSPPYGYTF	1.20560364574542e-05	0	0	1.20560364574542e-05	1
CARSTPRQGIEKLFF	1.20560364574542e-05	0	0	1.20560364574542e-05	1
CASAQGSSGNRYEQYF	1.20560364574542e-05	0	0	1.20560364574542e-05	1
CASARRQGDIEAFF	1.20560364574542e-05	0	0	1.20560364574542e-05	1
CASATSGRQGSYNEQFF	1.20560364574542e-05	0	0	1.20560364574542e-05	1
CASAYRGNTGELFF	1.20560364574542e-05	0	0	1.20560364574542e-05	1
CASDKGQGGNQPQHF	1.20560364574542e-05	0	0	1.20560364574542e-05	1
CASEWGRLYNEQFF	1.20560364574542e-05	0	0	1.20560364574542e-05	1
CASGATSRIAKNIQYF	1.20560364574542e-05	0	0	1.20560364574542e-05	1
CASGFLAGGYEQYF	1.20560364574542e-05	0	0	1.20560364574542e-05	1
CASGFTGSADTQYF	1.20560364574542e-05	0	0	1.20560364574542e-05	1
CASGGSLNTEAFF	1.20560364574542e-05	0	0	1.20560364574542e-05	1
CASGLSGLQFF	1.20560364574542e-05	0	1.13406972260655e-05	1.20560364574542e-05	2
CASGLSRGNTGELFF	1.20560364574542e-05	0	0	1.20560364574542e-05	1
CASGLTGTSGNNEQFF	1.20560364574542e-05	0	0	1.20560364574542e-05	1
CASGMGTGLNNEQFF	1.20560364574542e-05	0	0	1.20560364574542e-05	1
CASGSGLATDTQYF	1.20560364574542e-05	0	0	1.20560364574542e-05	1
CASGWGAGGNNEQFF	1.20560364574542e-05	0	0	1.20560364574542e-05	1
CASGYRTEQFF	1.20560364574542e-05	0	0	1.20560364574542e-05	1
CASIGGGMRCGYTF	1.20560364574542e-05	0	0	1.20560364574542e-05	1
CASIVAGEASEQYF	1.20560364574542e-05	0	0	1.20560364574542e-05	1
CASKARRAGRSTDTQYF	1.20560364574542e-05	0	0	1.20560364574542e-05	1
CASKFSWYQETQYF	1.20560364574542e-05	0	0	1.20560364574542e-05	1
CASKLLAGPYEQYF	1.20560364574542e-05	0	0	1.20560364574542e-05	1
CASKNRGEGYNEQFF	1.20560364574542e-05	0	0	1.20560364574542e-05	1
CASKREVGTQYF	1.20560364574542e-05	0	0	1.20560364574542e-05	1
CASKRGEGSNYDYTF	1.20560364574542e-05	0	0	1.20560364574542e-05	1
CASKWAGAYNEQFF	1.20560364574542e-05	0	0	1.20560364574542e-05	1
CASLGGVSQTQYF	1.20560364574542e-05	0	0	1.20560364574542e-05	1
CASLLRGSQETQYF	1.20560364574542e-05	0	0	1.20560364574542e-05	1
CASLPAGTPTETQYF	1.20560364574542e-05	0	0	1.20560364574542e-05	1
CASLPGSQHF	1.20560364574542e-05	0	0	1.20560364574542e-05	1
CASLPLRGPNTEAFF	1.20560364574542e-05	0	0	1.20560364574542e-05	1
CASLSSLAKNIQYF	1.20560364574542e-05	0	0	1.20560364574542e-05	1
CASMPPANSGNTIYF	1.20560364574542e-05	0	0	1.20560364574542e-05	1
CASMSRPNTEDFF	1.20560364574542e-05	0	0	1.20560364574542e-05	1
CASNDISNEQFF	1.20560364574542e-05	0	0	1.20560364574542e-05	1
CASNGRGGTEAFF	1.20560364574542e-05	0	0	1.20560364574542e-05	1
CASNGSRGLRDYEQYF	1.20560364574542e-05	0	0	1.20560364574542e-05	1
CASNGYSNQPQYF	1.20560364574542e-05	0	0	1.20560364574542e-05	1
CASNHHRDRGYEQYF	1.20560364574542e-05	0	0	1.20560364574542e-05	1
CASNLAGPVDTQYF	1.20560364574542e-05	0	0	1.20560364574542e-05	1
CASNNTPSPTDTQYF	1.20560364574542e-05	0	0	1.20560364574542e-05	1
CASNPGTISTDTQYF	1.20560364574542e-05	0	0	1.20560364574542e-05	1
CASNPWGVYTEAFL	1.20560364574542e-05	0	0	1.20560364574542e-05	1
CASNPWGVYTEASF	1.20560364574542e-05	0	0	1.20560364574542e-05	1
CASNRDAQPQHF	1.20560364574542e-05	0	0	1.20560364574542e-05	1
CASNRQEGADTQYF	1.20560364574542e-05	0	0	1.20560364574542e-05	1
CASNTGLYEQYF	1.20560364574542e-05	0	0	1.20560364574542e-05	1
CASNTPRSETVF	1.20560364574542e-05	0	0	1.20560364574542e-05	1
CASNWGGSGANVLTF	1.20560364574542e-05	0	0	1.20560364574542e-05	1
CASNWGRAYNHEKLFF	1.20560364574542e-05	0	0	1.20560364574542e-05	1
CASNYSSTAGTQYF	1.20560364574542e-05	0	0	1.20560364574542e-05	1
CASPPQRYEQYF	1.20560364574542e-05	0	0	1.20560364574542e-05	1
CASQKGYSRTGELFL	1.20560364574542e-05	0	0	1.20560364574542e-05	1
CASRAGGPGEQYF	1.20560364574542e-05	0	0	1.20560364574542e-05	1
CASRAGGPNGGEQYF	1.20560364574542e-05	0	0	1.20560364574542e-05	1
CASRAGRNNQPQHF	1.20560364574542e-05	0	0	1.20560364574542e-05	1
CASRAGTAYEQYF	1.20560364574542e-05	0	0	1.20560364574542e-05	1
CASRAGTGYEQYF	1.20560364574542e-05	0	0	1.20560364574542e-05	1
CASRARYDEQFF	1.20560364574542e-05	0	0	1.20560364574542e-05	1
CASRATSGRGEQYF	1.20560364574542e-05	0	0	1.20560364574542e-05	1
CASRATSSFTGELFF	1.20560364574542e-05	0	0	1.20560364574542e-05	1
CASRDGNSHLHF	1.20560364574542e-05	0	0	1.20560364574542e-05	1
CASRDNGDTQYF	1.20560364574542e-05	0	0	1.20560364574542e-05	1
CASREGANVLTF	1.20560364574542e-05	0	0	1.20560364574542e-05	1
CASRETKDIQYF	1.20560364574542e-05	0	0	1.20560364574542e-05	1
CASRGLAAPLAKNIQYF	1.20560364574542e-05	0	0	1.20560364574542e-05	1
CASRGLAGGYEQFF	1.20560364574542e-05	0	0	1.20560364574542e-05	1
CASRGPSGLAKNIQYF	1.20560364574542e-05	0	0	1.20560364574542e-05	1
CASRGQRITYNEQFF	1.20560364574542e-05	0	0	1.20560364574542e-05	1
CASRHSIGRGQFF	1.20560364574542e-05	0	0	1.20560364574542e-05	1
CASRIPGQGAYDYTF	1.20560364574542e-05	0	0	1.20560364574542e-05	1
CASRKGSMNTEAFF	1.20560364574542e-05	0	0	1.20560364574542e-05	1
CASRKVGEGYKEQFF	1.20560364574542e-05	0	0	1.20560364574542e-05	1
CASRLIGTDTQYF	1.20560364574542e-05	0	0	1.20560364574542e-05	1
CASRNGAGVNTGELFF	1.20560364574542e-05	0	0	1.20560364574542e-05	1
CASRNPQGAGETQYF	1.20560364574542e-05	0	0	1.20560364574542e-05	1
CASRNWDSRVANIQYF	1.20560364574542e-05	0	0	1.20560364574542e-05	1
CASRPLGGRAHTQYF	1.20560364574542e-05	0	0	1.20560364574542e-05	1
CASRPLGLVGELFL	1.20560364574542e-05	0	0	1.20560364574542e-05	1
CASRPRGSLFYNEQLF	1.20560364574542e-05	0	0	1.20560364574542e-05	1
CASRQAQTGEKLFF	1.20560364574542e-05	0	0	1.20560364574542e-05	1
CASRQGSYNEQFF	1.20560364574542e-05	0	0	1.20560364574542e-05	1
CASRQTAGGYQPQHF	1.20560364574542e-05	0	0	1.20560364574542e-05	1
CASRRTSYEQYF	1.20560364574542e-05	0	0	1.20560364574542e-05	1
CASRSGSRETQYF	1.20560364574542e-05	0	0	1.20560364574542e-05	1
CASRSLGQTYEQYF	1.20560364574542e-05	0	0	1.20560364574542e-05	1
CASRSPGLTYEQYF	1.20560364574542e-05	0	0	1.20560364574542e-05	1
CASRSVRVAYEQYF	1.20560364574542e-05	0	0	1.20560364574542e-05	1
CASRTGQGTNTIYF	1.20560364574542e-05	0	0	1.20560364574542e-05	1
CASRTGTGGPDEQFF	1.20560364574542e-05	0	0	1.20560364574542e-05	1
CASRTRDTKMNTKAFF	1.20560364574542e-05	0	0	1.20560364574542e-05	1
CASRTSGASGTQYF	1.20560364574542e-05	0	0	1.20560364574542e-05	1
CASRTSGESNEQFF	1.20560364574542e-05	0	0	1.20560364574542e-05	1
CASRTSGSDTQYF	1.20560364574542e-05	0	0	1.20560364574542e-05	1
CASRTWTGGHEQYF	1.20560364574542e-05	0	0	1.20560364574542e-05	1
CASSADLNTGELFF	1.20560364574542e-05	0	0	1.20560364574542e-05	1
CASSAGAVNTEAFF	1.20560364574542e-05	0	0	1.20560364574542e-05	1
CASSAGLAGDGRAKNIQYF	1.20560364574542e-05	0	0	1.20560364574542e-05	1
CASSAGPEGGSYNEQLF	1.20560364574542e-05	0	0	1.20560364574542e-05	1
CASSAGRGPGNTIYF	1.20560364574542e-05	0	0	1.20560364574542e-05	1
CASSAPLGGELFF	1.20560364574542e-05	0	0	1.20560364574542e-05	1
CASSAQGGPSYNEQFF	1.20560364574542e-05	0	0	1.20560364574542e-05	1
CASSARPAGGPYNEQFF	1.20560364574542e-05	0	0	1.20560364574542e-05	1
CASSASIGQGENSPLHF	1.20560364574542e-05	0	0	1.20560364574542e-05	1
CASSATGGARNEQFF	1.20560364574542e-05	0	0	1.20560364574542e-05	1
CASSAVGQQETQYF	1.20560364574542e-05	0	0	1.20560364574542e-05	1
CASSAYRNGYTS	1.20560364574542e-05	0	0	1.20560364574542e-05	1
CASSAYRTSGSGGTQYF	1.20560364574542e-05	0	0	1.20560364574542e-05	1
CASSDELREYEKLFF	1.20560364574542e-05	0	0	1.20560364574542e-05	1
CASSDETGRPEAFF	1.20560364574542e-05	0	0	1.20560364574542e-05	1
CASSDPGQGANQETQYF	1.20560364574542e-05	0	0	1.20560364574542e-05	1
CASSDPSGRAGDEQFF	1.20560364574542e-05	0	0	1.20560364574542e-05	1
CASSDRLPDTQYF	1.20560364574542e-05	0	0	1.20560364574542e-05	1
CASSDRSRQGRYEQYF	1.20560364574542e-05	0	0	1.20560364574542e-05	1
CASSDSYEQYF	1.20560364574542e-05	0	0	1.20560364574542e-05	1
CASSEAGGPGPLRGYTF	1.20560364574542e-05	0	0	1.20560364574542e-05	1
CASSEAGGRSDTQYF	1.20560364574542e-05	0	0	1.20560364574542e-05	1
CASSEALRDTQYF	1.20560364574542e-05	0	0	1.20560364574542e-05	1
CASSEAMGLAKNIQYF	1.20560364574542e-05	0	0	1.20560364574542e-05	1
CASSEASVQPQHF	1.20560364574542e-05	0	0	1.20560364574542e-05	1
CASSEGIGISTDTQYF	1.20560364574542e-05	0	0	1.20560364574542e-05	1
CASSEGRLGAGRLNQETQYF	1.20560364574542e-05	0	0	1.20560364574542e-05	1
CASSELTGADTQYF	1.20560364574542e-05	0	0	1.20560364574542e-05	1
CASSENGGTEVFF	1.20560364574542e-05	0	0	1.20560364574542e-05	1
CASSENRDRREETQYF	1.20560364574542e-05	0	0	1.20560364574542e-05	1
CASSEPLEASSYNSPLHF	1.20560364574542e-05	0	0	1.20560364574542e-05	1
CASSEQGRGEQFF	1.20560364574542e-05	0	0	1.20560364574542e-05	1
CASSERGALTDTQYF	1.20560364574542e-05	0	0	1.20560364574542e-05	1
CASSERPGTSGRVVYEQYF	1.20560364574542e-05	0	0	1.20560364574542e-05	1
CASSESGGTDTQYF	1.20560364574542e-05	0	0	1.20560364574542e-05	1
CASSESGKPAKNIQYF	1.20560364574542e-05	0	0	1.20560364574542e-05	1
CASSESYSGSGIQYF	1.20560364574542e-05	0	0	1.20560364574542e-05	1
CASSETGILGEKLFF	1.20560364574542e-05	0	0	1.20560364574542e-05	1
CASSEWGAGANVLTF	1.20560364574542e-05	0	0	1.20560364574542e-05	1
CASSEWGAGTDTQYF	1.20560364574542e-05	0	0	1.20560364574542e-05	1
CASSFGGSVNEQFF	1.20560364574542e-05	0	0	1.20560364574542e-05	1
CASSFGLSGANVLTF	1.20560364574542e-05	0	0	1.20560364574542e-05	1
CASSFGRAGQEYGYTF	1.20560364574542e-05	0	0	1.20560364574542e-05	1
CASSFGSYEQYF	1.20560364574542e-05	0	0	1.20560364574542e-05	1
CASSFGSYQPQHF	1.20560364574542e-05	0	0	1.20560364574542e-05	1
CASSFISGGLADNTGELFF	1.20560364574542e-05	0	0	1.20560364574542e-05	1
CASSFKAGVYGQYF	1.20560364574542e-05	0	0	1.20560364574542e-05	1
CASSFLAPTNNGQFF	1.20560364574542e-05	0	0	1.20560364574542e-05	1
CASSFLDIAYEQYF	1.20560364574542e-05	0	0	1.20560364574542e-05	1
CASSFLQGEVGTEAFF	1.20560364574542e-05	0	0	1.20560364574542e-05	1
CASSFLQGKVRTEAFF	1.20560364574542e-05	0	0	1.20560364574542e-05	1
CASSFLQGVVRTEAFF	1.20560364574542e-05	0	0	1.20560364574542e-05	1
CASSFLTGMETQYF	1.20560364574542e-05	0	0	1.20560364574542e-05	1
CASSFPGLAYNEQFF	1.20560364574542e-05	0	0	1.20560364574542e-05	1
CASSFRDIGLAGYNEQFF	1.20560364574542e-05	0	0	1.20560364574542e-05	1
CASSFREKGYEQYF	1.20560364574542e-05	0	0	1.20560364574542e-05	1
CASSFRQGGEQYF	1.20560364574542e-05	0	0	1.20560364574542e-05	1
CASSFSGTGERNMQYF	1.20560364574542e-05	0	0	1.20560364574542e-05	1
CASSFSGTGERNTQYF	1.20560364574542e-05	0	0	1.20560364574542e-05	1
CASSFSVERVLDEQFF	1.20560364574542e-05	0	0	1.20560364574542e-05	1
CASSFVQGTDTQYF	1.20560364574542e-05	0	0	1.20560364574542e-05	1
CASSFWTSGRSGELFF	1.20560364574542e-05	0	0	1.20560364574542e-05	1
CASSGARGSGNTIYF	1.20560364574542e-05	0	0	1.20560364574542e-05	1
CASSGEYSNQPRHF	1.20560364574542e-05	0	0	1.20560364574542e-05	1
CASSGGGVGTDTQYF	1.20560364574542e-05	0	0	1.20560364574542e-05	1
CASSGGLLYNEQFF	1.20560364574542e-05	0	0	1.20560364574542e-05	1
CASSGLAGGTETQYF	1.20560364574542e-05	0	0	1.20560364574542e-05	1
CASSGLLIGYTF	1.20560364574542e-05	0	1.13406972260655e-05	1.20560364574542e-05	2
CASSGQGLNTQYF	1.20560364574542e-05	0	0	1.20560364574542e-05	1
CASSGQGVEQFF	1.20560364574542e-05	0	0	1.20560364574542e-05	1
CASSGRVFSYNEQFF	1.20560364574542e-05	0	0	1.20560364574542e-05	1
CASSGSSVTSYEQYF	1.20560364574542e-05	0	0	1.20560364574542e-05	1
CASSGSTDTQYF	1.20560364574542e-05	0	0	1.20560364574542e-05	1
CASSGTGRNTIYF	1.20560364574542e-05	0	0	1.20560364574542e-05	1
CASSGTGVGTQYF	1.20560364574542e-05	0	0	1.20560364574542e-05	1
CASSGWDAGTQYF	1.20560364574542e-05	0	0	1.20560364574542e-05	1
CASSGWDRVSGNTIYF	1.20560364574542e-05	0	0	1.20560364574542e-05	1
CASSHATGTYTNTEAFF	1.20560364574542e-05	0	0	1.20560364574542e-05	1
CASSHDLGQFSYEQYF	1.20560364574542e-05	0	0	1.20560364574542e-05	1
CASSHGHLGGYEQYF	1.20560364574542e-05	0	0	1.20560364574542e-05	1
CASSHGTGGERSIDLGVEAKNIQYF	1.20560364574542e-05	0	0	1.20560364574542e-05	1
CASSHLGVGADEQFF	1.20560364574542e-05	0	0	1.20560364574542e-05	1
CASSHLTGELFF	1.20560364574542e-05	0	0	1.20560364574542e-05	1
CASSHQGLNTEAFF	1.20560364574542e-05	0	0	1.20560364574542e-05	1
CASSHSIEELAGGGAKNIQYF	1.20560364574542e-05	0	0	1.20560364574542e-05	1
CASSHVPGQGVNTEAFF	1.20560364574542e-05	0	0	1.20560364574542e-05	1
CASSIAGTSGIHEQFF	1.20560364574542e-05	0	0	1.20560364574542e-05	1
CASSIDLAGSQPQHF	1.20560364574542e-05	0	0	1.20560364574542e-05	1
CASSIEDREPYNEQFF	1.20560364574542e-05	0	0	1.20560364574542e-05	1
CASSIGIAGLYNEQFF	1.20560364574542e-05	0	0	1.20560364574542e-05	1
CASSIGLGGNQPQHF	1.20560364574542e-05	0	0	1.20560364574542e-05	1
CASSIGLKQYF	1.20560364574542e-05	0	0	1.20560364574542e-05	1
CASSIHPGASGNTIYF	1.20560364574542e-05	0	0	1.20560364574542e-05	1
CASSIILAGVSYNEQFF	1.20560364574542e-05	0	0	1.20560364574542e-05	1
CASSILFGNYEQYF	1.20560364574542e-05	0	0	1.20560364574542e-05	1
CASSILGVTDTQYF	1.20560364574542e-05	0	0	1.20560364574542e-05	1
CASSILSTDTQYF	1.20560364574542e-05	0	0	1.20560364574542e-05	1
CASSIRETDTQYF	1.20560364574542e-05	0	0	1.20560364574542e-05	1
CASSIRGALHF	1.20560364574542e-05	0	0	1.20560364574542e-05	1
CASSIRRAGRSGANVLTF	1.20560364574542e-05	0	0	1.20560364574542e-05	1
CASSISQGVETQYF	1.20560364574542e-05	0	0	1.20560364574542e-05	1
CASSITGTSGRSEQFF	1.20560364574542e-05	0	0	1.20560364574542e-05	1
CASSITRGRRNTIYF	1.20560364574542e-05	0	0	1.20560364574542e-05	1
CASSKIHGELFF	1.20560364574542e-05	0	0	1.20560364574542e-05	1
CASSKLTGQIYEQYF	1.20560364574542e-05	0	0	1.20560364574542e-05	1
CASSKRGDNQPQHF	1.20560364574542e-05	0	0	1.20560364574542e-05	1
CASSKSRRTDTQYF	1.20560364574542e-05	0	0	1.20560364574542e-05	1
CASSKTGTSGNEQYF	1.20560364574542e-05	0	0	1.20560364574542e-05	1
CASSLAAGNDYNEQFF	1.20560364574542e-05	0	0	1.20560364574542e-05	1
CASSLADTQYF	1.20560364574542e-05	0	0	1.20560364574542e-05	1
CASSLAEGPPQNERYF	1.20560364574542e-05	0	0	1.20560364574542e-05	1
CASSLAGAYNEQFF	1.20560364574542e-05	0	0	1.20560364574542e-05	1
CASSLAGEGYEQYF	1.20560364574542e-05	0	0	1.20560364574542e-05	1
CASSLAGGGWGYTF	1.20560364574542e-05	0	0	1.20560364574542e-05	1
CASSLAGGPSYEQYF	1.20560364574542e-05	0	0	1.20560364574542e-05	1
CASSLAGGTDTQYF	1.20560364574542e-05	0	0	1.20560364574542e-05	1
CASSLAGLYEQYF	1.20560364574542e-05	0	0	1.20560364574542e-05	1
CASSLAGNQPQHF	1.20560364574542e-05	0	0	1.20560364574542e-05	1
CASSLAGPAVYGYTF	1.20560364574542e-05	0	0	1.20560364574542e-05	1
CASSLAGQGASGYTF	1.20560364574542e-05	0	0	1.20560364574542e-05	1
CASSLAGQGRWETQNF	1.20560364574542e-05	0	0	1.20560364574542e-05	1
CASSLAGQREQYF	1.20560364574542e-05	0	0	1.20560364574542e-05	1
CASSLAGSAEAFF	1.20560364574542e-05	0	0	1.20560364574542e-05	1
CASSLAGSSYNEQFF	1.20560364574542e-05	0	0	1.20560364574542e-05	1
CASSLAGTSQSNQPQHF	1.20560364574542e-05	0	0	1.20560364574542e-05	1
CASSLAPDSYEQYF	1.20560364574542e-05	0	0	1.20560364574542e-05	1
CASSLAPGWRETQYF	1.20560364574542e-05	0	0	1.20560364574542e-05	1
CASSLAPPGILAKNIQYF	1.20560364574542e-05	0	0	1.20560364574542e-05	1
CASSLASFLAGELVF	1.20560364574542e-05	0	0	1.20560364574542e-05	1
CASSLATGGNSPLHF	1.20560364574542e-05	0	0	1.20560364574542e-05	1
CASSLAVAGAYEQYF	1.20560364574542e-05	0	0	1.20560364574542e-05	1
CASSLAWDRVNQPQHF	1.20560364574542e-05	0	0	1.20560364574542e-05	1
CASSLAYRNTEAFF	1.20560364574542e-05	0	0	1.20560364574542e-05	1
CASSLCTGRAFF	1.20560364574542e-05	0	0	1.20560364574542e-05	1
CASSLDAHSGANVLTF	1.20560364574542e-05	0	0	1.20560364574542e-05	1
CASSLDGARIEAFF	1.20560364574542e-05	0	0	1.20560364574542e-05	1
CASSLDGGAYEQYF	1.20560364574542e-05	0	0	1.20560364574542e-05	1
CASSLDGGQGSQYF	1.20560364574542e-05	0	0	1.20560364574542e-05	1
CASSLDGQPQHF	1.20560364574542e-05	0	0	1.20560364574542e-05	1
CASSLDKAASVEQYF	1.20560364574542e-05	0	0	1.20560364574542e-05	1
CASSLDRGTGGPLIYEQYF	1.20560364574542e-05	0	0	1.20560364574542e-05	1
CASSLDRGVETQYF	1.20560364574542e-05	0	0	1.20560364574542e-05	1
CASSLDRRLGTEAFF	1.20560364574542e-05	0	0	1.20560364574542e-05	1
CASSLEAGGPVDTQYF	1.20560364574542e-05	0	0	1.20560364574542e-05	1
CASSLEGLAGVHEQYF	1.20560364574542e-05	0	0	1.20560364574542e-05	1
CASSLEPGASYNEQFF	1.20560364574542e-05	0	0	1.20560364574542e-05	1
CASSLERAGTTYNEQFF	1.20560364574542e-05	0	0	1.20560364574542e-05	1
CASSLERGTGELFF	1.20560364574542e-05	0	0	1.20560364574542e-05	1
CASSLERWASSTDTQYF	1.20560364574542e-05	0	0	1.20560364574542e-05	1
CASSLFRETEAFF	1.20560364574542e-05	0	0	1.20560364574542e-05	1
CASSLFVSTGLPYEQYF	1.20560364574542e-05	0	0	1.20560364574542e-05	1
CASSLGAGANVLTF	1.20560364574542e-05	0	0	1.20560364574542e-05	1
CASSLGARAYGNTQYF	1.20560364574542e-05	0	0	1.20560364574542e-05	1
CASSLGASATGELFF	1.20560364574542e-05	0	0	1.20560364574542e-05	1
CASSLGDRFYGYTI	1.20560364574542e-05	0	0	1.20560364574542e-05	1
CASSLGGASSYNEQFF	1.20560364574542e-05	0	0	1.20560364574542e-05	1
CASSLGGGLNTEAFF	1.20560364574542e-05	0	0	1.20560364574542e-05	1
CASSLGGQPNTGELFF	1.20560364574542e-05	0	0	1.20560364574542e-05	1
CASSLGGRVRDTQHF	1.20560364574542e-05	0	0	1.20560364574542e-05	1
CASSLGGYSNQPQHF	1.20560364574542e-05	0	1.13406972260655e-05	1.20560364574542e-05	2
CASSLGKTYEQYF	1.20560364574542e-05	0	0	1.20560364574542e-05	1
CASSLGLAATVQDTQYF	1.20560364574542e-05	0	0	1.20560364574542e-05	1
CASSLGLASQFF	1.20560364574542e-05	0	0	1.20560364574542e-05	1
CASSLGLAVYNEQFF	1.20560364574542e-05	0	0	1.20560364574542e-05	1
CASSLGNEQFF	1.20560364574542e-05	0	0	1.20560364574542e-05	1
CASSLGPNELNTEAFF	1.20560364574542e-05	0	0	1.20560364574542e-05	1
CASSLGPSGPDPQYF	1.20560364574542e-05	0	0	1.20560364574542e-05	1
CASSLGPSGPDTQYF	1.20560364574542e-05	0	0	1.20560364574542e-05	1
CASSLGQEDYEQYF	1.20560364574542e-05	0	0	1.20560364574542e-05	1
CASSLGQGALFNEQFF	1.20560364574542e-05	0	0	1.20560364574542e-05	1
CASSLGQGETQYF	1.20560364574542e-05	0	0	1.20560364574542e-05	1
CASSLGQGLNTEAFF	1.20560364574542e-05	0	0	1.20560364574542e-05	1
CASSLGQGNAGGETQYF	1.20560364574542e-05	0	0	1.20560364574542e-05	1
CASSLGQGSYEQYF	1.20560364574542e-05	0	0	1.20560364574542e-05	1
CASSLGQKETQHF	1.20560364574542e-05	0	0	1.20560364574542e-05	1
CASSLGQSYGYTF	1.20560364574542e-05	0	0	1.20560364574542e-05	1
CASSLGQTNYGYTF	1.20560364574542e-05	0	0	1.20560364574542e-05	1
CASSLGQTSGKDTQYF	1.20560364574542e-05	0	0	1.20560364574542e-05	1
CASSLGRINQETQYL	1.20560364574542e-05	0	0	1.20560364574542e-05	1
CASSLGRNQETQYF	1.20560364574542e-05	0	0	1.20560364574542e-05	1
CASSLGRQPIQETRYF	1.20560364574542e-05	0	0	1.20560364574542e-05	1
CASSLGRSLAKNIQYF	1.20560364574542e-05	0	0	1.20560364574542e-05	1
CASSLGSYEQYF	1.20560364574542e-05	0	0	1.20560364574542e-05	1
CASSLGTGMFAYEQYF	1.20560364574542e-05	0	0	1.20560364574542e-05	1
CASSLGTGVGNTIYF	1.20560364574542e-05	0	0	1.20560364574542e-05	1
CASSLGTLQGRYGYTS	1.20560364574542e-05	0	0	1.20560364574542e-05	1
CASSLGTSGSNEQFF	1.20560364574542e-05	0	0	1.20560364574542e-05	1
CASSLGVWERRTTEAFF	1.20560364574542e-05	0	0	1.20560364574542e-05	1
CASSLGWTYEQYF	1.20560364574542e-05	0	0	1.20560364574542e-05	1
CASSLHETQYF	1.20560364574542e-05	0	0	1.20560364574542e-05	1
CASSLIADYGYTF	1.20560364574542e-05	0	0	1.20560364574542e-05	1
CASSLITAGGEQYF	1.20560364574542e-05	0	0	1.20560364574542e-05	1
CASSLLAGGPGELFF	1.20560364574542e-05	0	0	1.20560364574542e-05	1
CASSLLAGGPVDTQYF	1.20560364574542e-05	0	0	1.20560364574542e-05	1
CASSLLAGGTDTQYF	1.20560364574542e-05	0	0	1.20560364574542e-05	1
CASSLLAGISYEQYF	1.20560364574542e-05	0	0	1.20560364574542e-05	1
CASSLLNGRLSYEQYF	1.20560364574542e-05	0	0	1.20560364574542e-05	1
CASSLLNVVGNEQFF	1.20560364574542e-05	0	0	1.20560364574542e-05	1
CASSLLPDSSYNEQFF	1.20560364574542e-05	0	0	1.20560364574542e-05	1
CASSLLSAGDSNEQFF	1.20560364574542e-05	0	0	1.20560364574542e-05	1
CASSLLSGTAGTEAFF	1.20560364574542e-05	0	0	1.20560364574542e-05	1
CASSLLTSGVSTDTQYF	1.20560364574542e-05	0	0	1.20560364574542e-05	1
CASSLLYRDSSLRGNQPQHF	1.20560364574542e-05	0	0	1.20560364574542e-05	1
CASSLMFILSSGNTIYF	1.20560364574542e-05	0	0	1.20560364574542e-05	1
CASSLMGWGTSVANVLTF	1.20560364574542e-05	0	0	1.20560364574542e-05	1
CASSLMLGNEQYF	1.20560364574542e-05	0	0	1.20560364574542e-05	1
CASSLNPGTQETQYF	1.20560364574542e-05	0	0	1.20560364574542e-05	1
CASSLNPRLAAGEQFF	1.20560364574542e-05	0	0	1.20560364574542e-05	1
CASSLNSGSYNEQFF	1.20560364574542e-05	0	0	1.20560364574542e-05	1
CASSLPDLTRGYTF	1.20560364574542e-05	0	0	1.20560364574542e-05	1
CASSLPGAETQYF	1.20560364574542e-05	0	0	1.20560364574542e-05	1
CASSLPGGDEQFF	1.20560364574542e-05	0	0	1.20560364574542e-05	1
CASSLPGGISYEQYF	1.20560364574542e-05	0	0	1.20560364574542e-05	1
CASSLPPGVNTGAFF	1.20560364574542e-05	0	0	1.20560364574542e-05	1
CASSLPPNTGELFF	1.20560364574542e-05	0	0	1.20560364574542e-05	1
CASSLQAGGPLGQFF	1.20560364574542e-05	0	0	1.20560364574542e-05	1
CASSLQGIVWGEEAQYF	1.20560364574542e-05	0	0	1.20560364574542e-05	1
CASSLQGNGYNEQFF	1.20560364574542e-05	0	0	1.20560364574542e-05	1
CASSLQGSDEQYF	1.20560364574542e-05	0	0	1.20560364574542e-05	1
CASSLQGVADTQYF	1.20560364574542e-05	0	0	1.20560364574542e-05	1
CASSLQVFNSPLHF	1.20560364574542e-05	0	0	1.20560364574542e-05	1
CASSLQVNYGYTL	1.20560364574542e-05	0	0	1.20560364574542e-05	1
CASSLRFGGYTF	1.20560364574542e-05	0	0	1.20560364574542e-05	1
CASSLRGSGNTIYF	1.20560364574542e-05	0	0	1.20560364574542e-05	1
CASSLRGTGGKGETYNEQFF	1.20560364574542e-05	0	0	1.20560364574542e-05	1
CASSLRIGGGQVKNIQYF	1.20560364574542e-05	0	0	1.20560364574542e-05	1
CASSLRLAPIIHPLHF	1.20560364574542e-05	0	0	1.20560364574542e-05	1
CASSLRLGAHEQFF	1.20560364574542e-05	0	0	1.20560364574542e-05	1
CASSLRPPTAQGAHTDTQYF	1.20560364574542e-05	0	1.13406972260655e-05	1.20560364574542e-05	2
CASSLRPYSNQHQHF	1.20560364574542e-05	0	0	1.20560364574542e-05	1
CASSLRVGDTQEKLFF	1.20560364574542e-05	0	0	1.20560364574542e-05	1
CASSLRVGHEQYF	1.20560364574542e-05	0	0	1.20560364574542e-05	1
CASSLSARDYEQYF	1.20560364574542e-05	0	0	1.20560364574542e-05	1
CASSLSDARLNF	1.20560364574542e-05	0	0	1.20560364574542e-05	1
CASSLSEDSNQPQHF	1.20560364574542e-05	0	0	1.20560364574542e-05	1
CASSLSGATGELFF	1.20560364574542e-05	0	0	1.20560364574542e-05	1
CASSLSGPPYEQYF	1.20560364574542e-05	0	0	1.20560364574542e-05	1
CASSLSGQGRQETQYF	1.20560364574542e-05	0	0	1.20560364574542e-05	1
CASSLSGWETQYF	1.20560364574542e-05	0	0	1.20560364574542e-05	1
CASSLSLGGDYNEQFF	1.20560364574542e-05	0	0	1.20560364574542e-05	1
CASSLSPASAGTQYF	1.20560364574542e-05	0	0	1.20560364574542e-05	1
CASSLSRGPQETQYF	1.20560364574542e-05	0	0	1.20560364574542e-05	1
CASSLSSNTEAFF	1.20560364574542e-05	0	0	1.20560364574542e-05	1
CASSLSTDTQYF	1.20560364574542e-05	0	0	1.20560364574542e-05	1
CASSLSVTDGGYAF	1.20560364574542e-05	0	0	1.20560364574542e-05	1
CASSLTGEPYNEQFF	1.20560364574542e-05	0	0	1.20560364574542e-05	1
CASSLTGFGTGLQETQYF	1.20560364574542e-05	0	0	1.20560364574542e-05	1
CASSLTGGDYLVNEQFF	1.20560364574542e-05	0	0	1.20560364574542e-05	1
CASSLTGGGSYEQYF	1.20560364574542e-05	0	0	1.20560364574542e-05	1
CASSLTGGSTDTQYF	1.20560364574542e-05	0	0	1.20560364574542e-05	1
CASSLTGLNTGELFF	1.20560364574542e-05	0	0	1.20560364574542e-05	1
CASSLTPELLHNEQFF	1.20560364574542e-05	0	0	1.20560364574542e-05	1
CASSLTPGLSEQFF	1.20560364574542e-05	0	0	1.20560364574542e-05	1
CASSLTRSTNEKLFF	1.20560364574542e-05	0	0	1.20560364574542e-05	1
CASSLTTGARYNEQFF	1.20560364574542e-05	0	0	1.20560364574542e-05	1
CASSLVAGEDNEQFF	1.20560364574542e-05	0	0	1.20560364574542e-05	1
CASSLVGGADEQYF	1.20560364574542e-05	0	0	1.20560364574542e-05	1
CASSLVGGETQYF	1.20560364574542e-05	0	0	1.20560364574542e-05	1
CASSLVGGLSGQPQHF	1.20560364574542e-05	0	0	1.20560364574542e-05	1
CASSLVGKETQYF	1.20560364574542e-05	0	0	1.20560364574542e-05	1
CASSLVGTGKNTEAFF	1.20560364574542e-05	0	0	1.20560364574542e-05	1
CASSLVIGTEQYF	1.20560364574542e-05	0	0	1.20560364574542e-05	1
CASSLVLAQTQYF	1.20560364574542e-05	0	0	1.20560364574542e-05	1
CASSLVSGKTGELFF	1.20560364574542e-05	0	0	1.20560364574542e-05	1
CASSLVSSPMDTEAFF	1.20560364574542e-05	0	0	1.20560364574542e-05	1
CASSLVSSSHGHAEAFF	1.20560364574542e-05	0	0	1.20560364574542e-05	1
CASSLWAGETYEQYF	1.20560364574542e-05	0	0	1.20560364574542e-05	1
CASSLWGDSYYEQYF	1.20560364574542e-05	0	0	1.20560364574542e-05	1
CASSLWGGSYNEQFF	1.20560364574542e-05	0	0	1.20560364574542e-05	1
CASSLWTGQSREAQYF	1.20560364574542e-05	0	0	1.20560364574542e-05	1
CASSLWTGVDEQFF	1.20560364574542e-05	0	0	1.20560364574542e-05	1
CASSLYGGVSSYDQYF	1.20560364574542e-05	0	0	1.20560364574542e-05	1
CASSMGGFNKQFF	1.20560364574542e-05	0	0	1.20560364574542e-05	1
CASSMGLAGTGDTQYF	1.20560364574542e-05	0	0	1.20560364574542e-05	1
CASSMGVSYNEQFF	1.20560364574542e-05	0	0	1.20560364574542e-05	1
CASSMTTVAKQFF	1.20560364574542e-05	0	0	1.20560364574542e-05	1
CASSNAFEAKNIQYF	1.20560364574542e-05	0	0	1.20560364574542e-05	1
CASSNDRTGTYGAYNEQFF	1.20560364574542e-05	0	0	1.20560364574542e-05	1
CASSNPGRKNYGYTF	1.20560364574542e-05	0	0	1.20560364574542e-05	1
CASSPAGDGEQYF	1.20560364574542e-05	0	0	1.20560364574542e-05	1
CASSPAGSFYEQYF	1.20560364574542e-05	0	0	1.20560364574542e-05	1
CASSPAGTVNTGELFF	1.20560364574542e-05	0	0	1.20560364574542e-05	1
CASSPAGVEAFF	1.20560364574542e-05	0	0	1.20560364574542e-05	1
CASSPDGSGNIIYF	1.20560364574542e-05	0	0	1.20560364574542e-05	1
CASSPDIGELTDTQYF	1.20560364574542e-05	0	0	1.20560364574542e-05	1
CASSPFDSQGSGGITYEQYF	1.20560364574542e-05	0	0	1.20560364574542e-05	1
CASSPFGGRLTSSYNEQFF	1.20560364574542e-05	0	0	1.20560364574542e-05	1
CASSPFGQGAADTQYF	1.20560364574542e-05	0	0	1.20560364574542e-05	1
CASSPFGVANTGELIF	1.20560364574542e-05	0	0	1.20560364574542e-05	1
CASSPFSGLHHYEQYF	1.20560364574542e-05	0	0	1.20560364574542e-05	1
CASSPGGRENYGYTF	1.20560364574542e-05	0	0	1.20560364574542e-05	1
CASSPGLADTGELFF	1.20560364574542e-05	0	0	1.20560364574542e-05	1
CASSPGLPSGNTIYF	1.20560364574542e-05	0	0	1.20560364574542e-05	1
CASSPGPGWSYEQYF	1.20560364574542e-05	0	0	1.20560364574542e-05	1
CASSPGPNYGYTF	1.20560364574542e-05	0	0	1.20560364574542e-05	1
CASSPGPRQETQYF	1.20560364574542e-05	0	0	1.20560364574542e-05	1
CASSPGRRMADTQYF	1.20560364574542e-05	0	0	1.20560364574542e-05	1
CASSPGRSSYNEQFF	1.20560364574542e-05	0	0	1.20560364574542e-05	1
CASSPGSGANVLTF	1.20560364574542e-05	0	0	1.20560364574542e-05	1
CASSPGSGSWSYNEQFF	1.20560364574542e-05	0	0	1.20560364574542e-05	1
CASSPGTQETLYF	1.20560364574542e-05	0	0	1.20560364574542e-05	1
CASSPGTTYEQYF	1.20560364574542e-05	0	0	1.20560364574542e-05	1
CASSPGTYDYTF	1.20560364574542e-05	0	0	1.20560364574542e-05	1
CASSPGVSIQPQHF	1.20560364574542e-05	0	0	1.20560364574542e-05	1
CASSPGVTGELFF	1.20560364574542e-05	0	1.13406972260655e-05	1.20560364574542e-05	2
CASSPGVVSNQPQHF	1.20560364574542e-05	0	0	1.20560364574542e-05	1
CASSPKGFGRKYF	1.20560364574542e-05	0	0	1.20560364574542e-05	1
CASSPLAGESTDTQYF	1.20560364574542e-05	0	0	1.20560364574542e-05	1
CASSPLGRDPTTEAFF	1.20560364574542e-05	0	0	1.20560364574542e-05	1
CASSPLLRNEQFF	1.20560364574542e-05	0	0	1.20560364574542e-05	1
CASSPLSGASSYNEQFF	1.20560364574542e-05	0	0	1.20560364574542e-05	1
CASSPLSRGMGPRDTQYF	1.20560364574542e-05	0	0	1.20560364574542e-05	1
CASSPLSRTSGTGSEQFF	1.20560364574542e-05	0	0	1.20560364574542e-05	1
CASSPLTGLGTDTQYF	1.20560364574542e-05	0	0	1.20560364574542e-05	1
CASSPMAGTYEQYF	1.20560364574542e-05	0	0	1.20560364574542e-05	1
CASSPNRGTLLELYF	1.20560364574542e-05	0	0	1.20560364574542e-05	1
CASSPPGTGELFF	1.20560364574542e-05	0	0	1.20560364574542e-05	1
CASSPPQGRTDTQYF	1.20560364574542e-05	0	0	1.20560364574542e-05	1
CASSPPVGPSVRYTF	1.20560364574542e-05	0	0	1.20560364574542e-05	1
CASSPQGAPLHL	1.20560364574542e-05	0	0	1.20560364574542e-05	1
CASSPQGLVNYEQYF	1.20560364574542e-05	0	0	1.20560364574542e-05	1
CASSPQRLIQETHYF	1.20560364574542e-05	0	0	1.20560364574542e-05	1
CASSPRANTGGLFF	1.20560364574542e-05	0	0	1.20560364574542e-05	1
CASSPRDRATGELFF	1.20560364574542e-05	0	0	1.20560364574542e-05	1
CASSPRDRGNTGELLF	1.20560364574542e-05	0	0	1.20560364574542e-05	1
CASSPRGAYNEKLFS	1.20560364574542e-05	0	0	1.20560364574542e-05	1
CASSPRGGFSGNTIYF	1.20560364574542e-05	0	0	1.20560364574542e-05	1
CASSPRGKNEQFF	1.20560364574542e-05	0	0	1.20560364574542e-05	1
CASSPRGLAGVSYEQYF	1.20560364574542e-05	0	0	1.20560364574542e-05	1
CASSPRGLAVVAKNIQYF	1.20560364574542e-05	0	0	1.20560364574542e-05	1
CASSPRGRSAYYEQFF	1.20560364574542e-05	0	0	1.20560364574542e-05	1
CASSPRGTVQPQHF	1.20560364574542e-05	0	0	1.20560364574542e-05	1
CASSPRQGTEAERFF	1.20560364574542e-05	0	0	1.20560364574542e-05	1
CASSPRRLGASGTRRCNEQFF	1.20560364574542e-05	0	0	1.20560364574542e-05	1
CASSPRRVTDTQYF	1.20560364574542e-05	0	0	1.20560364574542e-05	1
CASSPRSGRLVLDTQYF	1.20560364574542e-05	0	0	1.20560364574542e-05	1
CASSPRVQGEQYF	1.20560364574542e-05	0	0	1.20560364574542e-05	1
CASSPRVTGGRKNTGVLFF	1.20560364574542e-05	0	0	1.20560364574542e-05	1
CASSPSGQGEAQYF	1.20560364574542e-05	0	0	1.20560364574542e-05	1
CASSPSSGQRYNEQFF	1.20560364574542e-05	0	0	1.20560364574542e-05	1
CASSPSSSGNTIYF	1.20560364574542e-05	0	0	1.20560364574542e-05	1
CASSPTGETEAFF	1.20560364574542e-05	0	0	1.20560364574542e-05	1
CASSPTGGNGANVLTF	1.20560364574542e-05	0	0	1.20560364574542e-05	1
CASSPTGNTEAFF	1.20560364574542e-05	0	0	1.20560364574542e-05	1
CASSPTLWGLQETQYF	1.20560364574542e-05	0	0	1.20560364574542e-05	1
CASSPTSDSPEQYF	1.20560364574542e-05	0	0	1.20560364574542e-05	1
CASSPVGGANVLTF	1.20560364574542e-05	0	0	1.20560364574542e-05	1
CASSPVNTEAFF	1.20560364574542e-05	0	0	1.20560364574542e-05	1
CASSPVYGSDTQYF	1.20560364574542e-05	0	0	1.20560364574542e-05	1
CASSPWTGELDGYTF	1.20560364574542e-05	0	0	1.20560364574542e-05	1
CASSPYPGTLYGYTF	1.20560364574542e-05	0	0	1.20560364574542e-05	1
CASSPYVQGYEQYF	1.20560364574542e-05	0	0	1.20560364574542e-05	1
CASSQATGTDTQYF	1.20560364574542e-05	0	0	1.20560364574542e-05	1
CASSQDAGNYKQYF	1.20560364574542e-05	0	0	1.20560364574542e-05	1
CASSQDEGDHGGEQFF	1.20560364574542e-05	0	0	1.20560364574542e-05	1
CASSQDIGADTQYF	1.20560364574542e-05	0	0	1.20560364574542e-05	1
CASSQDKRLTGVDEQFF	1.20560364574542e-05	0	0	1.20560364574542e-05	1
CASSQDLQRGENEQFF	1.20560364574542e-05	0	0	1.20560364574542e-05	1
CASSQDPSGIYNEQSF	1.20560364574542e-05	0	0	1.20560364574542e-05	1
CASSQDPSVPYEQYF	1.20560364574542e-05	0	0	1.20560364574542e-05	1
CASSQDPWGSHTGELFF	1.20560364574542e-05	0	0	1.20560364574542e-05	1
CASSQDWGGAGGWSTDTQYF	1.20560364574542e-05	0	0	1.20560364574542e-05	1
CASSQDWTSTDTQYF	1.20560364574542e-05	0	0	1.20560364574542e-05	1
CASSQEGPYNSPLHL	1.20560364574542e-05	0	0	1.20560364574542e-05	1
CASSQEKYEQYL	1.20560364574542e-05	0	0	1.20560364574542e-05	1
CASSQEQYEQYF	1.20560364574542e-05	0	0	1.20560364574542e-05	1
CASSQGAYGQYF	1.20560364574542e-05	0	0	1.20560364574542e-05	1
CASSQGNRGTDTQYF	1.20560364574542e-05	0	0	1.20560364574542e-05	1
CASSQGPSEVYEQYF	1.20560364574542e-05	0	0	1.20560364574542e-05	1
CASSQGRMNTEAFF	1.20560364574542e-05	0	0	1.20560364574542e-05	1
CASSQGTGCTYTEAFF	1.20560364574542e-05	0	0	1.20560364574542e-05	1
CASSQGTGGGNQPQHF	1.20560364574542e-05	0	0	1.20560364574542e-05	1
CASSQGTGYMNTEAIF	1.20560364574542e-05	0	0	1.20560364574542e-05	1
CASSQHSLREQYF	1.20560364574542e-05	0	0	1.20560364574542e-05	1
CASSQLAGDYNEQFF	1.20560364574542e-05	0	0	1.20560364574542e-05	1
CASSQLAGGSYEQYF	1.20560364574542e-05	0	0	1.20560364574542e-05	1
CASSQPGTGVPGANVLTF	1.20560364574542e-05	0	0	1.20560364574542e-05	1
CASSQRAGKLFF	1.20560364574542e-05	0	0	1.20560364574542e-05	1
CASSQRRSARASYEQYF	1.20560364574542e-05	0	0	1.20560364574542e-05	1
CASSQSFSTYEQYF	1.20560364574542e-05	0	0	1.20560364574542e-05	1
CASSQTSGWSSYEQYF	1.20560364574542e-05	0	0	1.20560364574542e-05	1
CASSQVEYEQFF	1.20560364574542e-05	0	0	1.20560364574542e-05	1
CASSQVGASGRDGTQYF	1.20560364574542e-05	0	0	1.20560364574542e-05	1
CASSQVQGVNTGAFF	1.20560364574542e-05	0	0	1.20560364574542e-05	1
CASSQVRGGGIMNTEAFF	1.20560364574542e-05	0	0	1.20560364574542e-05	1
CASSQVSGGETQYF	1.20560364574542e-05	0	0	1.20560364574542e-05	1
CASSQVTQAKNIQYF	1.20560364574542e-05	0	0	1.20560364574542e-05	1
CASSQWAPSPDFQETQYF	1.20560364574542e-05	0	0	1.20560364574542e-05	1
CASSRAGGAVGVDGYTF	1.20560364574542e-05	0	0	1.20560364574542e-05	1
CASSRAWAKGGQYF	1.20560364574542e-05	0	0	1.20560364574542e-05	1
CASSRDTTEAFF	1.20560364574542e-05	0	0	1.20560364574542e-05	1
CASSREGEPLYGYTF	1.20560364574542e-05	0	0	1.20560364574542e-05	1
CASSRGGTGRTTDYEQYF	1.20560364574542e-05	0	0	1.20560364574542e-05	1
CASSRGGTQLHYNEQFF	1.20560364574542e-05	0	0	1.20560364574542e-05	1
CASSRGLRGGYEQYF	1.20560364574542e-05	0	0	1.20560364574542e-05	1
CASSRGNTDTQYF	1.20560364574542e-05	0	0	1.20560364574542e-05	1
CASSRGVTGGTTDYEQYF	1.20560364574542e-05	0	0	1.20560364574542e-05	1
CASSRIRGNEQFF	1.20560364574542e-05	0	0	1.20560364574542e-05	1
CASSRKREFYNEQFF	1.20560364574542e-05	0	0	1.20560364574542e-05	1
CASSRLAFDNEQFF	1.20560364574542e-05	0	0	1.20560364574542e-05	1
CASSRLVPIGTGELFF	1.20560364574542e-05	0	0	1.20560364574542e-05	1
CASSRPDGAGSYNEQFF	1.20560364574542e-05	0	0	1.20560364574542e-05	1
CASSRPGLGTQYF	1.20560364574542e-05	0	0	1.20560364574542e-05	1
CASSRPIAGLNTGELFF	1.20560364574542e-05	0	0	1.20560364574542e-05	1
CASSRQAGINQPQHF	1.20560364574542e-05	0	0	1.20560364574542e-05	1
CASSRQHVVSGNTIYF	1.20560364574542e-05	0	0	1.20560364574542e-05	1
CASSRQVWGEQFF	1.20560364574542e-05	0	0	1.20560364574542e-05	1
CASSRRLGGTDTQYF	1.20560364574542e-05	0	0	1.20560364574542e-05	1
CASSRSGDTQYF	1.20560364574542e-05	0	0	1.20560364574542e-05	1
CASSRSTDTQYF	1.20560364574542e-05	0	0	1.20560364574542e-05	1
CASSRTIQETQYF	1.20560364574542e-05	0	0	1.20560364574542e-05	1
CASSRTSGRAGGYEQYF	1.20560364574542e-05	0	0	1.20560364574542e-05	1
CASSRTTGAPSSYNEQFL	1.20560364574542e-05	0	0	1.20560364574542e-05	1
CASSRYTGELFF	1.20560364574542e-05	0	0	1.20560364574542e-05	1
CASSSAPGQGVTQYF	1.20560364574542e-05	0	0	1.20560364574542e-05	1
CASSSAQETQYF	1.20560364574542e-05	0	0	1.20560364574542e-05	1
CASSSASGQGRSRIYYGYTF	1.20560364574542e-05	0	0	1.20560364574542e-05	1
CASSSATGQGREREAFF	1.20560364574542e-05	0	0	1.20560364574542e-05	1
CASSSDAGTRGETQYF	1.20560364574542e-05	0	0	1.20560364574542e-05	1
CASSSDFRYEQFF	1.20560364574542e-05	0	0	1.20560364574542e-05	1
CASSSDRGNQETQYF	1.20560364574542e-05	0	1.13406972260655e-05	1.20560364574542e-05	2
CASSSDRSGGYEKLFF	1.20560364574542e-05	0	0	1.20560364574542e-05	1
CASSSEFMNTEAFF	1.20560364574542e-05	0	0	1.20560364574542e-05	1
CASSSETGYEQYF	1.20560364574542e-05	0	0	1.20560364574542e-05	1
CASSSFHRGTDTQYF	1.20560364574542e-05	0	0	1.20560364574542e-05	1
CASSSFSTGDTQYF	1.20560364574542e-05	0	0	1.20560364574542e-05	1
CASSSGDGKQYF	1.20560364574542e-05	0	0	1.20560364574542e-05	1
CASSSGFRGRGETQCF	1.20560364574542e-05	0	0	1.20560364574542e-05	1
CASSSGQAYGYTF	1.20560364574542e-05	0	0	1.20560364574542e-05	1
CASSSGTKAYEQYF	1.20560364574542e-05	0	0	1.20560364574542e-05	1
CASSSGTNVGGELFF	1.20560364574542e-05	0	0	1.20560364574542e-05	1
CASSSGTSGSSSTDTQYF	1.20560364574542e-05	0	0	1.20560364574542e-05	1
CASSSGTSGYQETQNF	1.20560364574542e-05	0	0	1.20560364574542e-05	1
CASSSGTTYGYTF	1.20560364574542e-05	0	0	1.20560364574542e-05	1
CASSSIGGVREQYF	1.20560364574542e-05	0	0	1.20560364574542e-05	1
CASSSKLLGGPNTGELFF	1.20560364574542e-05	0	0	1.20560364574542e-05	1
CASSSLGRSTDTQYF	1.20560364574542e-05	0	0	1.20560364574542e-05	1
CASSSMDRGLNSPLHF	1.20560364574542e-05	0	0	1.20560364574542e-05	1
CASSSNGYGYTF	1.20560364574542e-05	0	0	1.20560364574542e-05	1
CASSSNPRGNEQYF	1.20560364574542e-05	0	0	1.20560364574542e-05	1
CASSSNSKGTEAFF	1.20560364574542e-05	0	0	1.20560364574542e-05	1
CASSSPAGTSRSAYNEQFF	1.20560364574542e-05	0	0	1.20560364574542e-05	1
CASSSPALPNVGELFF	1.20560364574542e-05	0	0	1.20560364574542e-05	1
CASSSPGLPNTGELFF	1.20560364574542e-05	0	0	1.20560364574542e-05	1
CASSSPPGQLSGANVLTF	1.20560364574542e-05	0	0	1.20560364574542e-05	1
CASSSPTLNEQYF	1.20560364574542e-05	0	0	1.20560364574542e-05	1
CASSSQGGEQFF	1.20560364574542e-05	0	0	1.20560364574542e-05	1
CASSSQGQGNGNTIYF	1.20560364574542e-05	0	0	1.20560364574542e-05	1
CASSSQNYGYTF	1.20560364574542e-05	0	0	1.20560364574542e-05	1
CASSSQTTRHSETQYF	1.20560364574542e-05	0	0	1.20560364574542e-05	1
CASSSRDWPFLDTQYF	1.20560364574542e-05	0	0	1.20560364574542e-05	1
CASSSREYYNEQFF	1.20560364574542e-05	0	0	1.20560364574542e-05	1
CASSSRQGAGSPLHL	1.20560364574542e-05	0	0	1.20560364574542e-05	1
CASSSRTSGRTDTQYF	1.20560364574542e-05	0	0	1.20560364574542e-05	1
CASSSRYSNQPQHF	1.20560364574542e-05	0	0	1.20560364574542e-05	1
CASSSSGPLPEQGTSTDTQYF	1.20560364574542e-05	0	0	1.20560364574542e-05	1
CASSSSGTALYEQYF	1.20560364574542e-05	0	0	1.20560364574542e-05	1
CASSSSKSGRTDTQYF	1.20560364574542e-05	0	0	1.20560364574542e-05	1
CASSSSSDKRRGNTEAFF	1.20560364574542e-05	0	0	1.20560364574542e-05	1
CASSSTDLFSKNIQYF	1.20560364574542e-05	0	0	1.20560364574542e-05	1
CASSSTGTGTEQFF	1.20560364574542e-05	0	0	1.20560364574542e-05	1
CASSSTGTSYEQYF	1.20560364574542e-05	0	0	1.20560364574542e-05	1
CASSSTPGDEYF	1.20560364574542e-05	0	0	1.20560364574542e-05	1
CASSSTSGSWETQYF	1.20560364574542e-05	0	0	1.20560364574542e-05	1
CASSSYVIQGMQYF	1.20560364574542e-05	0	0	1.20560364574542e-05	1
CASSTGISVIYEQYF	1.20560364574542e-05	0	0	1.20560364574542e-05	1
CASSTGPGGSESYEQYF	1.20560364574542e-05	0	0	1.20560364574542e-05	1
CASSTGRAGEQFF	1.20560364574542e-05	0	0	1.20560364574542e-05	1
CASSTGTGGVHEQFF	1.20560364574542e-05	0	0	1.20560364574542e-05	1
CASSTGTGSDTGELFF	1.20560364574542e-05	0	0	1.20560364574542e-05	1
CASSTNRGRNYGYTF	1.20560364574542e-05	0	0	1.20560364574542e-05	1
CASSTPGLQETQYF	1.20560364574542e-05	0	0	1.20560364574542e-05	1
CASSTQGHEQYF	1.20560364574542e-05	0	0	1.20560364574542e-05	1
CASSTRETQYF	1.20560364574542e-05	0	0	1.20560364574542e-05	1
CASSTRLAGFREQYF	1.20560364574542e-05	0	0	1.20560364574542e-05	1
CASSTRMRTFGGYTF	1.20560364574542e-05	0	0	1.20560364574542e-05	1
CASSTRQGAYEQYY	1.20560364574542e-05	0	0	1.20560364574542e-05	1
CASSTSTYNEQFF	1.20560364574542e-05	0	0	1.20560364574542e-05	1
CASSTTGTGGNIQYF	1.20560364574542e-05	0	0	1.20560364574542e-05	1
CASSTTIRGGSPLHF	1.20560364574542e-05	0	0	1.20560364574542e-05	1
CASSTWGSGRAGTGELFF	1.20560364574542e-05	0	0	1.20560364574542e-05	1
CASSVAARVYNEQFF	1.20560364574542e-05	0	0	1.20560364574542e-05	1
CASSVAASGRGISTDTQYF	1.20560364574542e-05	0	0	1.20560364574542e-05	1
CASSVAPVMGGEETQYF	1.20560364574542e-05	0	0	1.20560364574542e-05	1
CASSVAVGGDQETQYF	1.20560364574542e-05	0	0	1.20560364574542e-05	1
CASSVDLEEGTDTQYF	1.20560364574542e-05	0	0	1.20560364574542e-05	1
CASSVDLGNEKLFF	1.20560364574542e-05	0	0	1.20560364574542e-05	1
CASSVDLGSGYNEQFF	1.20560364574542e-05	0	0	1.20560364574542e-05	1
CASSVDPGGGTDTQYF	1.20560364574542e-05	0	0	1.20560364574542e-05	1
CASSVEGSSYNEQFF	1.20560364574542e-05	0	0	1.20560364574542e-05	1
CASSVFRTGGTDTQYF	1.20560364574542e-05	0	0	1.20560364574542e-05	1
CASSVGGTGQETQYF	1.20560364574542e-05	0	0	1.20560364574542e-05	1
CASSVGQYSNQPQHF	1.20560364574542e-05	0	0	1.20560364574542e-05	1
CASSVGRTSTGELFF	1.20560364574542e-05	0	0	1.20560364574542e-05	1
CASSVGSWDEQFF	1.20560364574542e-05	0	0	1.20560364574542e-05	1
CASSVLAGEPGELLF	1.20560364574542e-05	0	0	1.20560364574542e-05	1
CASSVLGLAGEETQYF	1.20560364574542e-05	0	0	1.20560364574542e-05	1
CASSVQGGYEQYF	1.20560364574542e-05	0	0	1.20560364574542e-05	1
CASSVRAGAQETQYF	1.20560364574542e-05	0	0	1.20560364574542e-05	1
CASSVRRGSDTQYF	1.20560364574542e-05	0	0	1.20560364574542e-05	1
CASSVSGSVYNEQFF	1.20560364574542e-05	0	0	1.20560364574542e-05	1
CASSVTDRTDTQYF	1.20560364574542e-05	0	0	1.20560364574542e-05	1
CASSVVGGVTEAFF	1.20560364574542e-05	0	0	1.20560364574542e-05	1
CASSVVSGLTSKQFF	1.20560364574542e-05	0	0	1.20560364574542e-05	1
CASSWDFHTQYF	1.20560364574542e-05	0	0	1.20560364574542e-05	1
CASSWGGGGAVDEQFF	1.20560364574542e-05	0	0	1.20560364574542e-05	1
CASSWGGSGYEQYF	1.20560364574542e-05	0	0	1.20560364574542e-05	1
CASSWGQGNTEAFF	1.20560364574542e-05	0	0	1.20560364574542e-05	1
CASSWGVGGNNEQFF	1.20560364574542e-05	0	0	1.20560364574542e-05	1
CASSWLREPIYNEQFF	1.20560364574542e-05	0	0	1.20560364574542e-05	1
CASSWPKEGLQGTQYF	1.20560364574542e-05	0	0	1.20560364574542e-05	1
CASSWTGGADTQYF	1.20560364574542e-05	0	0	1.20560364574542e-05	1
CASSYAGAREQYF	1.20560364574542e-05	0	0	1.20560364574542e-05	1
CASSYAGTTLYEQYF	1.20560364574542e-05	0	0	1.20560364574542e-05	1
CASSYAHQPQHF	1.20560364574542e-05	0	0	1.20560364574542e-05	1
CASSYFGFSTYQETQYF	1.20560364574542e-05	0	0	1.20560364574542e-05	1
CASSYGLGGEQFF	1.20560364574542e-05	0	0	1.20560364574542e-05	1
CASSYGRASTDTQYF	1.20560364574542e-05	0	0	1.20560364574542e-05	1
CASSYGSLSPYEQYF	1.20560364574542e-05	0	0	1.20560364574542e-05	1
CASSYIGASWGYEQYF	1.20560364574542e-05	0	0	1.20560364574542e-05	1
CASSYKTSGKTSTDTQYF	1.20560364574542e-05	0	0	1.20560364574542e-05	1
CASSYPWTGTYEQHF	1.20560364574542e-05	0	0	1.20560364574542e-05	1
CASSYPWTGTYEQYF	1.20560364574542e-05	0	0	1.20560364574542e-05	1
CASSYRAGYEQYF	1.20560364574542e-05	0	0	1.20560364574542e-05	1
CASSYRGPQGEQFF	1.20560364574542e-05	0	0	1.20560364574542e-05	1
CASSYRLAGVIYNEQFF	1.20560364574542e-05	0	0	1.20560364574542e-05	1
CASSYRRFLYNEQFF	1.20560364574542e-05	0	0	1.20560364574542e-05	1
CASSYSGAPYDEQFF	1.20560364574542e-05	0	0	1.20560364574542e-05	1
CASSYSGTGWPDTQYF	1.20560364574542e-05	0	0	1.20560364574542e-05	1
CASSYSIARARNTEAFL	1.20560364574542e-05	0	0	1.20560364574542e-05	1
CASSYSITITDTQYF	1.20560364574542e-05	0	0	1.20560364574542e-05	1
CASSYSLGGSYGQYF	1.20560364574542e-05	0	0	1.20560364574542e-05	1
CASSYSRGRTEAFF	1.20560364574542e-05	0	0	1.20560364574542e-05	1
CASSYSSTAGTQYF	1.20560364574542e-05	0	0	1.20560364574542e-05	1
CASSYSVGGYRDNEQFF	1.20560364574542e-05	0	1.13406972260655e-05	1.20560364574542e-05	2
CASSYTGAGANVLTF	1.20560364574542e-05	0	0	1.20560364574542e-05	1
CASSYTGAGGANVLTF	1.20560364574542e-05	0	0	1.20560364574542e-05	1
CASSYTQSSYGYTF	1.20560364574542e-05	0	0	1.20560364574542e-05	1
CASSYTSGTSTDTQYF	1.20560364574542e-05	0	0	1.20560364574542e-05	1
CASSYWTGATYEQYF	1.20560364574542e-05	0	0	1.20560364574542e-05	1
CASTEAGGNQPQHF	1.20560364574542e-05	0	0	1.20560364574542e-05	1
CASTGLWGDTQYF	1.20560364574542e-05	0	0	1.20560364574542e-05	1
CASTGRGREKLFF	1.20560364574542e-05	0	0	1.20560364574542e-05	1
CASTGRLAGGVTGELFF	1.20560364574542e-05	0	0	1.20560364574542e-05	1
CASTKRGLADNSPPHF	1.20560364574542e-05	0	0	1.20560364574542e-05	1
CASTLGGGQETQYF	1.20560364574542e-05	0	0	1.20560364574542e-05	1
CASTLGRRRGSPLHF	1.20560364574542e-05	0	0	1.20560364574542e-05	1
CASTLRAWTGGYSNQPQRF	1.20560364574542e-05	0	0	1.20560364574542e-05	1
CASTLTTQGVTEAFF	1.20560364574542e-05	0	0	1.20560364574542e-05	1
CASTPLSEQYF	1.20560364574542e-05	0	0	1.20560364574542e-05	1
CASTPLWAGEGTGELFF	1.20560364574542e-05	0	0	1.20560364574542e-05	1
CASTPPDAENTEAFF	1.20560364574542e-05	0	0	1.20560364574542e-05	1
CASTPWAANNSPLHF	1.20560364574542e-05	0	0	1.20560364574542e-05	1
CASTPYGQGASEQFF	1.20560364574542e-05	0	0	1.20560364574542e-05	1
CASTQFGTDTQYF	1.20560364574542e-05	0	0	1.20560364574542e-05	1
CASTRDSFSHLHF	1.20560364574542e-05	0	0	1.20560364574542e-05	1
CASTRGLAGSYEQYF	1.20560364574542e-05	0	0	1.20560364574542e-05	1
CASTSQGGTEKAIF	1.20560364574542e-05	0	0	1.20560364574542e-05	1
CASTSRRHRVQYF	1.20560364574542e-05	0	0	1.20560364574542e-05	1
CASTTRGSSFTDTQYF	1.20560364574542e-05	0	0	1.20560364574542e-05	1
CASVGPSRETQYF	1.20560364574542e-05	0	0	1.20560364574542e-05	1
CASWSLESYNEQFF	1.20560364574542e-05	0	0	1.20560364574542e-05	1
CATAPRASGRYNEQFF	1.20560364574542e-05	0	0	1.20560364574542e-05	1
CATKKLGQDYSYTF	1.20560364574542e-05	0	0	1.20560364574542e-05	1
CATQRTSGYNEQFF	1.20560364574542e-05	0	0	1.20560364574542e-05	1
CATRLGAPRSPLHF	1.20560364574542e-05	0	0	1.20560364574542e-05	1
CATRPGAPRSPLHF	1.20560364574542e-05	0	0	1.20560364574542e-05	1
CATSDFWAGGSHEQFF	1.20560364574542e-05	0	0	1.20560364574542e-05	1
CATSDHGSEQFF	1.20560364574542e-05	0	0	1.20560364574542e-05	1
CATSDLEGGTGANEQFF	1.20560364574542e-05	0	0	1.20560364574542e-05	1
CATSERVNTEVFF	1.20560364574542e-05	0	0	1.20560364574542e-05	1
CATSGSGVFRVEQFF	1.20560364574542e-05	0	0	1.20560364574542e-05	1
CATSHPTDSAGGDEQYF	1.20560364574542e-05	0	0	1.20560364574542e-05	1
CATSICARRSYEQYF	1.20560364574542e-05	0	0	1.20560364574542e-05	1
CATSKGKAGPTYNERFF	1.20560364574542e-05	0	0	1.20560364574542e-05	1
CATSPIVRSTDTQYF	1.20560364574542e-05	0	0	1.20560364574542e-05	1
CATSRARELGYNEQFY	1.20560364574542e-05	0	0	1.20560364574542e-05	1
CATSREKSGYSGRASFNEQFF	1.20560364574542e-05	0	0	1.20560364574542e-05	1
CATTSAYNEQFF	1.20560364574542e-05	0	0	1.20560364574542e-05	1
CAVSEIGSGVDTQYF	1.20560364574542e-05	0	0	1.20560364574542e-05	1
CAWIPGGGLNYNEQFF	1.20560364574542e-05	0	0	1.20560364574542e-05	1
CAWMTGGSYEQYF	1.20560364574542e-05	0	0	1.20560364574542e-05	1
CAWNKLTLYGYTF	1.20560364574542e-05	0	0	1.20560364574542e-05	1
CAWRHLDRWNTEAFF	1.20560364574542e-05	0	0	1.20560364574542e-05	1
CAWRWTGDTEAFF	1.20560364574542e-05	0	0	1.20560364574542e-05	1
CAWSAEYGYTF	1.20560364574542e-05	0	0	1.20560364574542e-05	1
CAWSAGPTNTEAFF	1.20560364574542e-05	0	0	1.20560364574542e-05	1
CAWSDTGRNQPQHF	1.20560364574542e-05	0	0	1.20560364574542e-05	1
CAWSGETSGSRSYNEQFF	1.20560364574542e-05	0	0	1.20560364574542e-05	1
CAWSGQLRETQYF	1.20560364574542e-05	0	0	1.20560364574542e-05	1
CAWSQQEQSPLHF	1.20560364574542e-05	0	0	1.20560364574542e-05	1
CAWSVGLAGLYEQYF	1.20560364574542e-05	0	0	1.20560364574542e-05	1
CAWSVSRSGELFF	1.20560364574542e-05	0	0	1.20560364574542e-05	1
CAWSVWGPNEKLFF	1.20560364574542e-05	0	0	1.20560364574542e-05	1
CAWTLGGTANTEAFF	1.20560364574542e-05	0	0	1.20560364574542e-05	1
CAWTQGRTGANVLTF	1.20560364574542e-05	0	0	1.20560364574542e-05	1
CAWTRGQPNSPPHF	1.20560364574542e-05	0	0	1.20560364574542e-05	1
CAWTSQDRGNTEAFF	1.20560364574542e-05	0	0	1.20560364574542e-05	1
CDSSSGPRGEQFF	1.20560364574542e-05	0	0	1.20560364574542e-05	1
CGFGGNTDTQYF	1.20560364574542e-05	0	0	1.20560364574542e-05	1
CGVEVSSSGSGNEQFF	1.20560364574542e-05	0	0	1.20560364574542e-05	1
CNARDSSGTGSRKLFF	1.20560364574542e-05	0	0	1.20560364574542e-05	1
CSAALGQVLDEQYF	1.20560364574542e-05	0	0	1.20560364574542e-05	1
CSAARDAYEQYF	1.20560364574542e-05	0	0	1.20560364574542e-05	1
CSAFGLAGPNEQFF	1.20560364574542e-05	0	0	1.20560364574542e-05	1
CSAGTPKSSYEQYL	1.20560364574542e-05	0	0	1.20560364574542e-05	1
CSAIPRLGYMREQYF	1.20560364574542e-05	0	0	1.20560364574542e-05	1
CSAIQLADLEAQYF	1.20560364574542e-05	0	0	1.20560364574542e-05	1
CSAKDLGKAAKWDEQFF	1.20560364574542e-05	0	0	1.20560364574542e-05	1
CSALRSPNHSNQPQHF	1.20560364574542e-05	0	0	1.20560364574542e-05	1
CSALVAGLTGELFF	1.20560364574542e-05	0	0	1.20560364574542e-05	1
CSAMDPVGYGYTF	1.20560364574542e-05	0	0	1.20560364574542e-05	1
CSAMTGIDADAQYF	1.20560364574542e-05	0	0	1.20560364574542e-05	1
CSANRDSTDTQYF	1.20560364574542e-05	0	0	1.20560364574542e-05	1
CSAPDNAGEQFF	1.20560364574542e-05	0	0	1.20560364574542e-05	1
CSAPGTNQETQYF	1.20560364574542e-05	0	0	1.20560364574542e-05	1
CSAPLGETQYF	1.20560364574542e-05	0	0	1.20560364574542e-05	1
CSAPSLVGETQYF	1.20560364574542e-05	0	0	1.20560364574542e-05	1
CSAPVGGRETQYF	1.20560364574542e-05	0	0	1.20560364574542e-05	1
CSAQRAPSYEQYF	1.20560364574542e-05	0	0	1.20560364574542e-05	1
CSARAALRPEQYF	1.20560364574542e-05	0	0	1.20560364574542e-05	1
CSARAGLPYEQYF	1.20560364574542e-05	0	0	1.20560364574542e-05	1
CSARALAGLQESQYF	1.20560364574542e-05	0	0	1.20560364574542e-05	1
CSARAPRLDQPQHF	1.20560364574542e-05	0	0	1.20560364574542e-05	1
CSARASVGTGLENIQYF	1.20560364574542e-05	0	0	1.20560364574542e-05	1
CSARDAGTGVLTF	1.20560364574542e-05	0	0	1.20560364574542e-05	1
CSARDGLWDSSYEQYF	1.20560364574542e-05	0	0	1.20560364574542e-05	1
CSARDGPGLIGPNTDTQYF	1.20560364574542e-05	0	0	1.20560364574542e-05	1
CSARDLASGRVQFF	1.20560364574542e-05	0	0	1.20560364574542e-05	1
CSARDLPSVRLQFF	1.20560364574542e-05	0	0	1.20560364574542e-05	1
CSARDLSGSIYEQYF	1.20560364574542e-05	0	0	1.20560364574542e-05	1
CSARDQGLEQYF	1.20560364574542e-05	0	0	1.20560364574542e-05	1
CSARDRTLAKNIQYF	1.20560364574542e-05	0	0	1.20560364574542e-05	1
CSARDSGTPSTDTQYF	1.20560364574542e-05	0	0	1.20560364574542e-05	1
CSARDWPLAETYEQYF	1.20560364574542e-05	0	0	1.20560364574542e-05	1
CSARDWTSGRANEQFF	1.20560364574542e-05	0	0	1.20560364574542e-05	1
CSARDYGNEQFF	1.20560364574542e-05	0	0	1.20560364574542e-05	1
CSARGDRGMAGELFF	1.20560364574542e-05	0	0	1.20560364574542e-05	1
CSARGDRGMAGKLFF	1.20560364574542e-05	0	0	1.20560364574542e-05	1
CSARGLAAETQYF	1.20560364574542e-05	0	0	1.20560364574542e-05	1
CSARGNRGLSSYNEQFF	1.20560364574542e-05	0	0	1.20560364574542e-05	1
CSARGPWDNNYGYTF	1.20560364574542e-05	0	0	1.20560364574542e-05	1
CSARGTSDPYEQYF	1.20560364574542e-05	0	0	1.20560364574542e-05	1
CSARGTSGSPLHF	1.20560364574542e-05	0	0	1.20560364574542e-05	1
CSARKETHEQYF	1.20560364574542e-05	0	0	1.20560364574542e-05	1
CSARKGLAGVGKTQYF	1.20560364574542e-05	0	0	1.20560364574542e-05	1
CSARPGAEFSYEQYF	1.20560364574542e-05	0	0	1.20560364574542e-05	1
CSARPGQGPQGTQYF	1.20560364574542e-05	0	0	1.20560364574542e-05	1
CSARRKPGSGRASYNEQFF	1.20560364574542e-05	0	0	1.20560364574542e-05	1
CSARRPEAANEKLFF	1.20560364574542e-05	0	0	1.20560364574542e-05	1
CSARSDTDTQDF	1.20560364574542e-05	0	0	1.20560364574542e-05	1
CSARSHINTGGLFF	1.20560364574542e-05	0	0	1.20560364574542e-05	1
CSARSLSAGAQYF	1.20560364574542e-05	0	0	1.20560364574542e-05	1
CSARSPASTDTQYF	1.20560364574542e-05	0	0	1.20560364574542e-05	1
CSARSTGFEQYF	1.20560364574542e-05	0	0	1.20560364574542e-05	1
CSARSYLRALF	1.20560364574542e-05	0	0	1.20560364574542e-05	1
CSARTPGQGLALLHF	1.20560364574542e-05	0	0	1.20560364574542e-05	1
CSARVTRGALSYEQYF	1.20560364574542e-05	0	0	1.20560364574542e-05	1
CSASGTTYEQYF	1.20560364574542e-05	0	0	1.20560364574542e-05	1
CSASNSGRLNEQFF	1.20560364574542e-05	0	0	1.20560364574542e-05	1
CSASPGLAGLRGRNEQFF	1.20560364574542e-05	0	0	1.20560364574542e-05	1
CSASREPGYGQYF	1.20560364574542e-05	0	0	1.20560364574542e-05	1
CSASRIAARETQHF	1.20560364574542e-05	0	0	1.20560364574542e-05	1
CSASRTGKGLFF	1.20560364574542e-05	0	0	1.20560364574542e-05	1
CSASSIRYNEQFF	1.20560364574542e-05	0	0	1.20560364574542e-05	1
CSASSLKGPDTQYF	1.20560364574542e-05	0	0	1.20560364574542e-05	1
CSASSSGQGKEAQYF	1.20560364574542e-05	0	0	1.20560364574542e-05	1
CSASTPFLRAGDDGVTQYF	1.20560364574542e-05	0	0	1.20560364574542e-05	1
CSATGAGTLRGLGTQYF	1.20560364574542e-05	0	0	1.20560364574542e-05	1
CSATGASGGMINEQFF	1.20560364574542e-05	0	0	1.20560364574542e-05	1
CSATLLAANTDTQYF	1.20560364574542e-05	0	0	1.20560364574542e-05	1
CSATPLAANTDTQYF	1.20560364574542e-05	0	0	1.20560364574542e-05	1
CSATSGRANTGELFF	1.20560364574542e-05	0	0	1.20560364574542e-05	1
CSATTGNQPQHF	1.20560364574542e-05	0	0	1.20560364574542e-05	1
CSAVGGTGELLF	1.20560364574542e-05	0	0	1.20560364574542e-05	1
CSDSGFVRGTEAFF	1.20560364574542e-05	0	0	1.20560364574542e-05	1
CSGGEVVNEQFL	1.20560364574542e-05	0	0	1.20560364574542e-05	1
CSGGTVKPRGGTQYF	1.20560364574542e-05	0	0	1.20560364574542e-05	1
CSIGRGGEQFF	1.20560364574542e-05	0	0	1.20560364574542e-05	1
CSSLGGDTQYF	1.20560364574542e-05	0	0	1.20560364574542e-05	1
CSSTTGLAGGYEQYF	1.20560364574542e-05	0	0	1.20560364574542e-05	1
CSTATPNYEYTF	1.20560364574542e-05	0	0	1.20560364574542e-05	1
CSTRPRLGEVYEQYF	1.20560364574542e-05	0	0	1.20560364574542e-05	1
CSTSMGQGNEQFF	1.20560364574542e-05	0	0	1.20560364574542e-05	1
CSVAAGGRDTQNF	1.20560364574542e-05	0	0	1.20560364574542e-05	1
CSVEDALSTDTQYF	1.20560364574542e-05	0	0	1.20560364574542e-05	1
CSVEEGGTSGKQTQYF	1.20560364574542e-05	0	0	1.20560364574542e-05	1
CSVGGPVATGELFF	1.20560364574542e-05	0	0	1.20560364574542e-05	1
CSVKAYPVSGETQYF	1.20560364574542e-05	0	0	1.20560364574542e-05	1
CSVNRAVTEAFF	1.20560364574542e-05	0	0	1.20560364574542e-05	1
CSVRGQGARETQYF	1.20560364574542e-05	0	0	1.20560364574542e-05	1
CSVRQGAFSTNEKLFF	1.20560364574542e-05	0	0	1.20560364574542e-05	1
CSVSGLYNGQFF	1.20560364574542e-05	0	0	1.20560364574542e-05	1
CTSSLVGSPDTQYF	1.20560364574542e-05	0	0	1.20560364574542e-05	1
CTSSPDRGMIAEAFF	1.20560364574542e-05	0	0	1.20560364574542e-05	1
CTSSRGSPGANVLTF	1.20560364574542e-05	0	0	1.20560364574542e-05	1
CTSSRPDGTGSYNEQFF	1.20560364574542e-05	0	0	1.20560364574542e-05	1
CVSSDPYTGELFF	1.20560364574542e-05	0	0	1.20560364574542e-05	1
CVSSLWPGASGEAFF	1.20560364574542e-05	0	0	1.20560364574542e-05	1
CVSSPEGSRDRSYEQYF	1.20560364574542e-05	0	0	1.20560364574542e-05	1
CVSSQDMDSWAYEQYF	1.20560364574542e-05	0	0	1.20560364574542e-05	1
CVSSRNGNTGELFF	1.20560364574542e-05	0	0	1.20560364574542e-05	1
CVSSSGTSGSSSTDTQYF	1.20560364574542e-05	0	0	1.20560364574542e-05	1
CVTGLAGVGSYEQYF	1.20560364574542e-05	0	0	1.20560364574542e-05	1
FAIIQYCNEHFF	1.20560364574542e-05	0	0	1.20560364574542e-05	1
FATGTGGLNTEAFF	1.20560364574542e-05	0	0	1.20560364574542e-05	1
RASMEWGLAGDNEQFF	1.20560364574542e-05	0	0	1.20560364574542e-05	1
RASRHSIGREQFF	1.20560364574542e-05	0	0	1.20560364574542e-05	1
RASRNAGGEQYF	1.20560364574542e-05	0	0	1.20560364574542e-05	1
RASSHGTGGGQPQHF	1.20560364574542e-05	0	0	1.20560364574542e-05	1
RASSLIAGWRTDTQYF	1.20560364574542e-05	0	0	1.20560364574542e-05	1
RASSPGTGINSPLHF	1.20560364574542e-05	0	0	1.20560364574542e-05	1
RASSPKEYNSPLHF	1.20560364574542e-05	0	0	1.20560364574542e-05	1
RASSSMDRYTEAFF	1.20560364574542e-05	0	0	1.20560364574542e-05	1
RASSVSGSVYNEQFF	1.20560364574542e-05	0	0	1.20560364574542e-05	1
RSGEAGGYEQYF	1.20560364574542e-05	0	0	1.20560364574542e-05	1
RVSSPKDYNNEQFF	1.20560364574542e-05	0	0	1.20560364574542e-05	1
YASSPSSGEGETQYF	1.20560364574542e-05	0	0	1.20560364574542e-05	1
YASSRGGFTGLTF	1.20560364574542e-05	0	0	1.20560364574542e-05	1
CACSFGLAGHTDTQYF	0	0	1.13406972260655e-05	1.13406972260655e-05	1
CACSRLWTSGRNEQLF	0	0	1.13406972260655e-05	1.13406972260655e-05	1
CAGRGGDKNQPQHF	0	0	1.13406972260655e-05	1.13406972260655e-05	1
CAGRIAGFTGELFF	0	0	1.13406972260655e-05	1.13406972260655e-05	1
CAGRQGGTRGELFF	0	0	1.13406972260655e-05	1.13406972260655e-05	1
CAGRVRGQGTGELFF	0	0	1.13406972260655e-05	1.13406972260655e-05	1
CAGRYSGYSTNEKLFF	0	0	1.13406972260655e-05	1.13406972260655e-05	1
CAGSDGGDANYGYTF	0	0	1.13406972260655e-05	1.13406972260655e-05	1
CAGSDINIEQFF	0	0	1.13406972260655e-05	1.13406972260655e-05	1
CAGSFPGELFF	0	0	1.13406972260655e-05	1.13406972260655e-05	1
CAGSLGQANTEAFF	0	0	1.13406972260655e-05	1.13406972260655e-05	1
CAGSLGQGAGEQYF	0	0	1.13406972260655e-05	1.13406972260655e-05	1
CAGSPIAGGLTGELFF	0	0	1.13406972260655e-05	1.13406972260655e-05	1
CAGSPMAGSYNEQFF	0	0	1.13406972260655e-05	1.13406972260655e-05	1
CAGSPVRGGYTF	0	0	1.13406972260655e-05	1.13406972260655e-05	1
CAGSQVDTDTQYF	0	0	1.13406972260655e-05	1.13406972260655e-05	1
CAGSSTTGLGELFF	0	0	1.13406972260655e-05	1.13406972260655e-05	1
CAGSYRRLYEQYF	0	0	1.13406972260655e-05	1.13406972260655e-05	1
CAGSYVGVGYTF	0	0	1.13406972260655e-05	1.13406972260655e-05	1
CAIGDGRTVNSPLHF	0	0	1.13406972260655e-05	1.13406972260655e-05	1
CAIHQFGEQFF	0	0	1.13406972260655e-05	1.13406972260655e-05	1
CAIMGQGPYVQYF	0	0	1.13406972260655e-05	1.13406972260655e-05	1
CAINTKTRDNTEAFF	0	0	1.13406972260655e-05	1.13406972260655e-05	1
CAIRPGSGTEAFI	0	0	1.13406972260655e-05	1.13406972260655e-05	1
CAIRRQSSYEQYF	0	0	1.13406972260655e-05	1.13406972260655e-05	1
CAIRSNGYEQYF	0	0	1.13406972260655e-05	1.13406972260655e-05	1
CAISADGYEQYF	0	0	1.13406972260655e-05	1.13406972260655e-05	1
CAISALGYTEAFS	0	0	1.13406972260655e-05	1.13406972260655e-05	1
CAISASGQRTGNTIYF	0	0	1.13406972260655e-05	1.13406972260655e-05	1
CAISATSAKEQFF	0	0	1.13406972260655e-05	1.13406972260655e-05	1
CAISATSANEQFF	0	0	1.13406972260655e-05	1.13406972260655e-05	1
CAISCKESGGEQFF	0	0	1.13406972260655e-05	1.13406972260655e-05	1
CAISDGRTVNPPLHF	0	0	1.13406972260655e-05	1.13406972260655e-05	1
CAISDGRTVNSPLHF	0	0	1.13406972260655e-05	1.13406972260655e-05	1
CAISEDLNDYGYTS	0	0	1.13406972260655e-05	1.13406972260655e-05	1
CAISEPATVRSQYF	0	0	1.13406972260655e-05	1.13406972260655e-05	1
CAISEQTVGTEKLFF	0	0	1.13406972260655e-05	1.13406972260655e-05	1
CAISESTMLGLADYNEQFF	0	0	1.13406972260655e-05	1.13406972260655e-05	1
CAISGGGRLNTEAFF	0	0	1.13406972260655e-05	1.13406972260655e-05	1
CAISGLGNTGELFF	0	0	1.13406972260655e-05	1.13406972260655e-05	1
CAISGTSGRERQYF	0	0	1.13406972260655e-05	1.13406972260655e-05	1
CAISGVGTGIDTQYF	0	0	1.13406972260655e-05	1.13406972260655e-05	1
CAISGVGTGTDTQYF	0	0	1.13406972260655e-05	1.13406972260655e-05	1
CAISPAIPPYEQYF	0	0	1.13406972260655e-05	1.13406972260655e-05	1
CAISSGTFSTDTQYF	0	0	1.13406972260655e-05	1.13406972260655e-05	1
CAISTGTGMDGYTF	0	0	1.13406972260655e-05	1.13406972260655e-05	1
CAISVREGGSGSSEQFF	0	0	1.13406972260655e-05	1.13406972260655e-05	1
CAISVRSGSANTGELFF	0	0	1.13406972260655e-05	1.13406972260655e-05	1
CANSLAGTSTDTQYF	0	0	1.13406972260655e-05	1.13406972260655e-05	1
CANSPLAGGYNEQFF	0	0	1.13406972260655e-05	1.13406972260655e-05	1
CANSQDQPSYNEQFF	0	0	1.13406972260655e-05	1.13406972260655e-05	1
CANSYGQYSYNSPPHF	0	0	1.13406972260655e-05	1.13406972260655e-05	1
CARSPRPGYNEQFF	0	0	1.13406972260655e-05	1.13406972260655e-05	1
CARSQAGIGYNEQFF	0	0	1.13406972260655e-05	1.13406972260655e-05	1
CARSRPGQGPPPYEQYF	0	0	1.13406972260655e-05	1.13406972260655e-05	1
CASALAGGTDTQYF	0	0	1.13406972260655e-05	1.13406972260655e-05	1
CASENQGDYGYTF	0	0	1.13406972260655e-05	1.13406972260655e-05	1
CASGFLSPGQGGEQYF	0	0	1.13406972260655e-05	1.13406972260655e-05	1
CASGGLAGDYEQYF	0	0	1.13406972260655e-05	1.13406972260655e-05	1
CASGGLRYNEQYF	0	0	1.13406972260655e-05	1.13406972260655e-05	1
CASGMSGQGYSNQPQHF	0	0	1.13406972260655e-05	1.13406972260655e-05	1
CASGNGDTQYF	0	0	1.13406972260655e-05	1.13406972260655e-05	1
CASGQDRAHYGYTF	0	0	1.13406972260655e-05	1.13406972260655e-05	1
CASGQSQGNYGYTF	0	0	1.13406972260655e-05	1.13406972260655e-05	1
CASGQYHQETQYF	0	0	1.13406972260655e-05	1.13406972260655e-05	1
CASGRAGWAYEQYF	0	0	1.13406972260655e-05	1.13406972260655e-05	1
CASGYNEQFF	0	0	1.13406972260655e-05	1.13406972260655e-05	1
CASGYTRASGVNTEAFF	0	0	1.13406972260655e-05	1.13406972260655e-05	1
CASHRISGNTIYF	0	0	1.13406972260655e-05	1.13406972260655e-05	1
CASIARVAGANVLTF	0	0	1.13406972260655e-05	1.13406972260655e-05	1
CASILTGGVGQPQHF	0	0	1.13406972260655e-05	1.13406972260655e-05	1
CASKTGSIAYEQYF	0	0	1.13406972260655e-05	1.13406972260655e-05	1
CASMTSDKPYEQYF	0	0	1.13406972260655e-05	1.13406972260655e-05	1
CASNFSPRYEQFF	0	0	1.13406972260655e-05	1.13406972260655e-05	1
CASNNEGMNTEDFF	0	0	1.13406972260655e-05	1.13406972260655e-05	1
CASNPRQGSYEQYF	0	0	1.13406972260655e-05	1.13406972260655e-05	1
CASQASSYNEQFF	0	0	1.13406972260655e-05	1.13406972260655e-05	1
CASQRGRITYNEQFF	0	0	1.13406972260655e-05	1.13406972260655e-05	1
CASRANTGDRTYEQYF	0	0	1.13406972260655e-05	1.13406972260655e-05	1
CASRENTDTQYF	0	0	1.13406972260655e-05	1.13406972260655e-05	1
CASRFRENNKQFF	0	0	1.13406972260655e-05	1.13406972260655e-05	1
CASRFRGNSNQPQHF	0	0	1.13406972260655e-05	1.13406972260655e-05	1
CASRGCYTF	0	0	1.13406972260655e-05	1.13406972260655e-05	1
CASRGGGGYTF	0	0	1.13406972260655e-05	1.13406972260655e-05	1
CASRGGSNTGELFF	0	0	1.13406972260655e-05	1.13406972260655e-05	1
CASRGLRSHNEQFF	0	0	1.13406972260655e-05	1.13406972260655e-05	1
CASRGQLSDYGYTF	0	0	1.13406972260655e-05	1.13406972260655e-05	1
CASRGRGLVGELFF	0	0	1.13406972260655e-05	1.13406972260655e-05	1
CASRKAGFAYEQYF	0	0	1.13406972260655e-05	1.13406972260655e-05	1
CASRKREGSLNEQFF	0	0	1.13406972260655e-05	1.13406972260655e-05	1
CASRLAGFSTDTQYF	0	0	1.13406972260655e-05	1.13406972260655e-05	1
CASRLAGGTYEQYF	0	0	1.13406972260655e-05	1.13406972260655e-05	1
CASRLGTSGTTGELFF	0	0	1.13406972260655e-05	1.13406972260655e-05	1
CASRLHGGYTF	0	0	1.13406972260655e-05	1.13406972260655e-05	1
CASRNEGRTGETQYF	0	0	1.13406972260655e-05	1.13406972260655e-05	1
CASRPASGSYNEQFF	0	0	1.13406972260655e-05	1.13406972260655e-05	1
CASRPGPGGANFGYTF	0	0	1.13406972260655e-05	1.13406972260655e-05	1
CASRPLGYTQYF	0	0	1.13406972260655e-05	1.13406972260655e-05	1
CASRPPGRGNNGRTF	0	0	1.13406972260655e-05	1.13406972260655e-05	1
CASRPRTSPYEQSF	0	0	1.13406972260655e-05	1.13406972260655e-05	1
CASRPRVEEGYTS	0	0	1.13406972260655e-05	1.13406972260655e-05	1
CASRPTGAEFTQYF	0	0	1.13406972260655e-05	1.13406972260655e-05	1
CASRPTGAELTQYF	0	0	1.13406972260655e-05	1.13406972260655e-05	1
CASRQLGGGNIQYF	0	0	1.13406972260655e-05	1.13406972260655e-05	1
CASRRDTNHPQHF	0	0	1.13406972260655e-05	1.13406972260655e-05	1
CASRRGMNTEAFF	0	0	1.13406972260655e-05	1.13406972260655e-05	1
CASRRLAGASTDTQYF	0	0	1.13406972260655e-05	1.13406972260655e-05	1
CASRRPSGSHEQFF	0	0	1.13406972260655e-05	1.13406972260655e-05	1
CASRRPSGSHEQYF	0	0	1.13406972260655e-05	1.13406972260655e-05	1
CASRRRLSGNTIYF	0	0	1.13406972260655e-05	1.13406972260655e-05	1
CASRSGTLEQFF	0	0	1.13406972260655e-05	1.13406972260655e-05	1
CASRSWGLKQFF	0	0	1.13406972260655e-05	1.13406972260655e-05	1
CASRTGGIRHEQYF	0	0	1.13406972260655e-05	1.13406972260655e-05	1
CASRTGGVSNEQYF	0	0	1.13406972260655e-05	1.13406972260655e-05	1
CASRTGTGGNTIYF	0	0	1.13406972260655e-05	1.13406972260655e-05	1
CASRTGTSSSYNGQFF	0	0	1.13406972260655e-05	1.13406972260655e-05	1
CASRTRDYKETQYF	0	0	1.13406972260655e-05	1.13406972260655e-05	1
CASRTSGSSKNIQYF	0	0	1.13406972260655e-05	1.13406972260655e-05	1
CASRVMGANTGELFF	0	0	1.13406972260655e-05	1.13406972260655e-05	1
CASRVQPGQPQHF	0	0	1.13406972260655e-05	1.13406972260655e-05	1
CASRVTGSQETQYF	0	0	1.13406972260655e-05	1.13406972260655e-05	1
CASSAGLAGSDTQYF	0	0	1.13406972260655e-05	1.13406972260655e-05	1
CASSAGPSNQPQHS	0	0	1.13406972260655e-05	1.13406972260655e-05	1
CASSAGQGFSNQPQHF	0	0	1.13406972260655e-05	1.13406972260655e-05	1
CASSAGRQRQETQYF	0	0	1.13406972260655e-05	1.13406972260655e-05	1
CASSARDQNTRELFF	0	0	1.13406972260655e-05	1.13406972260655e-05	1
CASSARGGRGGEQFF	0	0	1.13406972260655e-05	1.13406972260655e-05	1
CASSARWNEQFF	0	0	1.13406972260655e-05	1.13406972260655e-05	1
CASSATGTSGFAYELYF	0	0	1.13406972260655e-05	1.13406972260655e-05	1
CASSATGTSRADTQYF	0	0	1.13406972260655e-05	1.13406972260655e-05	1
CASSATSGVYNEQFF	0	0	1.13406972260655e-05	1.13406972260655e-05	1
CASSAVSGGYLDTQYF	0	0	1.13406972260655e-05	1.13406972260655e-05	1
CASSCPQGGGSQYF	0	0	1.13406972260655e-05	1.13406972260655e-05	1
CASSDGGGANYGYTF	0	0	1.13406972260655e-05	1.13406972260655e-05	1
CASSDGTLLTDTQYF	0	0	1.13406972260655e-05	1.13406972260655e-05	1
CASSDLAGGYNEQFF	0	0	1.13406972260655e-05	1.13406972260655e-05	1
CASSDPGLLSGNTIYF	0	0	1.13406972260655e-05	1.13406972260655e-05	1
CASSDPGQGSYEQYF	0	0	1.13406972260655e-05	1.13406972260655e-05	1
CASSDPIAGVKDTQYF	0	0	1.13406972260655e-05	1.13406972260655e-05	1
CASSDPPTGIRPGANVLTF	0	0	1.13406972260655e-05	1.13406972260655e-05	1
CASSDPRSWGTDTQYF	0	0	1.13406972260655e-05	1.13406972260655e-05	1
CASSEAPEMGKLFF	0	0	1.13406972260655e-05	1.13406972260655e-05	1
CASSEFGRAYNEQFF	0	0	1.13406972260655e-05	1.13406972260655e-05	1
CASSEGFDTQYF	0	0	1.13406972260655e-05	1.13406972260655e-05	1
CASSEGTRTDTQYF	0	0	1.13406972260655e-05	1.13406972260655e-05	1
CASSEGTSGSYGQFF	0	0	1.13406972260655e-05	1.13406972260655e-05	1
CASSEGTSVQSDTQYF	0	0	1.13406972260655e-05	1.13406972260655e-05	1
CASSELGSAFQGTQYF	0	0	1.13406972260655e-05	1.13406972260655e-05	1
CASSELPRLEADTQYF	0	0	1.13406972260655e-05	1.13406972260655e-05	1
CASSENIRTGVNYSYTF	0	0	1.13406972260655e-05	1.13406972260655e-05	1
CASSENNEQFF	0	0	1.13406972260655e-05	1.13406972260655e-05	1
CASSERTEGNTIYF	0	0	1.13406972260655e-05	1.13406972260655e-05	1
CASSEWFMNTEAFF	0	0	1.13406972260655e-05	1.13406972260655e-05	1
CASSFCTSGRAPGELFF	0	0	1.13406972260655e-05	1.13406972260655e-05	1
CASSFDEAYERYF	0	0	1.13406972260655e-05	1.13406972260655e-05	1
CASSFGDSSPLHF	0	0	1.13406972260655e-05	1.13406972260655e-05	1
CASSFGGRATDTQYF	0	0	1.13406972260655e-05	1.13406972260655e-05	1
CASSFGGSTDTQYF	0	0	1.13406972260655e-05	1.13406972260655e-05	1
CASSFGHNEQFF	0	0	1.13406972260655e-05	1.13406972260655e-05	1
CASSFGLAGGRDEQFF	0	0	1.13406972260655e-05	1.13406972260655e-05	1
CASSFGLAGHTDTQYL	0	0	1.13406972260655e-05	1.13406972260655e-05	1
CASSFGLDRSDTQYF	0	0	1.13406972260655e-05	1.13406972260655e-05	1
CASSFGTSARNEQFF	0	0	1.13406972260655e-05	1.13406972260655e-05	1
CASSFKAGVYEQCF	0	0	1.13406972260655e-05	1.13406972260655e-05	1
CASSFLSSGRLNTQYF	0	0	1.13406972260655e-05	1.13406972260655e-05	1
CASSFMTGTNYGYTF	0	0	1.13406972260655e-05	1.13406972260655e-05	1
CASSFPTTGFGYNTEAFF	0	0	1.13406972260655e-05	1.13406972260655e-05	1
CASSFRQGTEAFF	0	0	1.13406972260655e-05	1.13406972260655e-05	1
CASSFSGAPGDTQYF	0	0	1.13406972260655e-05	1.13406972260655e-05	1
CASSFSGNGGTGELFF	0	0	1.13406972260655e-05	1.13406972260655e-05	1
CASSFSGRHYNEQFF	0	0	1.13406972260655e-05	1.13406972260655e-05	1
CASSFSGTLQTQYF	0	0	1.13406972260655e-05	1.13406972260655e-05	1
CASSFSPKPNGYTF	0	0	1.13406972260655e-05	1.13406972260655e-05	1
CASSFTGGTEAFF	0	0	1.13406972260655e-05	1.13406972260655e-05	1
CASSFYGGQDTEAFF	0	0	1.13406972260655e-05	1.13406972260655e-05	1
CASSGESLGCGYTF	0	0	1.13406972260655e-05	1.13406972260655e-05	1
CASSGGNRRGNEQFF	0	0	1.13406972260655e-05	1.13406972260655e-05	1
CASSGIQGAYEQYF	0	0	1.13406972260655e-05	1.13406972260655e-05	1
CASSGLGHLNTEAFF	0	0	1.13406972260655e-05	1.13406972260655e-05	1
CASSGPGPGYTF	0	0	1.13406972260655e-05	1.13406972260655e-05	1
CASSGQLSGANILTF	0	0	1.13406972260655e-05	1.13406972260655e-05	1
CASSGRGYTDTQYF	0	0	1.13406972260655e-05	1.13406972260655e-05	1
CASSGTGGNQSQHF	0	0	1.13406972260655e-05	1.13406972260655e-05	1
CASSGTPRGPQHF	0	0	1.13406972260655e-05	1.13406972260655e-05	1
CASSGTTGLGELFF	0	0	1.13406972260655e-05	1.13406972260655e-05	1
CASSGYRGQGKNIQYF	0	0	1.13406972260655e-05	1.13406972260655e-05	1
CASSHKPGQGYEQYF	0	0	1.13406972260655e-05	1.13406972260655e-05	1
CASSHLFQLAVTETNYGHTF	0	0	1.13406972260655e-05	1.13406972260655e-05	1
CASSHMGDFNIQYF	0	0	1.13406972260655e-05	1.13406972260655e-05	1
CASSIATLQPQHF	0	0	1.13406972260655e-05	1.13406972260655e-05	1
CASSIGEKYNEQFF	0	0	1.13406972260655e-05	1.13406972260655e-05	1
CASSIGTGTGNTIYF	0	0	1.13406972260655e-05	1.13406972260655e-05	1
CASSIGTSGNNDQFF	0	0	1.13406972260655e-05	1.13406972260655e-05	1
CASSILAGRGTQYF	0	0	1.13406972260655e-05	1.13406972260655e-05	1
CASSIPSGRALVDSYEQHF	0	0	1.13406972260655e-05	1.13406972260655e-05	1
CASSIPSGSLEADTQYF	0	0	1.13406972260655e-05	1.13406972260655e-05	1
CASSIRTGPGYEQYF	0	0	1.13406972260655e-05	1.13406972260655e-05	1
CASSITGGCYTF	0	0	1.13406972260655e-05	1.13406972260655e-05	1
CASSITSGSYNEQLF	0	0	1.13406972260655e-05	1.13406972260655e-05	1
CASSIVGATSEQYF	0	0	1.13406972260655e-05	1.13406972260655e-05	1
CASSIVGNEQFF	0	0	1.13406972260655e-05	1.13406972260655e-05	1
CASSKARGAYNEQFF	0	0	1.13406972260655e-05	1.13406972260655e-05	1
CASSKEGAGNTEAFF	0	0	1.13406972260655e-05	1.13406972260655e-05	1
CASSKGLAFTDTQYF	0	0	1.13406972260655e-05	1.13406972260655e-05	1
CASSKQGVRHYGYTI	0	0	1.13406972260655e-05	1.13406972260655e-05	1
CASSLAASHEQYF	0	0	1.13406972260655e-05	1.13406972260655e-05	1
CASSLAEGARYEQYF	0	0	1.13406972260655e-05	1.13406972260655e-05	1
CASSLAGELLF	0	0	1.13406972260655e-05	1.13406972260655e-05	1
CASSLAGLGTYEQYF	0	0	1.13406972260655e-05	1.13406972260655e-05	1
CASSLAGNQETQYF	0	0	1.13406972260655e-05	1.13406972260655e-05	1
CASSLAGTGVSTDTQYF	0	0	1.13406972260655e-05	1.13406972260655e-05	1
CASSLAGTNEQFF	0	0	1.13406972260655e-05	1.13406972260655e-05	1
CASSLAGYEKLFF	0	0	1.13406972260655e-05	1.13406972260655e-05	1
CASSLAGYEQYV	0	0	1.13406972260655e-05	1.13406972260655e-05	1
CASSLANRGKNIQYF	0	0	1.13406972260655e-05	1.13406972260655e-05	1
CASSLAPTSGGYEQYF	0	0	1.13406972260655e-05	1.13406972260655e-05	1
CASSLARKETQYF	0	0	1.13406972260655e-05	1.13406972260655e-05	1
CASSLASFLAGELFF	0	0	1.13406972260655e-05	1.13406972260655e-05	1
CASSLASGRNEQFF	0	0	1.13406972260655e-05	1.13406972260655e-05	1
CASSLAVRYEQYF	0	0	1.13406972260655e-05	1.13406972260655e-05	1
CASSLAYGDTQYF	0	0	1.13406972260655e-05	1.13406972260655e-05	1
CASSLDGTDTQYF	0	0	1.13406972260655e-05	1.13406972260655e-05	1
CASSLDLGYAEETQYF	0	0	1.13406972260655e-05	1.13406972260655e-05	1
CASSLDQGAREKLFF	0	0	1.13406972260655e-05	1.13406972260655e-05	1
CASSLDTGLVETQYF	0	0	1.13406972260655e-05	1.13406972260655e-05	1
CASSLDTSRRELFF	0	0	1.13406972260655e-05	1.13406972260655e-05	1
CASSLDVLVSYNEQFF	0	0	1.13406972260655e-05	1.13406972260655e-05	1
CASSLESPPGPSTDTQYF	0	0	1.13406972260655e-05	1.13406972260655e-05	1
CASSLFEDQPQHF	0	0	1.13406972260655e-05	1.13406972260655e-05	1
CASSLFGSSSNQPQHF	0	0	1.13406972260655e-05	1.13406972260655e-05	1
CASSLFVWGSETQYF	0	0	1.13406972260655e-05	1.13406972260655e-05	1
CASSLFYGTGDYEQYF	0	0	1.13406972260655e-05	1.13406972260655e-05	1
CASSLGAPLAKNIQYF	0	0	1.13406972260655e-05	1.13406972260655e-05	1
CASSLGARSGNEQFF	0	0	1.13406972260655e-05	1.13406972260655e-05	1
CASSLGDADEQFF	0	0	1.13406972260655e-05	1.13406972260655e-05	1
CASSLGERHGYTF	0	0	1.13406972260655e-05	1.13406972260655e-05	1
CASSLGGEQPQHF	0	0	1.13406972260655e-05	1.13406972260655e-05	1
CASSLGGRYTQYF	0	0	1.13406972260655e-05	1.13406972260655e-05	1
CASSLGLGTDTQYF	0	0	1.13406972260655e-05	1.13406972260655e-05	1
CASSLGPANYGYTF	0	0	1.13406972260655e-05	1.13406972260655e-05	1
CASSLGQGQDTQYF	0	0	1.13406972260655e-05	1.13406972260655e-05	1
CASSLGQGQETQYF	0	0	1.13406972260655e-05	1.13406972260655e-05	1
CASSLGQLNTEASF	0	0	1.13406972260655e-05	1.13406972260655e-05	1
CASSLGSGTTDEQYF	0	0	1.13406972260655e-05	1.13406972260655e-05	1
CASSLGSSYNSPLHF	0	0	1.13406972260655e-05	1.13406972260655e-05	1
CASSLGTFNTGELFF	0	0	1.13406972260655e-05	1.13406972260655e-05	1
CASSLGTGDHSYEQYF	0	0	1.13406972260655e-05	1.13406972260655e-05	1
CASSLGTSGRGDTQYF	0	0	1.13406972260655e-05	1.13406972260655e-05	1
CASSLGTSQISYNGQFF	0	0	1.13406972260655e-05	1.13406972260655e-05	1
CASSLGVGTQYF	0	0	1.13406972260655e-05	1.13406972260655e-05	1
CASSLGWGDPSTDTQYF	0	0	1.13406972260655e-05	1.13406972260655e-05	1
CASSLHFRGRGSSQPQHF	0	0	1.13406972260655e-05	1.13406972260655e-05	1
CASSLHPRNTEAFF	0	0	1.13406972260655e-05	1.13406972260655e-05	1
CASSLISYNSPLHF	0	0	1.13406972260655e-05	1.13406972260655e-05	1
CASSLKDRGDGYTF	0	0	1.13406972260655e-05	1.13406972260655e-05	1
CASSLLAGGGTQYF	0	0	1.13406972260655e-05	1.13406972260655e-05	1
CASSLLAGGTGELLF	0	0	1.13406972260655e-05	1.13406972260655e-05	1
CASSLLEATYNEQFF	0	0	1.13406972260655e-05	1.13406972260655e-05	1
CASSLLGVRGEQFF	0	0	1.13406972260655e-05	1.13406972260655e-05	1
CASSLLLAGRNEQFF	0	0	1.13406972260655e-05	1.13406972260655e-05	1
CASSLLLTTEAFF	0	0	1.13406972260655e-05	1.13406972260655e-05	1
CASSLLSGRLSYEQYY	0	0	1.13406972260655e-05	1.13406972260655e-05	1
CASSLLSSGADTQYF	0	0	1.13406972260655e-05	1.13406972260655e-05	1
CASSLMAMLGPRGYTF	0	0	1.13406972260655e-05	1.13406972260655e-05	1
CASSLMFQETQYF	0	0	1.13406972260655e-05	1.13406972260655e-05	1
CASSLMIQEAQYF	0	0	1.13406972260655e-05	1.13406972260655e-05	1
CASSLPGQGNTEAFF	0	0	1.13406972260655e-05	1.13406972260655e-05	1
CASSLPLERVSQYF	0	0	1.13406972260655e-05	1.13406972260655e-05	1
CASSLPNYEQYF	0	0	1.13406972260655e-05	1.13406972260655e-05	1
CASSLPSGSTDTQYF	0	0	1.13406972260655e-05	1.13406972260655e-05	1
CASSLPSYEQYF	0	0	1.13406972260655e-05	1.13406972260655e-05	1
CASSLQGAAPYNEQFF	0	0	1.13406972260655e-05	1.13406972260655e-05	1
CASSLQRDYEQYF	0	0	1.13406972260655e-05	1.13406972260655e-05	1
CASSLQVYEQYF	0	0	1.13406972260655e-05	1.13406972260655e-05	1
CASSLRAGAYFNEQFF	0	0	1.13406972260655e-05	1.13406972260655e-05	1
CASSLRALRKEKLFF	0	0	1.13406972260655e-05	1.13406972260655e-05	1
CASSLRAVSGNEQFF	0	0	1.13406972260655e-05	1.13406972260655e-05	1
CASSLRGRGLNEKLFF	0	0	1.13406972260655e-05	1.13406972260655e-05	1
CASSLRGTSFHEQYF	0	0	1.13406972260655e-05	1.13406972260655e-05	1
CASSLRRTNTGELFF	0	0	1.13406972260655e-05	1.13406972260655e-05	1
CASSLRTSGRADTQYF	0	0	1.13406972260655e-05	1.13406972260655e-05	1
CASSLSACYGYTF	0	0	1.13406972260655e-05	1.13406972260655e-05	1
CASSLSAGRGYEQYF	0	0	1.13406972260655e-05	1.13406972260655e-05	1
CASSLSDRREKLFF	0	0	1.13406972260655e-05	1.13406972260655e-05	1
CASSLSGRGTGKLFF	0	0	1.13406972260655e-05	1.13406972260655e-05	1
CASSLSPGNEQFF	0	0	1.13406972260655e-05	1.13406972260655e-05	1
CASSLSRTGGAEQFF	0	0	1.13406972260655e-05	1.13406972260655e-05	1
CASSLSSAAPETQYF	0	0	1.13406972260655e-05	1.13406972260655e-05	1
CASSLSSGRSYEQYF	0	0	1.13406972260655e-05	1.13406972260655e-05	1
CASSLSSGSYEQYF	0	0	1.13406972260655e-05	1.13406972260655e-05	1
CASSLTADRRNEQFF	0	0	1.13406972260655e-05	1.13406972260655e-05	1
CASSLTAGGTDTQYF	0	0	1.13406972260655e-05	1.13406972260655e-05	1
CASSLTATEGNEQFF	0	0	1.13406972260655e-05	1.13406972260655e-05	1
CASSLTDSYEQYF	0	0	1.13406972260655e-05	1.13406972260655e-05	1
CASSLTGAHNEQFF	0	0	1.13406972260655e-05	1.13406972260655e-05	1
CASSLTIGGTDTQYF	0	0	1.13406972260655e-05	1.13406972260655e-05	1
CASSLTSETQYF	0	0	1.13406972260655e-05	1.13406972260655e-05	1
CASSLTSIHYEQYF	0	0	1.13406972260655e-05	1.13406972260655e-05	1
CASSLVARGGPWETQHF	0	0	1.13406972260655e-05	1.13406972260655e-05	1
CASSLVDYHNEQFF	0	0	1.13406972260655e-05	1.13406972260655e-05	1
CASSLVGGSKYEQYF	0	0	1.13406972260655e-05	1.13406972260655e-05	1
CASSLVGSNYGYTL	0	0	1.13406972260655e-05	1.13406972260655e-05	1
CASSLVGVSNQPQHF	0	0	1.13406972260655e-05	1.13406972260655e-05	1
CASSLVPHTGGPYEQYF	0	0	1.13406972260655e-05	1.13406972260655e-05	1
CASSLVPLGQPQHF	0	0	1.13406972260655e-05	1.13406972260655e-05	1
CASSLWAAGETQYF	0	0	1.13406972260655e-05	1.13406972260655e-05	1
CASSLWDREKLCF	0	0	1.13406972260655e-05	1.13406972260655e-05	1
CASSLWDTQYF	0	0	1.13406972260655e-05	1.13406972260655e-05	1
CASSLWTTDTQYF	0	0	1.13406972260655e-05	1.13406972260655e-05	1
CASSLYLREGRGERFF	0	0	1.13406972260655e-05	1.13406972260655e-05	1
CASSLYRSGGGYTF	0	0	1.13406972260655e-05	1.13406972260655e-05	1
CASSLYSSVSGVDEQYF	0	0	1.13406972260655e-05	1.13406972260655e-05	1
CASSMASGSYNEQFF	0	0	1.13406972260655e-05	1.13406972260655e-05	1
CASSMGTGSPYNSPLHF	0	0	1.13406972260655e-05	1.13406972260655e-05	1
CASSMRTGGYEQYF	0	0	1.13406972260655e-05	1.13406972260655e-05	1
CASSMTATNEKLFL	0	0	1.13406972260655e-05	1.13406972260655e-05	1
CASSNDRMWVAKNIQYF	0	0	1.13406972260655e-05	1.13406972260655e-05	1
CASSNRLSSGRNTGELFF	0	0	1.13406972260655e-05	1.13406972260655e-05	1
CASSNTEIRFQPQHF	0	0	1.13406972260655e-05	1.13406972260655e-05	1
CASSPAGSYNEQFF	0	0	1.13406972260655e-05	1.13406972260655e-05	1
CASSPAIRSGTRVIYEQYF	0	0	1.13406972260655e-05	1.13406972260655e-05	1
CASSPERPLGGYTL	0	0	1.13406972260655e-05	1.13406972260655e-05	1
CASSPGGADGANVPTF	0	0	1.13406972260655e-05	1.13406972260655e-05	1
CASSPGGMGGETQYF	0	0	1.13406972260655e-05	1.13406972260655e-05	1
CASSPGIGGNANYDYTF	0	0	1.13406972260655e-05	1.13406972260655e-05	1
CASSPGLAGPYEQYF	0	0	1.13406972260655e-05	1.13406972260655e-05	1
CASSPGLARGEQFF	0	0	1.13406972260655e-05	1.13406972260655e-05	1
CASSPGLVPDTQYF	0	0	1.13406972260655e-05	1.13406972260655e-05	1
CASSPGQGGHRELFF	0	0	1.13406972260655e-05	1.13406972260655e-05	1
CASSPGRGRVLGTEAFF	0	0	1.13406972260655e-05	1.13406972260655e-05	1
CASSPGSGAYNEQFF	0	0	1.13406972260655e-05	1.13406972260655e-05	1
CASSPGTPLLETQYF	0	0	1.13406972260655e-05	1.13406972260655e-05	1
CASSPGTPNSPLHF	0	0	1.13406972260655e-05	1.13406972260655e-05	1
CASSPGTSAYKQYF	0	0	1.13406972260655e-05	1.13406972260655e-05	1
CASSPGYGYTF	0	0	1.13406972260655e-05	1.13406972260655e-05	1
CASSPHFGRMTRLFF	0	0	1.13406972260655e-05	1.13406972260655e-05	1
CASSPKRPPATQYF	0	0	1.13406972260655e-05	1.13406972260655e-05	1
CASSPLAKNTGELFF	0	0	1.13406972260655e-05	1.13406972260655e-05	1
CASSPLGPPGEQFF	0	0	1.13406972260655e-05	1.13406972260655e-05	1
CASSPLNGLTGELIF	0	0	1.13406972260655e-05	1.13406972260655e-05	1
CASSPLRTDTQYF	0	0	1.13406972260655e-05	1.13406972260655e-05	1
CASSPPDRGPFYNEQFF	0	0	1.13406972260655e-05	1.13406972260655e-05	1
CASSPPGGQETQYF	0	0	1.13406972260655e-05	1.13406972260655e-05	1
CASSPPSGRGGGQETQYF	0	0	1.13406972260655e-05	1.13406972260655e-05	1
CASSPPSYGYTF	0	0	1.13406972260655e-05	1.13406972260655e-05	1
CASSPPTLGNTIYF	0	0	1.13406972260655e-05	1.13406972260655e-05	1
CASSPPVTGGRKNTGELFF	0	0	1.13406972260655e-05	1.13406972260655e-05	1
CASSPQIQPGTAQFF	0	0	1.13406972260655e-05	1.13406972260655e-05	1
CASSPQLRGELFF	0	0	1.13406972260655e-05	1.13406972260655e-05	1
CASSPQSSGANVLTF	0	0	1.13406972260655e-05	1.13406972260655e-05	1
CASSPRGIRHYGYTF	0	0	1.13406972260655e-05	1.13406972260655e-05	1
CASSPRGSSYEQYF	0	0	1.13406972260655e-05	1.13406972260655e-05	1
CASSPRLAGEYNEQFL	0	0	1.13406972260655e-05	1.13406972260655e-05	1
CASSPRLAGTEPQYF	0	0	1.13406972260655e-05	1.13406972260655e-05	1
CASSPRQGPWETQYF	0	0	1.13406972260655e-05	1.13406972260655e-05	1
CASSPRRSTDTQYF	0	0	1.13406972260655e-05	1.13406972260655e-05	1
CASSPRVGGNTIYF	0	0	1.13406972260655e-05	1.13406972260655e-05	1
CASSPSGTGGGYTQYF	0	0	1.13406972260655e-05	1.13406972260655e-05	1
CASSPSSGQRFNEQFF	0	0	1.13406972260655e-05	1.13406972260655e-05	1
CASSPTGNGETEYF	0	0	1.13406972260655e-05	1.13406972260655e-05	1
CASSPTLLAHLAKNIQYF	0	0	1.13406972260655e-05	1.13406972260655e-05	1
CASSPTTTDTQYF	0	0	1.13406972260655e-05	1.13406972260655e-05	1
CASSPVERRQEQYF	0	0	1.13406972260655e-05	1.13406972260655e-05	1
CASSPVGGATNYGYSF	0	0	1.13406972260655e-05	1.13406972260655e-05	1
CASSPWTSENTGGLFF	0	0	1.13406972260655e-05	1.13406972260655e-05	1
CASSPYSRSNEQFF	0	0	1.13406972260655e-05	1.13406972260655e-05	1
CASSQAGGRSPLHL	0	0	1.13406972260655e-05	1.13406972260655e-05	1
CASSQAQTGGREKLFF	0	0	1.13406972260655e-05	1.13406972260655e-05	1
CASSQARGRRYEQYF	0	0	1.13406972260655e-05	1.13406972260655e-05	1
CASSQDEQPYNEQFF	0	0	1.13406972260655e-05	1.13406972260655e-05	1
CASSQDLGQNYGYTF	0	0	1.13406972260655e-05	1.13406972260655e-05	1
CASSQDPWGFYTGELFF	0	0	1.13406972260655e-05	1.13406972260655e-05	1
CASSQDSLGGRGSYNEQFF	0	0	1.13406972260655e-05	1.13406972260655e-05	1
CASSQDTSGRAGLAKNIRYF	0	0	1.13406972260655e-05	1.13406972260655e-05	1
CASSQDVTSTDTQYF	0	0	1.13406972260655e-05	1.13406972260655e-05	1
CASSQGASDRGHEQFF	0	0	1.13406972260655e-05	1.13406972260655e-05	1
CASSQGGANGYTF	0	0	1.13406972260655e-05	1.13406972260655e-05	1
CASSQGGYQPRHF	0	0	1.13406972260655e-05	1.13406972260655e-05	1
CASSQGLAGPSGANVLTF	0	0	1.13406972260655e-05	1.13406972260655e-05	1
CASSQGLERVNAGELFF	0	0	1.13406972260655e-05	1.13406972260655e-05	1
CASSQGPGPLGSAQHF	0	0	1.13406972260655e-05	1.13406972260655e-05	1
CASSQGQEVTRGYTF	0	0	1.13406972260655e-05	1.13406972260655e-05	1
CASSQGTSVYNEQFF	0	0	1.13406972260655e-05	1.13406972260655e-05	1
CASSQKKKYPGGAEAFF	0	0	1.13406972260655e-05	1.13406972260655e-05	1
CASSQLHNEQYF	0	0	1.13406972260655e-05	1.13406972260655e-05	1
CASSQRGSGTPYEQYF	0	0	1.13406972260655e-05	1.13406972260655e-05	1
CASSQSQGSYGYTF	0	0	1.13406972260655e-05	1.13406972260655e-05	1
CASSQTWTGGVSETQYF	0	0	1.13406972260655e-05	1.13406972260655e-05	1
CASSQVADLYNGQFF	0	0	1.13406972260655e-05	1.13406972260655e-05	1
CASSQVGGRGTDTQYF	0	0	1.13406972260655e-05	1.13406972260655e-05	1
CASSQVGTGFEKLFF	0	0	1.13406972260655e-05	1.13406972260655e-05	1
CASSQVLGDTEAFL	0	0	1.13406972260655e-05	1.13406972260655e-05	1
CASSQVPGHERYF	0	0	1.13406972260655e-05	1.13406972260655e-05	1
CASSQVRATNEKLFF	0	0	1.13406972260655e-05	1.13406972260655e-05	1
CASSQYRRSLYEQYF	0	0	1.13406972260655e-05	1.13406972260655e-05	1
CASSQYRVPSGNTIYF	0	0	1.13406972260655e-05	1.13406972260655e-05	1
CASSRAFEQYF	0	0	1.13406972260655e-05	1.13406972260655e-05	1
CASSRAGPRGYGYTF	0	0	1.13406972260655e-05	1.13406972260655e-05	1
CASSRDRADIQYF	0	0	1.13406972260655e-05	1.13406972260655e-05	1
CASSRDRAYGQYF	0	0	1.13406972260655e-05	1.13406972260655e-05	1
CASSRDSYEQYF	0	0	1.13406972260655e-05	1.13406972260655e-05	1
CASSRDTGQENYGYTF	0	0	1.13406972260655e-05	1.13406972260655e-05	1
CASSREDVRTLAFYGYTF	0	0	1.13406972260655e-05	1.13406972260655e-05	1
CASSREQGSEAFF	0	0	1.13406972260655e-05	1.13406972260655e-05	1
CASSRGAGGSTDTQYF	0	0	1.13406972260655e-05	1.13406972260655e-05	1
CASSRGGGRTEAFF	0	0	1.13406972260655e-05	1.13406972260655e-05	1
CASSRGPSYYTGELFF	0	0	1.13406972260655e-05	1.13406972260655e-05	1
CASSRNSGRIGSHEQYF	0	0	1.13406972260655e-05	1.13406972260655e-05	1
CASSRPGTPYNEQFF	0	0	1.13406972260655e-05	1.13406972260655e-05	1
CASSRPGTSQPQHF	0	0	1.13406972260655e-05	1.13406972260655e-05	1
CASSRQGAAGNTIYF	0	0	1.13406972260655e-05	1.13406972260655e-05	1
CASSRRIARHTDTQYF	0	0	1.13406972260655e-05	1.13406972260655e-05	1
CASSRRIETQYF	0	0	1.13406972260655e-05	1.13406972260655e-05	1
CASSRRLAGSYEQYF	0	0	1.13406972260655e-05	1.13406972260655e-05	1
CASSRRLARLLTDTQYF	0	0	1.13406972260655e-05	1.13406972260655e-05	1
CASSRSGGTEAFF	0	0	1.13406972260655e-05	1.13406972260655e-05	1
CASSRTELVADTQYF	0	0	1.13406972260655e-05	1.13406972260655e-05	1
CASSRTGGTVNTDTQYF	0	0	1.13406972260655e-05	1.13406972260655e-05	1
CASSRTLTSGSTYEQYF	0	0	1.13406972260655e-05	1.13406972260655e-05	1
CASSRTRTTYEQYF	0	0	1.13406972260655e-05	1.13406972260655e-05	1
CASSRTTFYEQYF	0	0	1.13406972260655e-05	1.13406972260655e-05	1
CASSRVDIRTLAFYGYTF	0	0	1.13406972260655e-05	1.13406972260655e-05	1
CASSRWDFGGELFF	0	0	1.13406972260655e-05	1.13406972260655e-05	1
CASSRYDRGVNNEQFF	0	0	1.13406972260655e-05	1.13406972260655e-05	1
CASSSAAGGWTEAFF	0	0	1.13406972260655e-05	1.13406972260655e-05	1
CASSSAGLSYNEQFF	0	0	1.13406972260655e-05	1.13406972260655e-05	1
CASSSALLGSTEAFF	0	0	1.13406972260655e-05	1.13406972260655e-05	1
CASSSEGLAGVGETQYF	0	0	1.13406972260655e-05	1.13406972260655e-05	1
CASSSERGGDSPLHF	0	0	1.13406972260655e-05	1.13406972260655e-05	1
CASSSERGLAGAGSYNEQFF	0	0	1.13406972260655e-05	1.13406972260655e-05	1
CASSSETRKNIQYF	0	0	1.13406972260655e-05	1.13406972260655e-05	1
CASSSFGSSGNTVYF	0	0	1.13406972260655e-05	1.13406972260655e-05	1
CASSSFRTEFQETQYF	0	0	1.13406972260655e-05	1.13406972260655e-05	1
CASSSGDTYGAGELFF	0	0	1.13406972260655e-05	1.13406972260655e-05	1
CASSSGISPLHF	0	0	1.13406972260655e-05	1.13406972260655e-05	1
CASSSGLAGLSYEQYF	0	0	1.13406972260655e-05	1.13406972260655e-05	1
CASSSGLVGSYNEQFF	0	0	1.13406972260655e-05	1.13406972260655e-05	1
CASSSGQGNSNQPQHF	0	0	1.13406972260655e-05	1.13406972260655e-05	1
CASSSGQGNSNQPRHF	0	0	1.13406972260655e-05	1.13406972260655e-05	1
CASSSHKTGELFF	0	0	1.13406972260655e-05	1.13406972260655e-05	1
CASSSLALSTDTQYF	0	0	1.13406972260655e-05	1.13406972260655e-05	1
CASSSLGQSTDTQYF	0	0	1.13406972260655e-05	1.13406972260655e-05	1
CASSSPRATQYF	0	0	1.13406972260655e-05	1.13406972260655e-05	1
CASSSPRTTQYF	0	0	1.13406972260655e-05	1.13406972260655e-05	1
CASSSQSSGVVLEQYF	0	0	1.13406972260655e-05	1.13406972260655e-05	1
CASSSRGPDEAFF	0	0	1.13406972260655e-05	1.13406972260655e-05	1
CASSSRQNPYEQYF	0	0	1.13406972260655e-05	1.13406972260655e-05	1
CASSSRRVGDTQYF	0	0	1.13406972260655e-05	1.13406972260655e-05	1
CASSSSGLGIQYF	0	0	1.13406972260655e-05	1.13406972260655e-05	1
CASSSSGSVSDTQYF	0	0	1.13406972260655e-05	1.13406972260655e-05	1
CASSSSQRNEQFF	0	0	1.13406972260655e-05	1.13406972260655e-05	1
CASSSTSSGAHNEQFF	0	0	1.13406972260655e-05	1.13406972260655e-05	1
CASSSTTDNQPQHF	0	0	1.13406972260655e-05	1.13406972260655e-05	1
CASSTAGTSLGYEQYF	0	0	1.13406972260655e-05	1.13406972260655e-05	1
CASSTALYNSPLHF	0	0	1.13406972260655e-05	1.13406972260655e-05	1
CASSTDKVNQPQHF	0	0	1.13406972260655e-05	1.13406972260655e-05	1
CASSTGNEQFF	0	0	1.13406972260655e-05	1.13406972260655e-05	1
CASSTGRDGAYNEQFF	0	0	1.13406972260655e-05	1.13406972260655e-05	1
CASSTLSGTQFF	0	0	1.13406972260655e-05	1.13406972260655e-05	1
CASSTQTGNTIYF	0	0	1.13406972260655e-05	1.13406972260655e-05	1
CASSTRDRGNFGYTF	0	0	1.13406972260655e-05	1.13406972260655e-05	1
CASSTRGQDEHRGAVF	0	0	1.13406972260655e-05	1.13406972260655e-05	1
CASSTRVPDTQYF	0	0	1.13406972260655e-05	1.13406972260655e-05	1
CASSTTGGGQPQHF	0	0	1.13406972260655e-05	1.13406972260655e-05	1
CASSTYSNQPQHF	0	0	1.13406972260655e-05	1.13406972260655e-05	1
CASSVDDGGSYNEQFF	0	0	1.13406972260655e-05	1.13406972260655e-05	1
CASSVDGREDNEQFF	0	0	1.13406972260655e-05	1.13406972260655e-05	1
CASSVDGVSYNEQFF	0	0	1.13406972260655e-05	1.13406972260655e-05	1
CASSVDSAQGETQYF	0	0	1.13406972260655e-05	1.13406972260655e-05	1
CASSVEGTTQYF	0	0	1.13406972260655e-05	1.13406972260655e-05	1
CASSVERGQDEQYF	0	0	1.13406972260655e-05	1.13406972260655e-05	1
CASSVEVGLYNEQFF	0	0	1.13406972260655e-05	1.13406972260655e-05	1
CASSVFYGGPYNEQFF	0	0	1.13406972260655e-05	1.13406972260655e-05	1
CASSVGDRALPFSGNTIYF	0	0	1.13406972260655e-05	1.13406972260655e-05	1
CASSVGGGRLGNTIYF	0	0	1.13406972260655e-05	1.13406972260655e-05	1
CASSVGGRADTDTQYF	0	0	1.13406972260655e-05	1.13406972260655e-05	1
CASSVGGRGTGELFF	0	0	1.13406972260655e-05	1.13406972260655e-05	1
CASSVGGSAGELFF	0	0	1.13406972260655e-05	1.13406972260655e-05	1
CASSVGPSTDTQYF	0	0	1.13406972260655e-05	1.13406972260655e-05	1
CASSVGQGNRPQHF	0	0	1.13406972260655e-05	1.13406972260655e-05	1
CASSVGRETQYF	0	0	1.13406972260655e-05	1.13406972260655e-05	1
CASSVGRSTDTQYF	0	0	1.13406972260655e-05	1.13406972260655e-05	1
CASSVGSNQPQHF	0	0	1.13406972260655e-05	1.13406972260655e-05	1
CASSVGSSVNEKLFF	0	0	1.13406972260655e-05	1.13406972260655e-05	1
CASSVGTATDTQYF	0	0	1.13406972260655e-05	1.13406972260655e-05	1
CASSVGTGLQETQYF	0	0	1.13406972260655e-05	1.13406972260655e-05	1
CASSVGTNGRADTQYF	0	0	1.13406972260655e-05	1.13406972260655e-05	1
CASSVGTTRTDTQYF	0	0	1.13406972260655e-05	1.13406972260655e-05	1
CASSVLAGGGNEQFF	0	0	1.13406972260655e-05	1.13406972260655e-05	1
CASSVLAWPYEQYF	0	0	1.13406972260655e-05	1.13406972260655e-05	1
CASSVLPGANVLTF	0	0	1.13406972260655e-05	1.13406972260655e-05	1
CASSVQQGAGDTQYF	0	0	1.13406972260655e-05	1.13406972260655e-05	1
CASSVRLAGVDTQYF	0	0	1.13406972260655e-05	1.13406972260655e-05	1
CASSVSAATSYNEQFF	0	0	1.13406972260655e-05	1.13406972260655e-05	1
CASSVSGRADTDTQYF	0	0	1.13406972260655e-05	1.13406972260655e-05	1
CASSVSGTSIRGTEYF	0	0	1.13406972260655e-05	1.13406972260655e-05	1
CASSVSSYEQYF	0	0	1.13406972260655e-05	1.13406972260655e-05	1
CASSVSTGELFF	0	0	1.13406972260655e-05	1.13406972260655e-05	1
CASSVTLGNTIYF	0	0	1.13406972260655e-05	1.13406972260655e-05	1
CASSVTSQATDTQYF	0	0	1.13406972260655e-05	1.13406972260655e-05	1
CASSWGLARGTGELFF	0	0	1.13406972260655e-05	1.13406972260655e-05	1
CASSWRTSGSDTQYF	0	0	1.13406972260655e-05	1.13406972260655e-05	1
CASSYARAPGYGHTF	0	0	1.13406972260655e-05	1.13406972260655e-05	1
CASSYDRYQETQYF	0	0	1.13406972260655e-05	1.13406972260655e-05	1
CASSYGARGFSYEQYF	0	0	1.13406972260655e-05	1.13406972260655e-05	1
CASSYGGREADTQYF	0	0	1.13406972260655e-05	1.13406972260655e-05	1
CASSYGLATDTQYF	0	0	1.13406972260655e-05	1.13406972260655e-05	1
CASSYGPGETQYF	0	0	1.13406972260655e-05	1.13406972260655e-05	1
CASSYGREGPHTQYF	0	0	1.13406972260655e-05	1.13406972260655e-05	1
CASSYGTSGLEQYF	0	0	1.13406972260655e-05	1.13406972260655e-05	1
CASSYIPRGGNSPPHF	0	0	1.13406972260655e-05	1.13406972260655e-05	1
CASSYLGLAGGPSSYNEQYF	0	0	1.13406972260655e-05	1.13406972260655e-05	1
CASSYLGQTNQPQHF	0	0	1.13406972260655e-05	1.13406972260655e-05	1
CASSYLPGQGGLASSYNEQFF	0	0	1.13406972260655e-05	1.13406972260655e-05	1
CASSYPRWASSSYEQYF	0	0	1.13406972260655e-05	1.13406972260655e-05	1
CASSYPTGSGNTIYF	0	0	1.13406972260655e-05	1.13406972260655e-05	1
CASSYQTRNEQYF	0	0	1.13406972260655e-05	1.13406972260655e-05	1
CASSYRPGLVKYNEQFF	0	0	1.13406972260655e-05	1.13406972260655e-05	1
CASSYRTWDEQFF	0	0	1.13406972260655e-05	1.13406972260655e-05	1
CASSYSGRVAPYEQYF	0	0	1.13406972260655e-05	1.13406972260655e-05	1
CASSYSGTQETQYF	0	0	1.13406972260655e-05	1.13406972260655e-05	1
CASSYSGTSVRLVDNEQFF	0	0	1.13406972260655e-05	1.13406972260655e-05	1
CASSYSSFPSGRREAQYF	0	0	1.13406972260655e-05	1.13406972260655e-05	1
CASSYSSGAEPQHF	0	0	1.13406972260655e-05	1.13406972260655e-05	1
CASSYSVNIPSTDTQYF	0	0	1.13406972260655e-05	1.13406972260655e-05	1
CASSYVDYKTDTQYF	0	0	1.13406972260655e-05	1.13406972260655e-05	1
CASTGPNTGRETQYF	0	0	1.13406972260655e-05	1.13406972260655e-05	1
CASTGRTSGSGNEQFF	0	0	1.13406972260655e-05	1.13406972260655e-05	1
CASTGRVGYGYTF	0	0	1.13406972260655e-05	1.13406972260655e-05	1
CASTKLGGLLNEQFF	0	0	1.13406972260655e-05	1.13406972260655e-05	1
CASTKVDSYNEQFF	0	0	1.13406972260655e-05	1.13406972260655e-05	1
CASTLGGFPFYEQYF	0	0	1.13406972260655e-05	1.13406972260655e-05	1
CASTLSGKPPF	0	0	1.13406972260655e-05	1.13406972260655e-05	1
CASTNGRTSGAYGQYF	0	0	1.13406972260655e-05	1.13406972260655e-05	1
CASTRDIHYEQYF	0	0	1.13406972260655e-05	1.13406972260655e-05	1
CASTRGGDIWYQPQHF	0	0	1.13406972260655e-05	1.13406972260655e-05	1
CASTSFNSPLHF	0	0	1.13406972260655e-05	1.13406972260655e-05	1
CASTSGTGRSFGTEDFF	0	0	1.13406972260655e-05	1.13406972260655e-05	1
CASTSRGFNTEAFF	0	0	1.13406972260655e-05	1.13406972260655e-05	1
CASTVQSPYEQYF	0	0	1.13406972260655e-05	1.13406972260655e-05	1
CASVTGANVLTF	0	0	1.13406972260655e-05	1.13406972260655e-05	1
CATGNTANTGELFF	0	0	1.13406972260655e-05	1.13406972260655e-05	1
CATGSREVYGYTF	0	0	1.13406972260655e-05	1.13406972260655e-05	1
CATNQSTDTQYF	0	0	1.13406972260655e-05	1.13406972260655e-05	1
CATRARERYGYTF	0	0	1.13406972260655e-05	1.13406972260655e-05	1
CATRGQLAKNIQYF	0	0	1.13406972260655e-05	1.13406972260655e-05	1
CATRPLAGANTDTQYF	0	0	1.13406972260655e-05	1.13406972260655e-05	1
CATRQRRGGGQETQYF	0	0	1.13406972260655e-05	1.13406972260655e-05	1
CATRTIGTNVLTF	0	0	1.13406972260655e-05	1.13406972260655e-05	1
CATSAWEQETQYF	0	0	1.13406972260655e-05	1.13406972260655e-05	1
CATSDGQNVANALTF	0	0	1.13406972260655e-05	1.13406972260655e-05	1
CATSDLGTSGSSYNEQFF	0	0	1.13406972260655e-05	1.13406972260655e-05	1
CATSDPGRPLETQYF	0	0	1.13406972260655e-05	1.13406972260655e-05	1
CATSDPGRTQYF	0	0	1.13406972260655e-05	1.13406972260655e-05	1
CATSDQGGGYTF	0	0	1.13406972260655e-05	1.13406972260655e-05	1
CATSDSTRYNSEQFF	0	0	1.13406972260655e-05	1.13406972260655e-05	1
CATSPGQGFTDTQYF	0	0	1.13406972260655e-05	1.13406972260655e-05	1
CATSRDLNSREAFF	0	0	1.13406972260655e-05	1.13406972260655e-05	1
CATSRERRTTGNEQLF	0	0	1.13406972260655e-05	1.13406972260655e-05	1
CATSRRRKKTNEQLF	0	0	1.13406972260655e-05	1.13406972260655e-05	1
CATSTGPYNEQFF	0	0	1.13406972260655e-05	1.13406972260655e-05	1
CATTGTGVGYTF	0	0	1.13406972260655e-05	1.13406972260655e-05	1
CAWGGGGSFEQYF	0	0	1.13406972260655e-05	1.13406972260655e-05	1
CAWKTAATDTQYF	0	0	1.13406972260655e-05	1.13406972260655e-05	1
CAWRLGTSGRAEQFF	0	0	1.13406972260655e-05	1.13406972260655e-05	1
CAWSAGTDNQPQHF	0	0	1.13406972260655e-05	1.13406972260655e-05	1
CAWSGGSDVQYF	0	0	1.13406972260655e-05	1.13406972260655e-05	1
CAWSGSGNTIYF	0	0	1.13406972260655e-05	1.13406972260655e-05	1
CAWSVLGGYNEQFF	0	0	1.13406972260655e-05	1.13406972260655e-05	1
CAWSVLTGVHEQYF	0	0	1.13406972260655e-05	1.13406972260655e-05	1
CAWSVPGAGTDTQYF	0	0	1.13406972260655e-05	1.13406972260655e-05	1
CAWTPQNRGNTEAFF	0	0	1.13406972260655e-05	1.13406972260655e-05	1
CDSTLSIGGYEQYF	0	0	1.13406972260655e-05	1.13406972260655e-05	1
CGSSYGLAGEGFHEQYF	0	0	1.13406972260655e-05	1.13406972260655e-05	1
CLGTGNPDTQYF	0	0	1.13406972260655e-05	1.13406972260655e-05	1
CLSSESRGTPLHF	0	0	1.13406972260655e-05	1.13406972260655e-05	1
CNARELPGQSFEAFF	0	0	1.13406972260655e-05	1.13406972260655e-05	1
CNVRSAGGPYEQYF	0	0	1.13406972260655e-05	1.13406972260655e-05	1
CPSSRGGLQETQYF	0	0	1.13406972260655e-05	1.13406972260655e-05	1
CSAAFFGEQYF	0	0	1.13406972260655e-05	1.13406972260655e-05	1
CSAAPPDTQYF	0	0	1.13406972260655e-05	1.13406972260655e-05	1
CSAASGGKSHFF	0	0	1.13406972260655e-05	1.13406972260655e-05	1
CSADLAGGSTDTQYF	0	0	1.13406972260655e-05	1.13406972260655e-05	1
CSAGDLTGTGVGGELFF	0	0	1.13406972260655e-05	1.13406972260655e-05	1
CSAGGGGADTQYF	0	0	1.13406972260655e-05	1.13406972260655e-05	1
CSAGGLAGRKYEQFF	0	0	1.13406972260655e-05	1.13406972260655e-05	1
CSAIGGTHQETQYF	0	0	1.13406972260655e-05	1.13406972260655e-05	1
CSAIGQGALRDIQYF	0	0	1.13406972260655e-05	1.13406972260655e-05	1
CSAILAGVTDTQYF	0	0	1.13406972260655e-05	1.13406972260655e-05	1
CSAIQHGRGNEQFF	0	0	1.13406972260655e-05	1.13406972260655e-05	1
CSAKADISSRLHF	0	0	1.13406972260655e-05	1.13406972260655e-05	1
CSAKFGTSGSGTQYF	0	0	1.13406972260655e-05	1.13406972260655e-05	1
CSAKRTAQGDTQYF	0	0	1.13406972260655e-05	1.13406972260655e-05	1
CSANQQKAKNIQYF	0	0	1.13406972260655e-05	1.13406972260655e-05	1
CSAPAPGQGYEQYF	0	0	1.13406972260655e-05	1.13406972260655e-05	1
CSAPGASGVGEQFF	0	0	1.13406972260655e-05	1.13406972260655e-05	1
CSAPGTSGRANEQFF	0	0	1.13406972260655e-05	1.13406972260655e-05	1
CSAPPLTSDAGEQYF	0	0	1.13406972260655e-05	1.13406972260655e-05	1
CSAQGLAGSSYEQYF	0	0	1.13406972260655e-05	1.13406972260655e-05	1
CSARALDRGEVGYTF	0	0	1.13406972260655e-05	1.13406972260655e-05	1
CSARASADTQYF	0	0	1.13406972260655e-05	1.13406972260655e-05	1
CSARDDFVVGNIQYF	0	0	1.13406972260655e-05	1.13406972260655e-05	1
CSARDDINYGYTF	0	0	1.13406972260655e-05	1.13406972260655e-05	1
CSARDLAGGDTQYF	0	0	1.13406972260655e-05	1.13406972260655e-05	1
CSARDLGTKQFF	0	0	1.13406972260655e-05	1.13406972260655e-05	1
CSARDPRRGHYNEQFF	0	0	1.13406972260655e-05	1.13406972260655e-05	1
CSAREASWYNEQFF	0	0	1.13406972260655e-05	1.13406972260655e-05	1
CSARELPGQPFEAFF	0	0	1.13406972260655e-05	1.13406972260655e-05	1
CSAREPTSGRAQYF	0	0	1.13406972260655e-05	1.13406972260655e-05	1
CSARGGLYEQYF	0	0	1.13406972260655e-05	1.13406972260655e-05	1
CSARGGNTGELFF	0	0	1.13406972260655e-05	1.13406972260655e-05	1
CSARGQGEAQYF	0	0	1.13406972260655e-05	1.13406972260655e-05	1
CSARGSEETQYF	0	0	1.13406972260655e-05	1.13406972260655e-05	1
CSARGSSYNEQFF	0	0	1.13406972260655e-05	1.13406972260655e-05	1
CSARGVRGRSHEVFF	0	0	1.13406972260655e-05	1.13406972260655e-05	1
CSARPQQGLTYEQYF	0	0	1.13406972260655e-05	1.13406972260655e-05	1
CSARPTSVPGLYEQYF	0	0	1.13406972260655e-05	1.13406972260655e-05	1
CSARQGRDTEAFF	0	0	1.13406972260655e-05	1.13406972260655e-05	1
CSARRGGGSDTQYF	0	0	1.13406972260655e-05	1.13406972260655e-05	1
CSARRLAGADTQYF	0	0	1.13406972260655e-05	1.13406972260655e-05	1
CSARRLSTDTQYF	0	0	1.13406972260655e-05	1.13406972260655e-05	1
CSARSLAGGPGDEHYF	0	0	1.13406972260655e-05	1.13406972260655e-05	1
CSARTSGSYNELFF	0	0	1.13406972260655e-05	1.13406972260655e-05	1
CSARTSSSYNEQFF	0	0	1.13406972260655e-05	1.13406972260655e-05	1
CSARVAGTSTDTQYF	0	0	1.13406972260655e-05	1.13406972260655e-05	1
CSARVGLAGGKQFF	0	0	1.13406972260655e-05	1.13406972260655e-05	1
CSARVGSTDTQYF	0	0	1.13406972260655e-05	1.13406972260655e-05	1
CSARVWGNQPQHF	0	0	1.13406972260655e-05	1.13406972260655e-05	1
CSASGGRGETQYF	0	0	1.13406972260655e-05	1.13406972260655e-05	1
CSASGLQGQKLIQETQYF	0	0	1.13406972260655e-05	1.13406972260655e-05	1
CSASGQRSSGNTIYF	0	0	1.13406972260655e-05	1.13406972260655e-05	1
CSASGTSRNNEQFF	0	0	1.13406972260655e-05	1.13406972260655e-05	1
CSASGTSRNNEQYF	0	0	1.13406972260655e-05	1.13406972260655e-05	1
CSASLDFYEQYF	0	0	1.13406972260655e-05	1.13406972260655e-05	1
CSASLTNVEKLFF	0	0	1.13406972260655e-05	1.13406972260655e-05	1
CSASRSAQEIQYF	0	0	1.13406972260655e-05	1.13406972260655e-05	1
CSASSGTEELFS	0	0	1.13406972260655e-05	1.13406972260655e-05	1
CSASSLAGGSSTDTQYF	0	0	1.13406972260655e-05	1.13406972260655e-05	1
CSASWGGRGDTQYF	0	0	1.13406972260655e-05	1.13406972260655e-05	1
CSATGGGRAGNIQYF	0	0	1.13406972260655e-05	1.13406972260655e-05	1
CSATNTALAGDSSYNEQFF	0	0	1.13406972260655e-05	1.13406972260655e-05	1
CSEEEYF	0	0	1.13406972260655e-05	1.13406972260655e-05	1
CSPDSSGSYEQYF	0	0	1.13406972260655e-05	1.13406972260655e-05	1
CSPEPLGLAFNEQFF	0	0	1.13406972260655e-05	1.13406972260655e-05	1
CSPRRADTFTDTQYF	0	0	1.13406972260655e-05	1.13406972260655e-05	1
CSSKGTSGITGELFF	0	0	1.13406972260655e-05	1.13406972260655e-05	1
CSSSPKQQPQHF	0	0	1.13406972260655e-05	1.13406972260655e-05	1
CSTRQIQETQYF	0	0	1.13406972260655e-05	1.13406972260655e-05	1
CSVEDGGLEIQYF	0	0	1.13406972260655e-05	1.13406972260655e-05	1
CSVEGVGGDTF	0	0	1.13406972260655e-05	1.13406972260655e-05	1
CSVEVGDRGPLNEQFF	0	0	1.13406972260655e-05	1.13406972260655e-05	1
CSVGRRGDGQYF	0	0	1.13406972260655e-05	1.13406972260655e-05	1
CSVPITDTQYF	0	0	1.13406972260655e-05	1.13406972260655e-05	1
CSVQDRAISYGYTF	0	0	1.13406972260655e-05	1.13406972260655e-05	1
CSVRGRDKTLNTEAFF	0	0	1.13406972260655e-05	1.13406972260655e-05	1
CSVTGGGTEAFI	0	0	1.13406972260655e-05	1.13406972260655e-05	1
CSVTGVGETQYF	0	0	1.13406972260655e-05	1.13406972260655e-05	1
CSVVLDRHNEKLFF	0	0	1.13406972260655e-05	1.13406972260655e-05	1
CSVYDGWDQRVQSYEQYF	0	0	1.13406972260655e-05	1.13406972260655e-05	1
CTIRRTGSSYEQYF	0	0	1.13406972260655e-05	1.13406972260655e-05	1
CTISDFGGRNYGYTF	0	0	1.13406972260655e-05	1.13406972260655e-05	1
CTSMTSDKLYEQYF	0	0	1.13406972260655e-05	1.13406972260655e-05	1
CTSRRRFSGNTIYF	0	0	1.13406972260655e-05	1.13406972260655e-05	1
CTSSFTGTGAYEQYF	0	0	1.13406972260655e-05	1.13406972260655e-05	1
CTSSGLPGQGFGYTF	0	0	1.13406972260655e-05	1.13406972260655e-05	1
CTSSIQEGAGETQYF	0	0	1.13406972260655e-05	1.13406972260655e-05	1
CTSSKRAQVVRNYNEQFF	0	0	1.13406972260655e-05	1.13406972260655e-05	1
CTSSLSSYNEQFF	0	0	1.13406972260655e-05	1.13406972260655e-05	1
CTSSRDRVSYEQYF	0	0	1.13406972260655e-05	1.13406972260655e-05	1
CTSSYGTSGFEQYF	0	0	1.13406972260655e-05	1.13406972260655e-05	1
CTSSYNSGGYTF	0	0	1.13406972260655e-05	1.13406972260655e-05	1
CVIRGLGYEQYF	0	0	1.13406972260655e-05	1.13406972260655e-05	1
CVIRRRQGEGYTF	0	0	1.13406972260655e-05	1.13406972260655e-05	1
CVISHRQGDYGYTF	0	0	1.13406972260655e-05	1.13406972260655e-05	1
CVSGKAGSSYEQYF	0	0	1.13406972260655e-05	1.13406972260655e-05	1
CVSSGSGDEQFF	0	0	1.13406972260655e-05	1.13406972260655e-05	1
CVSSLIGRMNTEAFF	0	0	1.13406972260655e-05	1.13406972260655e-05	1
CVSSPRTSGIAGELFF	0	0	1.13406972260655e-05	1.13406972260655e-05	1
CVSSQEVWREGRGANVLTF	0	0	1.13406972260655e-05	1.13406972260655e-05	1
CVSSQGTGYTNTEAFF	0	0	1.13406972260655e-05	1.13406972260655e-05	1
CVSSREDIRTLAFYGYTF	0	0	1.13406972260655e-05	1.13406972260655e-05	1
CVSSSFLAGGPNGELFF	0	0	1.13406972260655e-05	1.13406972260655e-05	1
CVSSSGQGFSGELFF	0	0	1.13406972260655e-05	1.13406972260655e-05	1
CVTSQVFASTGGVFGHEQYF	0	0	1.13406972260655e-05	1.13406972260655e-05	1
GAISEQTWTGTSTQYF	0	0	1.13406972260655e-05	1.13406972260655e-05	1
RASKSQGNNEQFF	0	0	1.13406972260655e-05	1.13406972260655e-05	1
RASRGTDYGYTF	0	0	1.13406972260655e-05	1.13406972260655e-05	1
RASSITRLPVTDTQYF	0	0	1.13406972260655e-05	1.13406972260655e-05	1
RASSPRRIGYNEQFF	0	0	1.13406972260655e-05	1.13406972260655e-05	1
RSAAGNNYGYTF	0	0	1.13406972260655e-05	1.13406972260655e-05	1
RSASTQTNGYTF	0	0	1.13406972260655e-05	1.13406972260655e-05	1
SAISGRGANVLTF	0	0	1.13406972260655e-05	1.13406972260655e-05	1
SASSFYRGQDTEAFF	0	0	1.13406972260655e-05	1.13406972260655e-05	1
YASKTGLSNQPQHF	0	0	1.13406972260655e-05	1.13406972260655e-05	1
YASSERGTLSKPQHF	0	0	1.13406972260655e-05	1.13406972260655e-05	1
YASSPRTVNTEAFF	0	0	1.13406972260655e-05	1.13406972260655e-05	1
YASSPSSPGRSSADTQYF	0	0	1.13406972260655e-05	1.13406972260655e-05	1
YASSQGEQETQYF	0	0	1.13406972260655e-05	1.13406972260655e-05	1
