cdr3	author_count	author_fraction	our_count	our_fraction
CAAPVGEKLFF	5.0	5.729542667904248e-05	5.0	5.670348613032729e-05
CAAQQGGTEAFF	28.0	0.0003208543894026379	28.0	0.00031753952232983285
CAARETGGLQTQYF	5.0	5.729542667904248e-05	5.0	5.670348613032729e-05
CAARSSGRAHGEQFF	8.0	9.167268268646796e-05	8.0	9.072557780852368e-05
CAASQREGWEQYF	10.0	0.00011459085335808496	10.0	0.0001134069722606546
CACSFGLAGHTDTQYF	1.0	1.1459085335808496e-05	1.0	1.1340697226065458e-05
CACSRLWTSGRNEQLF	1.0	1.1459085335808496e-05	1.0	1.1340697226065458e-05
CACSSGGGNEQFF	13.0	0.00014896810936551044	13.0	0.00014742906393885096
CAGDTYNEQFF	6.0	6.875451201485098e-05	6.0	6.804418335639275e-05
CAGGGPSSYNSPLHF	7.0	8.021359735065947e-05	7.0	7.938488058245821e-05
CAGKTSANTGELFF	2.0	2.2918170671616996e-05	2.0	2.268139445213092e-05
CAGRDSSLDSYEQYF	2.0	2.2918170671616996e-05	2.0	2.268139445213092e-05
CAGRGGDKNQPQHF	1.0	1.1459085335808496e-05	1.0	1.1340697226065458e-05
CAGRIAGFTGELFF	1.0	1.1459085335808496e-05	1.0	1.1340697226065458e-05
CAGRQGGTRGELFF	1.0	1.1459085335808496e-05	1.0	1.1340697226065458e-05
CAGRVRGQGTGELFF	1.0	1.1459085335808496e-05	1.0	1.1340697226065458e-05
CAGRYSGYSTNEKLFF	1.0	1.1459085335808496e-05	1.0	1.1340697226065458e-05
CAGSDGGDANYGYTF	1.0	1.1459085335808496e-05	1.0	1.1340697226065458e-05
CAGSDINIEQFF	1.0	1.1459085335808496e-05	1.0	1.1340697226065458e-05
CAGSFPGELFF	1.0	1.1459085335808496e-05	1.0	1.1340697226065458e-05
CAGSLGQANTEAFF	1.0	1.1459085335808496e-05	1.0	1.1340697226065458e-05
CAGSLGQGAGEQYF	1.0	1.1459085335808496e-05	1.0	1.1340697226065458e-05
CAGSPIAGGLTGELFF	1.0	1.1459085335808496e-05	1.0	1.1340697226065458e-05
CAGSPMAGSYNEQFF	1.0	1.1459085335808496e-05	1.0	1.1340697226065458e-05
CAGSPVRGGYTF	1.0	1.1459085335808496e-05	1.0	1.1340697226065458e-05
CAGSQVDTDTQYF	1.0	1.1459085335808496e-05	1.0	1.1340697226065458e-05
CAGSSTTGLGELFF	1.0	1.1459085335808496e-05	1.0	1.1340697226065458e-05
CAGSYRRLYEQYF	1.0	1.1459085335808496e-05	1.0	1.1340697226065458e-05
CAGSYVGVGYTF	1.0	1.1459085335808496e-05	1.0	1.1340697226065458e-05
CAHLRTYGYTF	3.0	3.437725600742549e-05	3.0	3.402209167819637e-05
CAIAGTSTDTQYF	6.0	6.875451201485098e-05	6.0	6.804418335639275e-05
CAIFLRNTGELFF	9.0	0.00010313176802227646	9.0	0.00010206627503458912
CAIGDGRTVNSPLHF	1.0	1.1459085335808496e-05	1.0	1.1340697226065458e-05
CAIGGGLGELFF	14.0	0.00016042719470131894	14.0	0.00015876976116491643
CAIGGVNTEAFF	30.0	0.0003437725600742549	30.0	0.00034022091678196373
CAIGWDSEQYF	4.0	4.583634134323399e-05	4.0	4.536278890426183e-05
CAIHQFGEQFF	1.0	1.1459085335808496e-05	1.0	1.1340697226065458e-05
CAIKQGADNSPLHF	14.0	0.00016042719470131894	14.0	0.00015876976116491645
CAIKVARGSGNGELFF	16.0	0.00018334536537293597	16.0	0.00018145115561704733
CAIMGQGPYEQYF	5.0	5.729542667904248e-05	5.0	5.670348613032729e-05
CAIMGQGPYVQYF	1.0	1.1459085335808496e-05	1.0	1.1340697226065458e-05
CAIMVQETQYF	20.0	0.00022918170671616995	20.0	0.0002268139445213092
CAINQGWGSQNTEAFF	3.0	3.437725600742549e-05	3.0	3.402209167819637e-05
CAINTKTRDNTEAFF	1.0	1.1459085335808496e-05	1.0	1.1340697226065458e-05
CAIQGTVTDTQYF	17.0	0.00019480445070874447	17.0	0.0001927918528431128
CAIRAGGTYNEQFF	4.0	4.583634134323399e-05	5.0	5.670348613032729e-05
CAIRAGREVTYEQYF	11.0	0.00012604993869389346	11.0	0.00012474766948672005
CAIRDNLAVYEQYF	3.0	3.437725600742549e-05	3.0	3.402209167819637e-05
CAIRDRETNTGELFF	18.0	0.0002062635360445529	18.0	0.0002041325500691783
CAIRDRKNTEAFF	7.0	8.021359735065947e-05	7.0	7.938488058245821e-05
CAIRDSGNEQYF	6.0	6.875451201485098e-05	6.0	6.804418335639275e-05
CAIRERETDTQYF	4.0	4.583634134323399e-05	4.0	4.536278890426183e-05
CAIRGALNTEAFF	5.0	5.729542667904248e-05	5.0	5.670348613032729e-05
CAIRGDSANYGYTF	17.0	0.0001948044507087444	17.0	0.0001927918528431128
CAIRGQDSVNEQFF	7.0	8.021359735065947e-05	7.0	7.938488058245821e-05
CAIRGQSRYEQYF	4.0	4.583634134323399e-05	4.0	4.536278890426183e-05
CAIRLAGGVGYTF	2.0	2.2918170671616996e-05	2.0	2.268139445213092e-05
CAIRLGAQETQYF	26.0	0.0002979362187310209	26.0	0.0002948581278777019
CAIRNTGELFF	38.0	0.0004354452427607229	38.0	0.0004309464945904874
CAIRPGLAGLETQYF	11.0	0.00012604993869389346	11.0	0.00012474766948672005
CAIRPGSGTEAFF	5.0	5.729542667904248e-05	5.0	5.670348613032729e-05
CAIRPGSGTEAFI	1.0	1.1459085335808496e-05	1.0	1.1340697226065458e-05
CAIRQGGNQPQHF	5.0	5.729542667904248e-05	5.0	5.670348613032729e-05
CAIRRQGDNQPQHF	18.0	0.0002062635360445529	18.0	0.0002041325500691783
CAIRRQGSYEQYF	11.0	0.00012604993869389346	11.0	0.00012474766948672005
CAIRRQSSYEQYF	1.0	1.1459085335808496e-05	1.0	1.1340697226065458e-05
CAIRRRQGEGYTF	6.0	6.875451201485098e-05	6.0	6.804418335639275e-05
CAIRRTGSSYEQYF	9.0	0.00010313176802227646	9.0	0.00010206627503458912
CAIRSNGYEQYF	1.0	1.1459085335808496e-05	1.0	1.1340697226065458e-05
CAIRSQEEQYF	10.0	0.00011459085335808496	9.0	0.00010206627503458912
CAIRSSGYEQYF	13.0	0.00014896810936551044	13.0	0.00014742906393885096
CAIRTSGRSSTDTQYF	9.0	0.00010313176802227646	9.0	0.00010206627503458912
CAISADGYEQYF	1.0	1.1459085335808496e-05	1.0	1.1340697226065458e-05
CAISAGGRARELFF	10.0	0.00011459085335808496	10.0	0.0001134069722606546
CAISAGTDTQYF	1.0	1.1459085335808496e-05	1.0	1.1340697226065458e-05
CAISAGTSGKKVGELFF	24.0	0.0002750180480594039	24.0	0.000272176733425571
CAISALEREGYTF	9.0	0.00010313176802227646	9.0	0.00010206627503458912
CAISALGYTEAFF	12.0	0.00013750902402970196	12.0	0.0001360883667127855
CAISALGYTEAFS	1.0	1.1459085335808496e-05	1.0	1.1340697226065458e-05
CAISAPGQGEYGYTF	6.0	6.875451201485098e-05	6.0	6.804418335639275e-05
CAISARGNTEAFF	26.0	0.0002979362187310209	26.0	0.0002948581278777019
CAISARLAGGPYNEQFF	25.0	0.0002864771333952124	25.0	0.0002835174306516365
CAISARSGSANTGELFF	15.0	0.00017188628003712744	15.0	0.0001701104583909819
CAISASGQRTGNTIYF	1.0	1.1459085335808496e-05	1.0	1.1340697226065458e-05
CAISASTYGYTF	13.0	0.00014896810936551044	13.0	0.00014742906393885096
CAISATASTGELFF	17.0	0.0001948044507087444	17.0	0.0001927918528431128
CAISATDSEAYEQYF	23.0	0.0002635589627235954	22.0	0.0002494953389734401
CAISATSAKEQFF	1.0	1.1459085335808496e-05	1.0	1.1340697226065458e-05
CAISATSANEQFF	1.0	1.1459085335808496e-05	1.0	1.1340697226065458e-05
CAISATSGRATGELFF	39.0	0.0004469043280965313	39.0	0.0004422871918165529
CAISATSGSGELFF	32.0	0.0003666907307458719	32.0	0.00036290231123409467
CAISCKESGGEQFF	1.0	1.1459085335808496e-05	1.0	1.1340697226065458e-05
CAISDDMNTEAFF	10.0	0.00011459085335808496	10.0	0.0001134069722606546
CAISDFGGRNYGYTF	13.0	0.00014896810936551044	13.0	0.00014742906393885096
CAISDGHQPQHF	14.0	0.00016042719470131894	14.0	0.00015876976116491645
CAISDGRGSGGSPLHF	18.0	0.0002062635360445529	18.0	0.00020413255006917827
CAISDGRTVNPPLHF	1.0	1.1459085335808496e-05	1.0	1.1340697226065458e-05
CAISDGRTVNSPLHF	1.0	1.1459085335808496e-05	1.0	1.1340697226065458e-05
CAISDLAGSTDTQYF	2.0	2.2918170671616996e-05	2.0	2.268139445213092e-05
CAISDLVSPLHF	13.0	0.00014896810936551044	15.0	0.0001701104583909819
CAISDPGRLSGELFF	9.0	0.00010313176802227646	9.0	0.00010206627503458912
CAISDQGTKGYTF	12.0	0.00013750902402970196	12.0	0.0001360883667127855
CAISDRLSKSDEQFF	6.0	6.875451201485098e-05	6.0	6.804418335639275e-05
CAISDRRTGITNEKLFF	6.0	6.875451201485098e-05	6.0	6.804418335639275e-05
CAISDTGMRETQYF	8.0	9.167268268646796e-05	8.0	9.072557780852368e-05
CAISEDLNDYGYTF	14.0	0.00016042719470131894	14.0	0.00015876976116491645
CAISEDLNDYGYTS	1.0	1.1459085335808496e-05	1.0	1.1340697226065458e-05
CAISEFAGVNYGYTF	25.0	0.0002864771333952124	25.0	0.0002835174306516365
CAISEFGTATEAFF	13.0	0.00014896810936551044	14.0	0.00015876976116491645
CAISEGDFRNYGYTF	38.0	0.0004354452427607229	38.0	0.0004309464945904874
CAISEGLAGIEQYF	15.0	0.00017188628003712744	15.0	0.0001701104583909819
CAISEKGQGNTEAFF	16.0	0.00018334536537293597	16.0	0.00018145115561704733
CAISELGNTGELFF	21.0	0.0002406407920519784	21.0	0.00023815464174737464
CAISEPQDTEAFF	13.0	0.00014896810936551044	13.0	0.00014742906393885096
CAISEQTGGTEKLFF	17.0	0.0001948044507087444	18.0	0.0002041325500691783
CAISEQTVGTEKLFF	1.0	1.1459085335808496e-05	1.0	1.1340697226065458e-05
CAISEQTWTGTSTQYF	6.0	6.875451201485098e-05	7.0	7.938488058245821e-05
CAISERAGGPNWQYF	16.0	0.00018334536537293597	18.0	0.0002041325500691783
CAISERGNSPLHF	10.0	0.00011459085335808496	10.0	0.0001134069722606546
CAISERQGNTEAFF	42.0	0.0004812815841039568	42.0	0.0004763092834947493
CAISESATVRSQYF	2.0	2.2918170671616996e-05	3.0	3.402209167819637e-05
CAISESEGQPQHF	4.0	4.583634134323399e-05	4.0	4.536278890426183e-05
CAISESFTGGEDTQYF	6.0	6.875451201485098e-05	6.0	6.804418335639275e-05
CAISESGLAATGELFF	8.0	9.167268268646796e-05	8.0	9.072557780852368e-05
CAISESKVSPLHF	28.0	0.0003208543894026379	32.0	0.00036290231123409467
CAISESLVSNQPQHF	15.0	0.00017188628003712744	14.0	0.00015876976116491645
CAISESRAEKLFF	13.0	0.00014896810936551044	13.0	0.00014742906393885096
CAISESREGAAEQYF	5.0	5.729542667904248e-05	6.0	6.804418335639275e-05
CAISESSGANVLTF	3.0	3.437725600742549e-05	3.0	3.402209167819637e-05
CAISESTMLGLADYNEQFF	1.0	1.1459085335808496e-05	1.0	1.1340697226065458e-05
CAISESTQSSTGGYGYTF	18.0	0.0002062635360445529	18.0	0.0002041325500691783
CAISESTRRDRTGELFF	17.0	0.0001948044507087444	17.0	0.0001927918528431128
CAISESVQETQYF	16.0	0.00018334536537293597	17.0	0.0001927918528431128
CAISESWTGAYEQYF	7.0	8.021359735065947e-05	7.0	7.938488058245821e-05
CAISETPGQPSL	7.0	8.021359735065948e-05	8.0	9.072557780852367e-05
CAISETSANTGELFF	3.0	3.437725600742549e-05	3.0	3.402209167819637e-05
CAISFGGVNTEAFF	12.0	0.00013750902402970196	12.0	0.0001360883667127855
CAISFNYGYTF	7.0	8.021359735065947e-05	7.0	7.938488058245821e-05
CAISFRQDYEQYF	15.0	0.00017188628003712744	15.0	0.0001701104583909819
CAISFTGSPYEQYF	8.0	9.167268268646796e-05	8.0	9.072557780852368e-05
CAISGAAAGELFF	6.0	6.875451201485098e-05	6.0	6.804418335639275e-05
CAISGFGNSRPNEQFF	13.0	0.00014896810936551044	13.0	0.00014742906393885096
CAISGGGASSYEQYF	5.0	5.729542667904248e-05	5.0	5.670348613032729e-05
CAISGGGHLNTEAFF	9.0	0.00010313176802227646	9.0	0.00010206627503458912
CAISGGGLSTDTQYF	2.0	2.2918170671616996e-05	2.0	2.268139445213092e-05
CAISGGGRLNTEAFF	1.0	1.1459085335808496e-05	1.0	1.1340697226065458e-05
CAISGGKTDTQYF	4.0	4.583634134323399e-05	4.0	4.536278890426183e-05
CAISGGPGGSYEQYF	10.0	0.00011459085335808496	10.0	0.0001134069722606546
CAISGGPLGTQYF	10.0	0.00011459085335808496	10.0	0.0001134069722606546
CAISGGQVVNEQFF	4.0	4.583634134323399e-05	5.0	5.670348613032729e-05
CAISGGQYYGYTF	11.0	0.00012604993869389346	11.0	0.00012474766948672005
CAISGGTSGYNEQFF	9.0	0.00010313176802227646	9.0	0.00010206627503458912
CAISGGYEQYF	25.0	0.0002864771333952124	25.0	0.0002835174306516365
CAISGILGQGAGYTF	11.0	0.00012604993869389346	11.0	0.00012474766948672005
CAISGLGNTGELFF	1.0	1.1459085335808496e-05	1.0	1.1340697226065458e-05
CAISGLGPHEQYF	12.0	0.00013750902402970196	12.0	0.0001360883667127855
CAISGNRGNEQFF	6.0	6.875451201485098e-05	6.0	6.804418335639275e-05
CAISGNTAATQYF	5.0	5.729542667904248e-05	5.0	5.670348613032729e-05
CAISGPQETQYF	6.0	6.875451201485098e-05	6.0	6.804418335639275e-05
CAISGQGNYGYTF	7.0	8.021359735065947e-05	7.0	7.938488058245821e-05
CAISGRGANVLTF	8.0	9.167268268646797e-05	8.0	9.072557780852367e-05
CAISGRPTVNEQFF	6.0	6.875451201485098e-05	6.0	6.804418335639275e-05
CAISGSLFTDEQFF	6.0	6.875451201485098e-05	6.0	6.804418335639275e-05
CAISGTGETQYF	2.0	2.2918170671616996e-05	2.0	2.268139445213092e-05
CAISGTSGRERQYF	1.0	1.1459085335808496e-05	1.0	1.1340697226065458e-05
CAISGTSGRGAGELFF	75.0	0.0008594314001856371	75.0	0.0008505522919549094
CAISGVGGLNSPLHF	9.0	0.00010313176802227646	9.0	0.00010206627503458912
CAISGVGTGIDTQYF	1.0	1.1459085335808496e-05	1.0	1.1340697226065458e-05
CAISGVGTGTDTQYF	1.0	1.1459085335808496e-05	1.0	1.1340697226065458e-05
CAISHRQGDYGYTF	17.0	0.0001948044507087444	17.0	0.0001927918528431128
CAISIAGGRNEQFF	6.0	6.875451201485098e-05	6.0	6.804418335639275e-05
CAISIGTNEKLFF	9.0	0.00010313176802227646	9.0	0.00010206627503458912
CAISKDRGRETQYF	6.0	6.875451201485098e-05	6.0	6.804418335639275e-05
CAISLAGGPNEQFF	6.0	6.875451201485098e-05	7.0	7.938488058245821e-05
CAISLEQSRVPYEQYF	11.0	0.00012604993869389346	11.0	0.00012474766948672005
CAISPAILPYEQYF	4.0	4.583634134323399e-05	4.0	4.536278890426183e-05
CAISPAIPPYEQYF	1.0	1.1459085335808496e-05	1.0	1.1340697226065458e-05
CAISPGLAGIPKGNEQFF	7.0	8.021359735065947e-05	7.0	7.938488058245821e-05
CAISPGLARNEQFF	3.0	3.437725600742549e-05	3.0	3.402209167819637e-05
CAISPGQGAGANVLTF	5.0	5.729542667904248e-05	5.0	5.670348613032729e-05
CAISPGTGQWNIQYF	5.0	5.729542667904248e-05	6.0	6.804418335639275e-05
CAISPLGANEQFF	4.0	4.583634134323399e-05	4.0	4.536278890426183e-05
CAISPPGGYEQYF	23.0	0.0002635589627235954	23.0	0.00026083603619950555
CAISPRETDTQYF	3.0	3.437725600742549e-05	3.0	3.402209167819637e-05
CAISPRGGRSYEQYF	29.0	0.00033231347473844635	29.0	0.0003288802195558983
CAISPTGGPGELFF	4.0	4.583634134323399e-05	4.0	4.536278890426183e-05
CAISPTSGRASGELFF	60.0	0.0006875451201485098	60.0	0.0006804418335639275
CAISRGAGKDTEAFF	26.0	0.0002979362187310209	26.0	0.0002948581278777019
CAISRGQGGRNEQFF	4.0	4.583634134323399e-05	4.0	4.536278890426183e-05
CAISRGQYNSPLHF	7.0	8.021359735065947e-05	7.0	7.938488058245821e-05
CAISRQGAYEQYF	4.0	4.583634134323399e-05	4.0	4.536278890426183e-05
CAISRQGMNSPLHF	20.0	0.00022918170671616992	20.0	0.0002268139445213092
CAISRREASEQFF	4.0	4.583634134323399e-05	4.0	4.536278890426183e-05
CAISSGTFSTDTQYF	1.0	1.1459085335808496e-05	1.0	1.1340697226065458e-05
CAISSKESGGEQFF	4.0	4.583634134323399e-05	4.0	4.536278890426183e-05
CAISSPVDTEAFF	14.0	0.00016042719470131894	15.0	0.0001701104583909819
CAISSSGTAEKLFF	12.0	0.00013750902402970196	12.0	0.0001360883667127855
CAISTGATNEKLFF	10.0	0.00011459085335808496	10.0	0.0001134069722606546
CAISTGTGMDGYTF	1.0	1.1459085335808496e-05	1.0	1.1340697226065458e-05
CAISVAGPLNEQFF	5.0	5.729542667904248e-05	5.0	5.670348613032729e-05
CAISVAPGGGTGELFF	10.0	0.00011459085335808496	10.0	0.0001134069722606546
CAISVGRTGNTIYF	24.0	0.0002750180480594039	24.0	0.000272176733425571
CAISVGVSGNTIYF	6.0	6.875451201485098e-05	6.0	6.804418335639275e-05
CAISVREGGSGSSEQFF	1.0	1.1459085335808496e-05	1.0	1.1340697226065458e-05
CAISVRSGSANTGELFF	1.0	1.1459085335808496e-05	1.0	1.1340697226065458e-05
CAISVSILNNEQFF	2.0	2.2918170671616996e-05	2.0	2.268139445213092e-05
CAISVSNTQYF	4.0	4.583634134323399e-05	4.0	4.536278890426183e-05
CAITEQGRGGELFF	4.0	4.583634134323399e-05	4.0	4.536278890426183e-05
CAITSTGGAGGYTF	25.0	0.0002864771333952124	26.0	0.0002948581278777019
CAIVGKGASHEQYF	6.0	6.875451201485098e-05	6.0	6.804418335639275e-05
CAKAGPWGYNEQFF	8.0	9.167268268646796e-05	8.0	9.072557780852368e-05
CANGLGTGGTEAFF	3.0	3.437725600742549e-05	3.0	3.402209167819637e-05
CANQRLVPLYNEQFF	9.0	0.00010313176802227646	9.0	0.00010206627503458912
CANSLAGTSTDTQYF	1.0	1.1459085335808496e-05	1.0	1.1340697226065458e-05
CANSPLAGGYNEQFF	1.0	1.1459085335808496e-05	1.0	1.1340697226065458e-05
CANSQDQPSYNEQFF	1.0	1.1459085335808496e-05	1.0	1.1340697226065458e-05
CANSYGQYSYNSPLHF	3.0	3.437725600742549e-05	3.0	3.402209167819637e-05
CANSYGQYSYNSPPHF	1.0	1.1459085335808496e-05	1.0	1.1340697226065458e-05
CAPLKAFNQPQHF	2.0	2.2918170671616996e-05	2.0	2.268139445213092e-05
CARGGGGYDEQYF	2.0	2.2918170671616996e-05	2.0	2.268139445213092e-05
CARHSGLNTEAFF	13.0	0.00014896810936551044	13.0	0.00014742906393885096
CARRQGPYNSPLHF	12.0	0.00013750902402970196	12.0	0.0001360883667127855
CARSGADIVHYNEQFF	10.0	0.00011459085335808496	9.0	0.00010206627503458913
CARSPRPGYNEQFF	1.0	1.1459085335808496e-05	1.0	1.1340697226065458e-05
CARSQAGIGYNEQFF	1.0	1.1459085335808496e-05	1.0	1.1340697226065458e-05
CARSRPGQGPPPYEQYF	1.0	1.1459085335808496e-05	1.0	1.1340697226065458e-05
CARSTGTSRETQYF	4.0	4.583634134323399e-05	4.0	4.536278890426183e-05
CARTLAGGPNTGELFF	8.0	9.167268268646796e-05	8.0	9.072557780852368e-05
CASAGGGRSGANVLTF	15.0	0.00017188628003712744	15.0	0.0001701104583909819
CASAIRLAGNEQFF	17.0	0.00019480445070874447	17.0	0.0001927918528431128
CASALAGGFHEQFF	14.0	0.00016042719470131894	14.0	0.00015876976116491645
CASALAGGTDTQYF	1.0	1.1459085335808496e-05	1.0	1.1340697226065458e-05
CASAQGRGYEQYF	9.0	0.00010313176802227646	9.0	0.00010206627503458912
CASARDAKETQYF	8.0	9.167268268646796e-05	9.0	0.00010206627503458912
CASATGTLNNQPQHF	8.0	9.167268268646797e-05	8.0	9.072557780852367e-05
CASATYRGVTDTQYF	32.0	0.0003666907307458719	32.0	0.00036290231123409467
CASAWGKTQYF	46.0	0.0005271179254471908	47.0	0.0005330127696250766
CASAYSGANVLTF	5.0	5.729542667904248e-05	5.0	5.670348613032729e-05
CASCDSDNYGYTF	6.0	6.875451201485098e-05	6.0	6.804418335639275e-05
CASCSTTEAFF	11.0	0.00012604993869389346	11.0	0.00012474766948672005
CASEGYARGNGYTF	6.0	6.875451201485098e-05	6.0	6.804418335639275e-05
CASELTGQETQYF	9.0	0.00010313176802227646	9.0	0.00010206627503458912
CASENQGDYGYTF	1.0	1.1459085335808496e-05	1.0	1.1340697226065458e-05
CASETGGSYEQYF	3.0	3.437725600742549e-05	3.0	3.402209167819637e-05
CASGAPFPYNEQFF	2.0	2.2918170671616996e-05	2.0	2.268139445213092e-05
CASGFLSPGQGGEQYF	1.0	1.1459085335808496e-05	1.0	1.1340697226065458e-05
CASGFTRGGNEQFF	9.0	0.00010313176802227646	9.0	0.00010206627503458912
CASGFWGSTEAFF	24.0	0.0002750180480594039	24.0	0.000272176733425571
CASGGAGANVLTF	2.0	2.2918170671616996e-05	2.0	2.268139445213092e-05
CASGGFTDTQYF	3.0	3.437725600742549e-05	3.0	3.402209167819637e-05
CASGGGGKTQYF	45.0	0.0005156588401113823	45.0	0.0005103313751729456
CASGGLAGDYEQYF	1.0	1.1459085335808496e-05	1.0	1.1340697226065458e-05
CASGGLRYNEQYF	1.0	1.1459085335808496e-05	1.0	1.1340697226065458e-05
CASGGPWPKNIQYF	1.0	1.1459085335808496e-05	4.0	4.536278890426183e-05
CASGGTGPNQPQHF	3.0	3.437725600742549e-05	3.0	3.402209167819637e-05
CASGKAGSSYEQYF	14.0	0.00016042719470131894	14.0	0.00015876976116491645
CASGKTGESTDTQYF	4.0	4.583634134323399e-05	4.0	4.536278890426183e-05
CASGLAGIPEQYF	13.0	0.00014896810936551044	13.0	0.00014742906393885096
CASGLAHGSQHF	4.0	4.583634134323399e-05	4.0	4.536278890426183e-05
CASGLARGGTEQYF	65.0	0.0007448405468275522	86.0	0.0009752999614416294
CASGLGLRSRYTF	11.0	0.00012604993869389346	16.0	0.00018145115561704733
CASGLGTGGTEAFF	47.0	0.0005385770107829993	47.0	0.0005330127696250766
CASGLGTGTGRELFF	23.0	0.0002635589627235954	23.0	0.00026083603619950555
CASGLGTSGETQYF	98.0	0.0011229903629092	98.0	0.0011113883281544
CASGLPGTYTSYEQYF	19.0	0.00021772262138036144	19.0	0.0002154732472952437
CASGLQGIVGYTDTQYF	2.0	2.2918170671616996e-05	2.0	2.268139445213092e-05
CASGLSGLQFF	1.0	1.1459085335808496e-05	1.0	1.1340697226065458e-05
CASGLVDPRVSPLHF	4.0	4.583634134323399e-05	4.0	4.536278890426183e-05
CASGMSGQGYSNQPQHF	1.0	1.1459085335808496e-05	1.0	1.1340697226065458e-05
CASGNGDTQYF	1.0	1.1459085335808496e-05	1.0	1.1340697226065458e-05
CASGPGTYGYTF	121.0	0.0013865493256328	121.0	0.0013722243643539
CASGPRSPFTDTQYF	6.0	6.875451201485098e-05	6.0	6.804418335639275e-05
CASGQAGAGSPLHF	117.0	0.0013407129842895292	134.0	0.0015196534282927
CASGQDRAHYGYTF	1.0	1.1459085335808496e-05	1.0	1.1340697226065458e-05
CASGQFQGHSSYNEQFF	61.0	0.0006990042054843183	61.0	0.000691782530789993
CASGQGSGNEQFF	18.0	0.0002062635360445529	18.0	0.00020413255006917827
CASGQGTDTQYF	3.0	3.437725600742549e-05	3.0	3.402209167819637e-05
CASGQSGSSYNEQFF	10.0	0.00011459085335808496	10.0	0.0001134069722606546
CASGQSQGNYGYTF	1.0	1.1459085335808496e-05	1.0	1.1340697226065458e-05
CASGQYHQETQYF	1.0	1.1459085335808496e-05	1.0	1.1340697226065458e-05
CASGRAGWAYEQYF	1.0	1.1459085335808496e-05	1.0	1.1340697226065458e-05
CASGRASNEKLFF	8.0	9.167268268646796e-05	8.0	9.072557780852368e-05
CASGRGGLTGELFF	8.0	9.167268268646796e-05	8.0	9.072557780852368e-05
CASGRGLAGGVETQYF	44.0	0.0005041997547755738	46.0	0.0005216720723990111
CASGRGRVGNQPQHF	3.0	3.437725600742549e-05	3.0	3.402209167819637e-05
CASGRLKGGTQYF	3.0	3.437725600742549e-05	3.0	3.402209167819637e-05
CASGRLYEQYF	50.0	0.0005729542667904248	50.0	0.000567034861303273
CASGRNNEQFF	6.0	6.875451201485098e-05	6.0	6.804418335639275e-05
CASGRRQGGTDTQYF	4.0	4.583634134323399e-05	4.0	4.536278890426183e-05
CASGRTFSPTTNEKLFF	7.0	8.021359735065947e-05	7.0	7.938488058245821e-05
CASGSALSGEKLFF	6.0	6.875451201485098e-05	6.0	6.804418335639275e-05
CASGSGWQETQYF	18.0	0.0002062635360445529	18.0	0.0002041325500691783
CASGTGGVNEQFF	2.0	2.2918170671616996e-05	3.0	3.402209167819637e-05
CASGTGNTEAFF	10.0	0.00011459085335808496	10.0	0.0001134069722606546
CASGTLTPDGYTF	77.0	0.0008823495708572542	81.0	0.0009185964753113022
CASGTPNTGELFF	16.0	0.00018334536537293597	16.0	0.00018145115561704733
CASGWSGASTQPQHF	27.0	0.0003093953040668294	27.0	0.00030619882510376736
CASGYNEQFF	1.0	1.1459085335808496e-05	1.0	1.1340697226065458e-05
CASGYSGNTIYF	5.0	5.729542667904248e-05	5.0	5.670348613032729e-05
CASGYTRASGVNTEAFF	1.0	1.1459085335808496e-05	1.0	1.1340697226065458e-05
CASHGNNEQFF	1.0	1.1459085335808496e-05	1.0	1.1340697226065458e-05
CASHGQGGPTNYGYTF	7.0	8.021359735065947e-05	7.0	7.938488058245821e-05
CASHGQGIVAGKDNEQFF	18.0	0.0002062635360445529	18.0	0.0002041325500691783
CASHLIQGREAFF	83.0	0.0009511040828721052	83.0	0.0009412778697634332
CASHRGQGLKTQYF	10.0	0.00011459085335808496	10.0	0.0001134069722606546
CASHRISGNTIYF	1.0	1.1459085335808496e-05	1.0	1.1340697226065458e-05
CASIAGVAGANVLTF	10.0	0.00011459085335808496	10.0	0.0001134069722606546
CASIARVAGANVLTF	1.0	1.1459085335808496e-05	1.0	1.1340697226065458e-05
CASIGGTYEQYF	4.0	4.583634134323399e-05	4.0	4.536278890426183e-05
CASIGQLNQPQHF	5.0	5.7295426679042487e-05	5.0	5.670348613032729e-05
CASIGRFPTEAFF	6.0	6.875451201485098e-05	6.0	6.804418335639275e-05
CASIKTSTGTGELFF	3.0	3.437725600742549e-05	3.0	3.402209167819637e-05
CASILAGGTSYEQYF	10.0	0.00011459085335808496	10.0	0.0001134069722606546
CASILAPGTSYEQYF	15.0	0.00017188628003712744	15.0	0.0001701104583909819
CASILGGGGGYTF	3.0	3.437725600742549e-05	3.0	3.402209167819637e-05
CASILTGGVGQPQHF	1.0	1.1459085335808496e-05	1.0	1.1340697226065458e-05
CASINDGNYGYTF	2.0	2.2918170671616996e-05	2.0	2.268139445213092e-05
CASIRGRNTGELFF	50.0	0.0005729542667904248	50.0	0.000567034861303273
CASISAGVATQETQYF	7.0	8.021359735065947e-05	7.0	7.938488058245821e-05
CASIVGAGLYRDTQYF	2.0	2.2918170671616996e-05	2.0	2.268139445213092e-05
CASIWGQTETQYF	7.0	8.021359735065947e-05	7.0	7.938488058245821e-05
CASIYEQYF	2.0	2.2918170671616996e-05	2.0	2.268139445213092e-05
CASIYRENPGQPQHF	14.0	0.00016042719470131894	14.0	0.00015876976116491645
CASIYRPDTEAFF	8.0	9.167268268646796e-05	8.0	9.072557780852368e-05
CASKAWGGAGGNSGANVLTF	6.0	6.875451201485098e-05	6.0	6.804418335639275e-05
CASKAYGYTF	8.0	9.167268268646796e-05	8.0	9.072557780852368e-05
CASKDGVSDTQYF	2.0	2.2918170671616996e-05	2.0	2.268139445213092e-05
CASKEIQGQPNTEAFF	3.0	3.437725600742549e-05	3.0	3.402209167819637e-05
CASKEQINYGYTF	122.0	0.0013980084109686	122.0	0.0013835650615799
CASKFGGSSYNEQFF	3.0	3.437725600742549e-05	3.0	3.402209167819637e-05
CASKFSGFLDEQFF	20.0	0.00022918170671616992	20.0	0.0002268139445213092
CASKGGETQYF	6.0	6.875451201485098e-05	6.0	6.804418335639275e-05
CASKGGGNNYQPLHF	3.0	3.437725600742549e-05	4.0	4.536278890426183e-05
CASKGGINTEAFF	18.0	0.0002062635360445529	18.0	0.0002041325500691783
CASKGLGQPLSGANVLTF	12.0	0.00013750902402970196	12.0	0.0001360883667127855
CASKGQGNTDTQYF	4.0	4.583634134323399e-05	4.0	4.536278890426183e-05
CASKGRIGNSPLHF	73.0	0.0008365132295140202	73.0	0.0008278708975027784
CASKGTSGFRNEQFF	7.0	8.021359735065947e-05	7.0	7.938488058245821e-05
CASKGTSGITGELFF	17.0	0.0001948044507087444	17.0	0.0001927918528431128
CASKGYTEAFF	12.0	0.00013750902402970196	12.0	0.0001360883667127855
CASKHRGNEQFF	3.0	3.437725600742549e-05	3.0	3.402209167819637e-05
CASKIANTGELFF	3.0	3.437725600742549e-05	3.0	3.402209167819637e-05
CASKKGAGNQPQHF	7.0	8.021359735065947e-05	7.0	7.938488058245821e-05
CASKKQGASYEQYF	3.0	3.437725600742549e-05	3.0	3.402209167819637e-05
CASKLLPTDTQYF	25.0	0.0002864771333952124	27.0	0.00030619882510376736
CASKLTAKNIQYF	2.0	2.2918170671616996e-05	3.0	3.402209167819637e-05
CASKLYAGVASYEQYF	2.0	2.2918170671616996e-05	2.0	2.268139445213092e-05
CASKPDRASYEQYF	6.0	6.875451201485098e-05	6.0	6.804418335639275e-05
CASKPGQASYGYTF	38.0	0.0004354452427607228	38.0	0.0004309464945904874
CASKPGQFIQPQHF	4.0	4.583634134323399e-05	4.0	4.536278890426184e-05
CASKPISVSSRSEAFF	52.0	0.0005958724374620417	52.0	0.0005897162557554038
CASKPTGTSNQPQHF	14.0	0.00016042719470131894	14.0	0.00015876976116491645
CASKQIGVAGELFF	10.0	0.00011459085335808496	10.0	0.0001134069722606546
CASKQTGSGANVLTF	7.0	8.021359735065947e-05	7.0	7.938488058245821e-05
CASKREGYNEQFF	7.0	8.021359735065947e-05	7.0	7.938488058245821e-05
CASKRENYEQYF	2.0	2.2918170671616996e-05	2.0	2.268139445213092e-05
CASKRGTGVYEQYF	8.0	9.167268268646796e-05	8.0	9.072557780852368e-05
CASKRLVYNEQFF	2.0	2.2918170671616996e-05	2.0	2.268139445213092e-05
CASKSQGNNEQFF	15.0	0.00017188628003712744	15.0	0.0001701104583909819
CASKSYPPRTDTQYF	1.0	1.1459085335808496e-05	1.0	1.1340697226065458e-05
CASKTGLSNQPQHF	9.0	0.00010313176802227646	9.0	0.00010206627503458912
CASKTGSIAYEQYF	1.0	1.1459085335808496e-05	1.0	1.1340697226065458e-05
CASKTPTGEKLFF	4.0	4.583634134323399e-05	4.0	4.536278890426183e-05
CASKTSSSIDEQFF	12.0	0.00013750902402970196	12.0	0.0001360883667127855
CASKTYEEDAFF	23.0	0.0002635589627235954	23.0	0.00026083603619950555
CASKVGQGRTDTQYF	4.0	4.583634134323399e-05	4.0	4.536278890426183e-05
CASKVRGRYSYEQYF	5.0	5.729542667904248e-05	5.0	5.670348613032729e-05
CASKVTSGYEQYF	10.0	0.00011459085335808496	10.0	0.0001134069722606546
CASKYLGPTGELFF	6.0	6.875451201485098e-05	6.0	6.804418335639275e-05
CASLAVLNYGYTF	23.0	0.0002635589627235954	23.0	0.00026083603619950555
CASLGLAGPYQETQYF	2.0	2.2918170671616996e-05	2.0	2.268139445213092e-05
CASLIAGGRKEQFF	8.0	9.167268268646796e-05	8.0	9.072557780852368e-05
CASLIMGAGEAFF	5.0	5.729542667904248e-05	5.0	5.670348613032729e-05
CASLTASNQPQHF	7.0	8.021359735065947e-05	7.0	7.938488058245821e-05
CASMGGRAYNEQFF	4.0	4.583634134323399e-05	4.0	4.536278890426183e-05
CASMIGRGTYEQYF	4.0	4.583634134323399e-05	4.0	4.536278890426183e-05
CASMTSDKLYEQYF	9.0	0.00010313176802227646	9.0	0.00010206627503458912
CASMTSDKPYEQYF	1.0	1.1459085335808496e-05	1.0	1.1340697226065458e-05
CASNDDRVTPAEQYF	26.0	0.0002979362187310209	26.0	0.0002948581278777019
CASNDRLAGNEQYF	6.0	6.875451201485098e-05	6.0	6.804418335639275e-05
CASNELAERGETQYF	2.0	2.2918170671616996e-05	2.0	2.268139445213092e-05
CASNFSPRYEQFF	1.0	1.1459085335808496e-05	1.0	1.1340697226065458e-05
CASNGGTQYF	4.0	4.583634134323399e-05	5.0	5.670348613032729e-05
CASNGLGYYEQYF	12.0	0.00013750902402970196	12.0	0.0001360883667127855
CASNIAGTPGEQYF	9.0	0.00010313176802227646	9.0	0.00010206627503458912
CASNIQGLPLHF	6.0	6.875451201485098e-05	6.0	6.804418335639275e-05
CASNLAGEDTQYF	2.0	2.2918170671616996e-05	2.0	2.268139445213092e-05
CASNLAGLGGYTF	21.0	0.00024064079205197842	23.0	0.00026083603619950555
CASNLGQGETQYF	2.0	2.2918170671616996e-05	2.0	2.268139445213092e-05
CASNLRQGATDTQYF	2.0	2.2918170671616996e-05	2.0	2.268139445213092e-05
CASNNEGMNTEAFF	13.0	0.00014896810936551044	13.0	0.00014742906393885096
CASNNEGMNTEDFF	1.0	1.1459085335808496e-05	1.0	1.1340697226065458e-05
CASNNRAIGGYTF	4.0	4.583634134323399e-05	4.0	4.536278890426183e-05
CASNPGQGFSNQPQHF	39.0	0.0004469043280965313	39.0	0.0004422871918165529
CASNPNAFSGSRETQYF	3.0	3.437725600742549e-05	3.0	3.402209167819637e-05
CASNPRGGKDNGYTF	5.0	5.729542667904248e-05	5.0	5.670348613032729e-05
CASNPRQGSYEQYF	1.0	1.1459085335808496e-05	1.0	1.1340697226065458e-05
CASNPTRAGELFF	2.0	2.2918170671616996e-05	2.0	2.268139445213092e-05
CASNPTSSSYNEQFF	18.0	0.0002062635360445529	18.0	0.0002041325500691783
CASNQGGRDQPQHF	2.0	2.2918170671616996e-05	2.0	2.268139445213092e-05
CASNQGQGAKTQYF	5.0	5.729542667904248e-05	5.0	5.670348613032729e-05
CASNQMISETQYF	10.0	0.00011459085335808496	10.0	0.0001134069722606546
CASNRAAQYEQYF	17.0	0.0001948044507087444	17.0	0.0001927918528431128
CASNRANSPLHF	7.0	8.021359735065948e-05	7.0	7.938488058245821e-05
CASNRGDGYTF	13.0	0.00014896810936551044	13.0	0.00014742906393885096
CASNRQGPNTEAFF	16.0	0.00018334536537293597	16.0	0.00018145115561704733
CASNTGGGSTEAFF	12.0	0.00013750902402970196	12.0	0.0001360883667127855
CASNWGVADTQYF	2.0	2.2918170671616996e-05	2.0	2.268139445213092e-05
CASPLDPPGTDLVWKGTEAFF	40.0	0.00045836341343233984	40.0	0.0004536278890426184
CASPNPTQGELYGYTF	2.0	2.2918170671616996e-05	2.0	2.268139445213092e-05
CASPPRGLAGGPRTDTQYF	4.0	4.583634134323399e-05	4.0	4.536278890426183e-05
CASPTGGGSYEQYF	15.0	0.00017188628003712744	15.0	0.0001701104583909819
CASQANKYNEQFF	4.0	4.583634134323399e-05	4.0	4.536278890426183e-05
CASQASSYNEQFF	1.0	1.1459085335808496e-05	1.0	1.1340697226065458e-05
CASQDRGRWDEQFF	13.0	0.00014896810936551044	14.0	0.00015876976116491645
CASQEIGFRRVETQYF	18.0	0.0002062635360445529	18.0	0.0002041325500691783
CASQGQGVTEAFF	4.0	4.583634134323399e-05	4.0	4.536278890426183e-05
CASQNGRANQPQHF	8.0	9.167268268646796e-05	8.0	9.072557780852368e-05
CASQQGLAVTDTQYF	2.0	2.2918170671616996e-05	2.0	2.268139445213092e-05
CASQQGLGYGYTF	6.0	6.875451201485098e-05	6.0	6.804418335639275e-05
CASQRGRITYNEQFF	1.0	1.1459085335808496e-05	1.0	1.1340697226065458e-05
CASQSTDTQYF	5.0	5.729542667904248e-05	5.0	5.670348613032729e-05
CASRADRRYYQPQHF	8.0	9.167268268646796e-05	8.0	9.072557780852368e-05
CASRADRTNSPLHF	9.0	0.00010313176802227646	10.0	0.0001134069722606546
CASRAEQRAYNEQFF	5.0	5.729542667904248e-05	5.0	5.670348613032729e-05
CASRAGTGTGELFF	5.0	5.729542667904248e-05	5.0	5.670348613032729e-05
CASRAGTKNTGELFF	11.0	0.00012604993869389346	11.0	0.00012474766948672005
CASRAIGTSGNNEQFF	1.0	1.1459085335808496e-05	1.0	1.1340697226065458e-05
CASRANTGDRSYEQYF	6.0	6.875451201485098e-05	6.0	6.804418335639275e-05
CASRANTGDRTYEQYF	1.0	1.1459085335808496e-05	1.0	1.1340697226065458e-05
CASRASGRAGEQYF	23.0	0.0002635589627235954	23.0	0.00026083603619950555
CASRASGSSKNIQYF	10.0	0.00011459085335808496	11.0	0.00012474766948672005
CASRATANTGELFF	5.0	5.729542667904248e-05	5.0	5.670348613032729e-05
CASRDLGNTIYF	4.0	4.583634134323399e-05	4.0	4.536278890426183e-05
CASRDRGIYGYTF	63.0	0.0007219223761559352	63.0	0.0007144639252421238
CASRDRGLVGELFF	14.0	0.00016042719470131894	14.0	0.00015876976116491645
CASRDRGSYEQYF	6.0	6.875451201485098e-05	6.0	6.804418335639275e-05
CASRDSDRVNTEAFF	25.0	0.0002864771333952124	25.0	0.0002835174306516365
CASRDSRSSYNSPLHF	41.0	0.0004698224987681483	41.0	0.0004649685862686838
CASRDSSLDSYEQYF	8.0	9.167268268646796e-05	8.0	9.072557780852368e-05
CASREGGVNQPQHF	7.0	8.021359735065947e-05	7.0	7.938488058245821e-05
CASREGIASSYNEQFF	5.0	5.729542667904248e-05	5.0	5.670348613032729e-05
CASRENTDTQYF	1.0	1.1459085335808496e-05	1.0	1.1340697226065458e-05
CASRERRETQYF	49.0	0.0005614951814546163	50.0	0.000567034861303273
CASRESNQPQHF	6.0	6.875451201485098e-05	6.0	6.804418335639275e-05
CASRESPTSTGELFF	2.0	2.2918170671616996e-05	2.0	2.268139445213092e-05
CASRETGGGAFF	7.0	8.021359735065947e-05	7.0	7.938488058245821e-05
CASRETGIEQYF	10.0	0.00011459085335808496	10.0	0.0001134069722606546
CASRETGTRGEAFF	3.0	3.437725600742549e-05	3.0	3.402209167819637e-05
CASRFDRGGTEAFF	8.0	9.167268268646797e-05	8.0	9.072557780852367e-05
CASRFGGGNSPLHF	5.0	5.729542667904248e-05	5.0	5.670348613032729e-05
CASRFGGHGTDTQYF	2.0	2.2918170671616996e-05	2.0	2.268139445213092e-05
CASRFGTSHTNEKLFF	10.0	0.00011459085335808496	10.0	0.0001134069722606546
CASRFRENNEQFF	20.0	0.00022918170671616992	20.0	0.0002268139445213092
CASRFRENNKQFF	1.0	1.1459085335808496e-05	1.0	1.1340697226065458e-05
CASRGASADTQYF	2.0	2.2918170671616996e-05	3.0	3.402209167819637e-05
CASRGASDTQYF	2.0	2.2918170671616996e-05	2.0	2.268139445213092e-05
CASRGDRGNTEAFF	7.0	8.021359735065947e-05	7.0	7.938488058245821e-05
CASRGDWGQDYTGELFF	31.0	0.0003552316454100633	31.0	0.0003515616140080292
CASRGGDKNQPQHF	2.0	2.2918170671616996e-05	2.0	2.268139445213092e-05
CASRGGGGYTF	1.0	1.1459085335808496e-05	1.0	1.1340697226065458e-05
CASRGGGLGGGGYTF	22.0	0.0002520998773877869	22.0	0.0002494953389734401
CASRGGLAGAWRDTQYF	3.0	3.437725600742549e-05	3.0	3.402209167819637e-05
CASRGGLSSTEAFF	6.0	6.875451201485098e-05	6.0	6.804418335639275e-05
CASRGGRIDEQFF	4.0	4.583634134323399e-05	4.0	4.536278890426183e-05
CASRGGSNTGELFF	1.0	1.1459085335808496e-05	1.0	1.1340697226065458e-05
CASRGGSSYEQYF	12.0	0.00013750902402970196	12.0	0.0001360883667127855
CASRGGSSYNEQFF	4.0	4.583634134323399e-05	4.0	4.536278890426183e-05
CASRGILSSGANVLTF	4.0	4.583634134323399e-05	4.0	4.536278890426183e-05
CASRGLAGAGETQYF	5.0	5.729542667904248e-05	5.0	5.670348613032729e-05
CASRGLAGTYEQYF	5.0	5.729542667904248e-05	5.0	5.670348613032729e-05
CASRGLAGVDEQFF	3.0	3.437725600742549e-05	4.0	4.536278890426183e-05
CASRGLAGVIGELFF	2.0	2.2918170671616996e-05	2.0	2.268139445213092e-05
CASRGLRSHNEQFF	1.0	1.1459085335808496e-05	1.0	1.1340697226065458e-05
CASRGMGAGAYEQYF	10.0	0.00011459085335808496	10.0	0.0001134069722606546
CASRGNPRRTNSYEQYF	18.0	0.0002062635360445529	18.0	0.0002041325500691783
CASRGPGGDEKLFF	110.0	0.0012604993869389	110.0	0.0012474766948672
CASRGPLRDTEAFF	6.0	6.875451201485098e-05	6.0	6.804418335639275e-05
CASRGQAAGEQYF	16.0	0.00018334536537293597	16.0	0.00018145115561704733
CASRGQANYNEQFF	6.0	6.875451201485098e-05	6.0	6.804418335639275e-05
CASRGQGANGELFF	12.0	0.00013750902402970196	12.0	0.0001360883667127855
CASRGQGASQPQHF	12.0	0.00013750902402970196	12.0	0.0001360883667127855
CASRGQLSDYGYTF	1.0	1.1459085335808496e-05	1.0	1.1340697226065458e-05
CASRGQLSNYGYTF	7.0	8.021359735065947e-05	7.0	7.938488058245821e-05
CASRGQRISYNEQFF	14.0	0.00016042719470131894	14.0	0.00015876976116491645
CASRGRDRLKDTQYF	5.0	5.729542667904248e-05	5.0	5.670348613032729e-05
CASRGRGLVGELFF	1.0	1.1459085335808496e-05	1.0	1.1340697226065458e-05
CASRGRGTNYGYTF	13.0	0.00014896810936551046	13.0	0.00014742906393885096
CASRGTDYGYTF	19.0	0.00021772262138036144	19.0	0.0002154732472952437
CASRGTGDQPQHF	3.0	3.437725600742549e-05	3.0	3.402209167819637e-05
CASRGTGGTGELFF	2.0	2.2918170671616996e-05	2.0	2.268139445213092e-05
CASRGTGVAEKLFF	10.0	0.00011459085335808496	10.0	0.0001134069722606546
CASRGTRSLEQYF	10.0	0.00011459085335808496	10.0	0.0001134069722606546
CASRGTSGRSYNEQFF	7.0	8.021359735065947e-05	7.0	7.938488058245821e-05
CASRGTSGSGGETQYF	26.0	0.0002979362187310209	26.0	0.0002948581278777019
CASRGVYTGELFF	5.0	5.729542667904248e-05	5.0	5.670348613032729e-05
CASRGYNEQFF	5.0	5.729542667904248e-05	5.0	5.670348613032729e-05
CASRHESRYEQYF	9.0	0.00010313176802227646	9.0	0.00010206627503458912
CASRHKEPGQVYEQYF	2.0	2.2918170671616996e-05	2.0	2.268139445213092e-05
CASRHPVSYEQYF	2.0	2.2918170671616996e-05	2.0	2.268139445213092e-05
CASRHSIGREQFF	4.0	4.583634134323399e-05	4.0	4.536278890426183e-05
CASRHTGVGTYNSPLHF	3.0	3.437725600742549e-05	3.0	3.402209167819637e-05
CASRIAGFTGELFF	10.0	0.00011459085335808496	10.0	0.0001134069722606546
CASRIGGSYEQYF	5.0	5.729542667904248e-05	5.0	5.670348613032729e-05
CASRIPGQGAYGYTF	48.0	0.0005500360961188078	48.0	0.000544353466851142
CASRIREAGNTIYF	2.0	2.2918170671616996e-05	2.0	2.268139445213092e-05
CASRKAGFAYEQYF	1.0	1.1459085335808496e-05	1.0	1.1340697226065458e-05
CASRKAGSAYEQYF	21.0	0.0002406407920519784	21.0	0.00023815464174737464
CASRKDRARGFYPEQFF	38.0	0.0004354452427607229	38.0	0.0004309464945904874
CASRKDRAYYGYTF	28.0	0.0003208543894026379	28.0	0.00031753952232983285
CASRKKGRNEKLFF	3.0	3.437725600742549e-05	3.0	3.402209167819637e-05
CASRKLAGVGSDTQYF	3.0	3.437725600742549e-05	4.0	4.536278890426183e-05
CASRKNTEAFF	7.0	8.021359735065947e-05	7.0	7.938488058245821e-05
CASRKPDRLSEKLFF	2.0	2.2918170671616996e-05	2.0	2.268139445213092e-05
CASRKREGSLNEQFF	1.0	1.1459085335808496e-05	1.0	1.1340697226065458e-05
CASRKSGTGRNQPQHF	42.0	0.0004812815841039568	42.0	0.0004763092834947493
CASRKSLGGPDTGELFF	4.0	4.583634134323399e-05	4.0	4.536278890426183e-05
CASRKTAGVEKETQYF	23.0	0.0002635589627235954	24.0	0.000272176733425571
CASRKTGNRYNEQFF	2.0	2.2918170671616996e-05	2.0	2.268139445213092e-05
CASRLAGFSTDTQYF	1.0	1.1459085335808496e-05	1.0	1.1340697226065458e-05
CASRLAGGNNEQFF	8.0	9.167268268646796e-05	8.0	9.072557780852368e-05
CASRLAGGTYEQYF	1.0	1.1459085335808496e-05	1.0	1.1340697226065458e-05
CASRLAGVNEQFF	2.0	2.2918170671616996e-05	2.0	2.268139445213092e-05
CASRLDQSSYEQYF	9.0	0.00010313176802227646	9.0	0.00010206627503458912
CASRLGAGINTEAFF	3.0	3.437725600742549e-05	3.0	3.402209167819637e-05
CASRLGLAGARYEQYF	8.0	9.167268268646796e-05	8.0	9.072557780852368e-05
CASRLGTGGLFF	10.0	0.00011459085335808496	10.0	0.0001134069722606546
CASRLGTGSPDTQYF	2.0	2.2918170671616996e-05	2.0	2.268139445213092e-05
CASRLGTSGTTGELFF	1.0	1.1459085335808496e-05	1.0	1.1340697226065458e-05
CASRLHGGYTF	1.0	1.1459085335808496e-05	1.0	1.1340697226065458e-05
CASRLISPSGELFF	3.0	3.437725600742549e-05	3.0	3.402209167819637e-05
CASRLLQGNTEAFF	1.0	1.1459085335808496e-05	1.0	1.1340697226065458e-05
CASRLPGQISYEQYF	16.0	0.00018334536537293597	16.0	0.00018145115561704733
CASRLPTQYF	12.0	0.00013750902402970196	13.0	0.00014742906393885096
CASRLRESNQPQHF	30.0	0.0003437725600742549	30.0	0.00034022091678196373
CASRLSGMNTGELFF	2.0	2.2918170671616996e-05	2.0	2.268139445213092e-05
CASRLTGGDRVYF	2.0	2.2918170671616996e-05	2.0	2.268139445213092e-05
CASRLTGTSGRAYEQFF	18.0	0.0002062635360445529	18.0	0.0002041325500691783
CASRLVASGREQFF	2.0	2.2918170671616996e-05	2.0	2.268139445213092e-05
CASRLVGEQYF	9.0	0.00010313176802227646	9.0	0.00010206627503458912
CASRLWGTGNEKLFF	17.0	0.0001948044507087444	17.0	0.0001927918528431128
CASRMRQGSGANVLTF	3.0	3.437725600742549e-05	3.0	3.402209167819637e-05
CASRMTSGRAHPYNEQFF	3.0	3.437725600742549e-05	3.0	3.402209167819637e-05
CASRMWDRTDTQYF	9.0	0.00010313176802227646	10.0	0.0001134069722606546
CASRNEGRAGETQYF	4.0	4.583634134323399e-05	4.0	4.536278890426183e-05
CASRNEGRTGETQYF	1.0	1.1459085335808496e-05	1.0	1.1340697226065458e-05
CASRNNTGELFF	9.0	0.00010313176802227646	9.0	0.00010206627503458912
CASRNPGYSNQPQHF	7.0	8.021359735065947e-05	7.0	7.938488058245821e-05
CASRNPIRGSGNTEAFF	12.0	0.00013750902402970196	12.0	0.0001360883667127855
CASRPASGSYNEQFF	1.0	1.1459085335808496e-05	1.0	1.1340697226065458e-05
CASRPDRFYSINQPQHF	2.0	2.2918170671616996e-05	2.0	2.268139445213092e-05
CASRPDSATNEKLFF	2.0	2.2918170671616993e-05	2.0	2.2681394452130917e-05
CASRPGLAGFEQYF	3.0	3.437725600742549e-05	3.0	3.402209167819637e-05
CASRPGLAGNEQYF	4.0	4.583634134323399e-05	4.0	4.536278890426183e-05
CASRPGLANEQFF	2.0	2.2918170671616996e-05	2.0	2.268139445213092e-05
CASRPGLPTNEKLFF	2.0	2.2918170671616996e-05	2.0	2.268139445213092e-05
CASRPGPGGANFGYTF	1.0	1.1459085335808496e-05	1.0	1.1340697226065458e-05
CASRPGPGGANYGYTF	18.0	0.0002062635360445529	18.0	0.0002041325500691783
CASRPGQKNTEAFF	10.0	0.00011459085335808496	10.0	0.0001134069722606546
CASRPGQVAMGYQETQYF	3.0	3.437725600742549e-05	3.0	3.402209167819637e-05
CASRPGSLVGEQFF	4.0	4.583634134323399e-05	4.0	4.536278890426183e-05
CASRPGTEYNSPLHF	11.0	0.00012604993869389346	11.0	0.00012474766948672005
CASRPILAGNQETQYF	75.0	0.0008594314001856371	75.0	0.0008505522919549094
CASRPLDGNTEAFF	5.0	5.729542667904248e-05	5.0	5.670348613032729e-05
CASRPLGYTQYF	1.0	1.1459085335808496e-05	1.0	1.1340697226065458e-05
CASRPLTGSYNEQFF	4.0	4.583634134323399e-05	4.0	4.536278890426183e-05
CASRPMDNSPLHF	80.0	0.0009167268268646797	81.0	0.0009185964753113022
CASRPPGRGNNGYTF	520.0	0.0059587243746204	523.0	0.0059311846492322
CASRPRTGLNYGYTF	4.0	4.583634134323399e-05	4.0	4.536278890426183e-05
CASRPRTSGSTDTQYF	6.0	6.875451201485098e-05	6.0	6.804418335639275e-05
CASRPRTSPYEQSF	1.0	1.1459085335808496e-05	1.0	1.1340697226065458e-05
CASRPRTSPYEQYF	21.0	0.0002406407920519784	21.0	0.00023815464174737464
CASRPRVEEGYTF	17.0	0.0001948044507087444	17.0	0.0001927918528431128
CASRPRVEEGYTS	1.0	1.1459085335808496e-05	1.0	1.1340697226065458e-05
CASRPSDAERAFF	16.0	0.00018334536537293594	17.0	0.0001927918528431128
CASRPSGMNTGELFF	21.0	0.0002406407920519784	21.0	0.00023815464174737464
CASRPSGRAAGELFF	4.0	4.583634134323399e-05	4.0	4.536278890426183e-05
CASRPSGVTDTQYF	13.0	0.00014896810936551044	13.0	0.00014742906393885096
CASRPSSEDTQYF	6.0	6.875451201485098e-05	6.0	6.804418335639275e-05
CASRPTGAEFTQYF	1.0	1.1459085335808496e-05	1.0	1.1340697226065458e-05
CASRPTGAELTQYF	1.0	1.1459085335808496e-05	1.0	1.1340697226065458e-05
CASRPTGLSNQPQHF	6.0	6.875451201485098e-05	6.0	6.804418335639275e-05
CASRPTRTASYEQYF	5.0	5.729542667904248e-05	5.0	5.670348613032729e-05
CASRPYSGTGANVLTF	52.0	0.0005958724374620417	52.0	0.0005897162557554038
CASRPYTLRANYGYTF	3.0	3.437725600742549e-05	3.0	3.402209167819637e-05
CASRQDYGYTF	10.0	0.00011459085335808496	10.0	0.0001134069722606546
CASRQGALYEQYF	4.0	4.583634134323399e-05	4.0	4.536278890426183e-05
CASRQGATNEKLFF	3.0	3.437725600742549e-05	3.0	3.402209167819637e-05
CASRQGGGAEAFF	3.0	3.437725600742549e-05	3.0	3.402209167819637e-05
CASRQGGHTEAFF	61.0	0.0006990042054843183	61.0	0.000691782530789993
CASRQGGTRGELFF	17.0	0.0001948044507087444	17.0	0.0001927918528431128
CASRQGPYGYTF	8.0	9.167268268646796e-05	8.0	9.072557780852368e-05
CASRQGRTSGQETQYF	4.0	4.583634134323399e-05	4.0	4.536278890426183e-05
CASRQGTGFGYTF	26.0	0.0002979362187310209	25.0	0.0002835174306516365
CASRQLGGGNIQYF	1.0	1.1459085335808496e-05	1.0	1.1340697226065458e-05
CASRQQQGYTEAFF	4.0	4.5836341343233985e-05	4.0	4.536278890426183e-05
CASRQTDTGELFF	4.0	4.583634134323399e-05	4.0	4.536278890426183e-05
CASRRARGGAYNEQFF	246.0	0.0028189349926088	249.0	0.0028238336092902
CASRRDRVGQPQHF	5.0	5.729542667904248e-05	5.0	5.670348613032729e-05
CASRRDTNHPQHF	1.0	1.1459085335808496e-05	1.0	1.1340697226065458e-05
CASRRDTNQPQHF	10.0	0.00011459085335808496	10.0	0.0001134069722606546
CASRRDVGVSYEQYF	7.0	8.021359735065947e-05	7.0	7.938488058245821e-05
CASRREIHNSPLHF	15.0	0.00017188628003712744	15.0	0.0001701104583909819
CASRRESEQYF	11.0	0.00012604993869389346	11.0	0.00012474766948672005
CASRRFGTPMNTEAFF	29.0	0.00033231347473844635	29.0	0.0003288802195558983
CASRRGASYEQYF	9.0	0.00010313176802227646	9.0	0.00010206627503458912
CASRRGDGGLNTGELFF	30.0	0.0003437725600742549	30.0	0.00034022091678196373
CASRRGERNTIYF	7.0	8.021359735065947e-05	7.0	7.938488058245821e-05
CASRRGGSSNQPQHF	8.0	9.167268268646796e-05	8.0	9.072557780852368e-05
CASRRGLALKQFF	16.0	0.00018334536537293597	16.0	0.00018145115561704733
CASRRGMNTEAFF	1.0	1.1459085335808496e-05	1.0	1.1340697226065458e-05
CASRRGTGGYEQYF	22.0	0.0002520998773877869	22.0	0.0002494953389734401
CASRRIGAGELFF	5.0	5.729542667904248e-05	5.0	5.670348613032729e-05
CASRRLAGASTDTQYF	1.0	1.1459085335808496e-05	1.0	1.1340697226065458e-05
CASRRLAGGRYNEQFF	6.0	6.875451201485098e-05	6.0	6.804418335639275e-05
CASRRLRDSRNEQFF	6.0	6.875451201485098e-05	7.0	7.938488058245821e-05
CASRRNTGELFF	4.0	4.583634134323399e-05	4.0	4.536278890426183e-05
CASRRPSGRLYEQYF	6.0	6.875451201485098e-05	6.0	6.804418335639275e-05
CASRRPSGSHEQFF	1.0	1.1459085335808496e-05	1.0	1.1340697226065458e-05
CASRRPSGSHEQYF	1.0	1.1459085335808496e-05	1.0	1.1340697226065458e-05
CASRRQGADTEAFF	19.0	0.00021772262138036144	19.0	0.0002154732472952437
CASRRQGAVNYGYTF	2.0	2.2918170671616996e-05	2.0	2.268139445213092e-05
CASRRRFSGNTIYF	9.0	0.00010313176802227646	9.0	0.00010206627503458912
CASRRRLSGNTIYF	1.0	1.1459085335808496e-05	1.0	1.1340697226065458e-05
CASRRSEKETQYF	10.0	0.00011459085335808496	10.0	0.0001134069722606546
CASRRSGDSNQPQHF	64.0	0.0007333814614917438	63.0	0.0007144639252421238
CASRRTGATNEKLFF	5.0	5.729542667904248e-05	5.0	5.670348613032729e-05
CASRRTGKAETQYF	11.0	0.00012604993869389346	12.0	0.0001360883667127855
CASRRTGNTEAFF	22.0	0.0002520998773877869	22.0	0.0002494953389734401
CASRRTSGKGAVNEQFF	11.0	0.00012604993869389346	11.0	0.00012474766948672005
CASRRTSGPSYEQYF	4.0	4.583634134323399e-05	4.0	4.536278890426183e-05
CASRRTVRATEAFF	3.0	3.437725600742549e-05	3.0	3.402209167819637e-05
CASRRVTEAFF	3.0	3.437725600742549e-05	3.0	3.402209167819637e-05
CASRRWTDNSPLHF	8.0	9.167268268646797e-05	8.0	9.072557780852368e-05
CASRSASGSYNEQFF	8.0	9.167268268646796e-05	8.0	9.072557780852368e-05
CASRSDGTYNEQFF	28.0	0.0003208543894026379	28.0	0.00031753952232983285
CASRSDRGSNTEAFF	6.0	6.875451201485098e-05	6.0	6.804418335639275e-05
CASRSGEGGPMETQYF	78.0	0.0008938086561930626	78.0	0.0008845743836331058
CASRSGGHYGYTF	10.0	0.00011459085335808496	10.0	0.0001134069722606546
CASRSGQPNTEAFF	9.0	0.00010313176802227646	9.0	0.00010206627503458912
CASRSGQPPHEQYF	7.0	8.021359735065947e-05	7.0	7.938488058245821e-05
CASRSGTAISGNTIYF	2.0	2.2918170671616996e-05	2.0	2.268139445213092e-05
CASRSGTLEQFF	1.0	1.1459085335808496e-05	1.0	1.1340697226065458e-05
CASRSHPEAFF	8.0	9.167268268646796e-05	8.0	9.072557780852368e-05
CASRSKGQAFF	5.0	5.729542667904248e-05	5.0	5.670348613032729e-05
CASRSLGAGDEQYF	4.0	4.583634134323399e-05	4.0	4.536278890426183e-05
CASRSPQGGGGGYTF	4.0	4.583634134323399e-05	4.0	4.536278890426183e-05
CASRSQPTTGDTQYF	1.0	1.1459085335808496e-05	2.0	2.268139445213092e-05
CASRSTGKGLRGYTF	5.0	5.7295426679042487e-05	5.0	5.670348613032729e-05
CASRSWGLEQFF	9.0	0.00010313176802227646	10.0	0.0001134069722606546
CASRSWGLKQFF	1.0	1.1459085335808496e-05	1.0	1.1340697226065458e-05
CASRSYGVGGYTF	7.0	8.021359735065947e-05	7.0	7.938488058245821e-05
CASRTAANTEAFF	5.0	5.729542667904248e-05	5.0	5.670348613032729e-05
CASRTAGGPGEKLFF	49.0	0.0005614951814546163	49.0	0.0005556941640772075
CASRTGAINTEAFF	4.0	4.583634134323399e-05	4.0	4.536278890426183e-05
CASRTGGIRHEQYF	1.0	1.1459085335808496e-05	1.0	1.1340697226065458e-05
CASRTGGIRYEQYF	9.0	0.00010313176802227646	9.0	0.00010206627503458912
CASRTGGVSNEQYF	1.0	1.1459085335808496e-05	1.0	1.1340697226065458e-05
CASRTGGVSYEQYF	6.0	6.875451201485098e-05	6.0	6.804418335639275e-05
CASRTGLAVETQYF	27.0	0.0003093953040668294	28.0	0.00031753952232983285
CASRTGSTVDTQYF	5.0	5.729542667904248e-05	5.0	5.670348613032729e-05
CASRTGTGGNTIYF	1.0	1.1459085335808496e-05	1.0	1.1340697226065458e-05
CASRTGTRNEQFF	4.0	4.583634134323399e-05	4.0	4.536278890426183e-05
CASRTGTSSSYNEQFF	6.0	6.875451201485098e-05	6.0	6.804418335639275e-05
CASRTGTSSSYNGQFF	1.0	1.1459085335808496e-05	1.0	1.1340697226065458e-05
CASRTGVRANNEQFF	25.0	0.0002864771333952124	25.0	0.0002835174306516365
CASRTRDTKMNTEAFF	21.0	0.0002406407920519784	21.0	0.00023815464174737464
CASRTRDYKETQYF	1.0	1.1459085335808496e-05	1.0	1.1340697226065458e-05
CASRTSGSSKNIQYF	1.0	1.1459085335808496e-05	1.0	1.1340697226065458e-05
CASRTSPLYEQYF	11.0	0.00012604993869389346	11.0	0.00012474766948672005
CASRTSSNQPQHF	14.0	0.00016042719470131894	14.0	0.00015876976116491645
CASRTTGEGQYF	1.0	1.1459085335808496e-05	2.0	2.268139445213092e-05
CASRVFGETQYF	13.0	0.00014896810936551044	13.0	0.00014742906393885096
CASRVGTGTYEQYF	3.0	3.437725600742549e-05	3.0	3.402209167819637e-05
CASRVMGANTGELFF	1.0	1.1459085335808496e-05	1.0	1.1340697226065458e-05
CASRVNGLAGYEQYF	26.0	0.0002979362187310209	26.0	0.0002948581278777019
CASRVQPGQPQHF	1.0	1.1459085335808496e-05	1.0	1.1340697226065458e-05
CASRVRGQGTGELFF	16.0	0.00018334536537293597	16.0	0.00018145115561704733
CASRVRLAGGLNEQFF	6.0	6.875451201485098e-05	6.0	6.804418335639275e-05
CASRVSMNTEAFF	7.0	8.021359735065947e-05	7.0	7.938488058245821e-05
CASRVTGANTGELFF	5.0	5.729542667904248e-05	5.0	5.670348613032729e-05
CASRVTGSQETQYF	1.0	1.1459085335808496e-05	1.0	1.1340697226065458e-05
CASRWDTYNEQFF	11.0	0.00012604993869389346	11.0	0.00012474766948672005
CASRWGLETQYF	7.0	8.021359735065947e-05	8.0	9.072557780852368e-05
CASRWTSEIGELFF	9.0	0.00010313176802227646	9.0	0.00010206627503458912
CASRWVGARPEAFF	13.0	0.00014896810936551044	13.0	0.00014742906393885096
CASRYIGSGKSYEQYF	3.0	3.437725600742549e-05	3.0	3.402209167819637e-05
CASRYSGYSTNEKLFF	13.0	0.00014896810936551044	13.0	0.00014742906393885096
CASRYTGELFF	19.0	0.00021772262138036144	19.0	0.0002154732472952437
CASSAAFGEQFF	2.0	2.2918170671616993e-05	2.0	2.268139445213092e-05
CASSAAGTETQYF	8.0	9.167268268646796e-05	8.0	9.072557780852368e-05
CASSADLRTEAFF	3.0	3.437725600742549e-05	3.0	3.402209167819637e-05
CASSADPSIRNEQFF	8.0	9.167268268646796e-05	9.0	0.00010206627503458912
CASSADWTGPSSYNEQFF	1.0	1.1459085335808496e-05	1.0	1.1340697226065458e-05
CASSAFELNEQFF	8.0	9.167268268646796e-05	8.0	9.072557780852368e-05
CASSAFGEQYF	4.0	4.583634134323399e-05	4.0	4.536278890426183e-05
CASSAGAHPRETQYF	2.0	2.2918170671616996e-05	2.0	2.268139445213092e-05
CASSAGAVVHGELFF	25.0	0.0002864771333952124	25.0	0.0002835174306516365
CASSAGDPHGEQFF	14.0	0.00016042719470131894	17.0	0.0001927918528431128
CASSAGEDRIYGYTF	3.0	3.437725600742549e-05	3.0	3.402209167819637e-05
CASSAGLAGAGELFF	17.0	0.0001948044507087444	17.0	0.0001927918528431128
CASSAGLAGFPKYF	4.0	4.583634134323399e-05	4.0	4.536278890426183e-05
CASSAGLAGSDTQYF	1.0	1.1459085335808496e-05	1.0	1.1340697226065458e-05
CASSAGLTGELFF	22.0	0.0002520998773877869	22.0	0.0002494953389734401
CASSAGPEGGSYNEQFF	31.0	0.0003552316454100633	31.0	0.0003515616140080292
CASSAGPLNQPQHF	37.0	0.0004239861574249144	37.0	0.000419605797364422
CASSAGPSNQPQHF	10.0	0.00011459085335808496	10.0	0.0001134069722606546
CASSAGPSNQPQHS	1.0	1.1459085335808496e-05	1.0	1.1340697226065458e-05
CASSAGQGFSNQPQHF	1.0	1.1459085335808496e-05	1.0	1.1340697226065458e-05
CASSAGQGGSYGYTF	6.0	6.875451201485098e-05	6.0	6.804418335639275e-05
CASSAGQGIYEQYF	8.0	9.167268268646796e-05	8.0	9.072557780852368e-05
CASSAGQGVTYEQYF	15.0	0.00017188628003712744	15.0	0.00017011045839098192
CASSAGQPHSYF	6.0	6.875451201485098e-05	9.0	0.00010206627503458912
CASSAGRQRQETQYF	1.0	1.1459085335808496e-05	1.0	1.1340697226065458e-05
CASSAGTAYGYTF	14.0	0.00016042719470131894	14.0	0.00015876976116491645
CASSAGTDYYGYTF	20.0	0.00022918170671616992	20.0	0.0002268139445213092
CASSAGTFYEQYF	19.0	0.00021772262138036144	19.0	0.0002154732472952437
CASSAGTGFSNQPQHF	5.0	5.729542667904248e-05	5.0	5.670348613032729e-05
CASSAGTGGFYNSPLHF	2.0	2.2918170671616996e-05	2.0	2.268139445213092e-05
CASSAGTSGMDTQYF	3.0	3.437725600742549e-05	3.0	3.402209167819637e-05
CASSAGTSGSPSYEQYF	2.0	2.2918170671616996e-05	2.0	2.268139445213092e-05
CASSAGTSGVYEQYF	12.0	0.00013750902402970196	12.0	0.0001360883667127855
CASSAGYEAFF	20.0	0.00022918170671616992	20.0	0.0002268139445213092
CASSAHGVGTEAFF	11.0	0.00012604993869389346	11.0	0.00012474766948672005
CASSAHYGYTF	4.0	4.583634134323399e-05	4.0	4.536278890426183e-05
CASSAIGGSGANVLTF	21.0	0.0002406407920519784	21.0	0.00023815464174737464
CASSAKRGLAGTEQFF	2.0	2.2918170671616996e-05	2.0	2.268139445213092e-05
CASSALKRADYEQYF	2.0	2.2918170671616996e-05	2.0	2.268139445213092e-05
CASSALYGEQYF	2.0	2.2918170671616996e-05	2.0	2.268139445213092e-05
CASSANQETQYF	2.0	2.2918170671616996e-05	2.0	2.268139445213092e-05
CASSAPAGGPKPYEQYF	13.0	0.00014896810936551046	13.0	0.00014742906393885096
CASSAPGLYYEQYF	31.0	0.0003552316454100633	31.0	0.0003515616140080292
CASSAPGQVGDYTF	13.0	0.00014896810936551046	14.0	0.00015876976116491645
CASSAPGTANTEAFF	2.0	2.2918170671616996e-05	2.0	2.268139445213092e-05
CASSAPTGGYTF	9.0	0.00010313176802227646	9.0	0.00010206627503458912
CASSAQGGGSYEQYF	719.0	0.008239082356446308	724.0	0.0082106647916713
CASSAQGGTYEQYF	4.0	4.583634134323399e-05	5.0	5.670348613032729e-05
CASSAQNLADLNTGELFF	8.0	9.167268268646796e-05	8.0	9.072557780852368e-05
CASSARDQNTGELFF	10.0	0.00011459085335808496	10.0	0.0001134069722606546
CASSARDQNTRELFF	1.0	1.1459085335808496e-05	1.0	1.1340697226065458e-05
CASSARDRKIPGANVLTF	28.0	0.0003208543894026379	28.0	0.00031753952232983285
CASSAREAGLRETQYF	27.0	0.0003093953040668294	27.0	0.00030619882510376736
CASSARGGRGGEQFF	1.0	1.1459085335808496e-05	1.0	1.1340697226065458e-05
CASSARGRTGSEKLFF	5.0	5.729542667904248e-05	5.0	5.670348613032729e-05
CASSARHDSLQGYTF	10.0	0.00011459085335808496	12.0	0.0001360883667127855
CASSARLAATYEQYF	12.0	0.00013750902402970196	12.0	0.0001360883667127855
CASSARPGFYEQYF	65.0	0.0007448405468275522	65.0	0.0007371453196942548
CASSARQAPFVEGYTF	2.0	2.2918170671616996e-05	2.0	2.268139445213092e-05
CASSARQGMNTEAFF	2.0	2.2918170671616996e-05	2.0	2.268139445213092e-05
CASSARSGLVTSEQYF	2.0	2.2918170671616996e-05	2.0	2.268139445213092e-05
CASSARTGALNSPLHF	34.0	0.0003896089014174889	34.0	0.0003855837056862256
CASSARTSVTNTGELFF	6.0	6.875451201485098e-05	6.0	6.804418335639275e-05
CASSARWNEQFF	1.0	1.1459085335808496e-05	1.0	1.1340697226065458e-05
CASSASAQANEQFF	2.0	2.2918170671616996e-05	2.0	2.268139445213092e-05
CASSASGATNEKLFF	8.0	9.167268268646796e-05	8.0	9.072557780852368e-05
CASSASGGQSSYEQYF	4.0	4.583634134323399e-05	4.0	4.536278890426183e-05
CASSASGNNQPQHF	3.0	3.437725600742549e-05	3.0	3.402209167819637e-05
CASSASGWSYEQYF	13.0	0.00014896810936551044	13.0	0.00014742906393885096
CASSASPNGGGYTF	5.0	5.729542667904248e-05	5.0	5.670348613032729e-05
CASSATGDGYTF	4.0	4.583634134323399e-05	4.0	4.536278890426183e-05
CASSATGGMRGGELFF	5.0	5.7295426679042487e-05	5.0	5.670348613032729e-05
CASSATGSPSPLHF	33.0	0.00037814981608168036	38.0	0.0004309464945904874
CASSATGTSGFAYELYF	1.0	1.1459085335808496e-05	1.0	1.1340697226065458e-05
CASSATGTSGFAYEQYF	5.0	5.729542667904248e-05	5.0	5.670348613032729e-05
CASSATGTSRADTQYF	1.0	1.1459085335808496e-05	1.0	1.1340697226065458e-05
CASSATRSGNEQFF	3.0	3.437725600742549e-05	3.0	3.402209167819637e-05
CASSATSGVYNEQFF	1.0	1.1459085335808496e-05	1.0	1.1340697226065458e-05
CASSATTAWETQYF	6.0	6.875451201485098e-05	6.0	6.804418335639275e-05
CASSAVAGSIYEQFF	16.0	0.00018334536537293597	21.0	0.00023815464174737464
CASSAVGRGNQPQHF	4.0	4.583634134323399e-05	4.0	4.536278890426183e-05
CASSAVSGGYLDTQYF	1.0	1.1459085335808496e-05	1.0	1.1340697226065458e-05
CASSAWGGATEAFF	91.0	0.0010427767655585	91.0	0.0010320034475719
CASSAWKGGEKLFF	4.0	4.583634134323399e-05	4.0	4.536278890426183e-05
CASSDAGGSADTQYF	5.0	5.729542667904248e-05	5.0	5.670348613032729e-05
CASSDALAGGYEQYF	5.0	5.729542667904248e-05	5.0	5.670348613032729e-05
CASSDFGLAGDEQYF	9.0	0.00010313176802227646	9.0	0.00010206627503458912
CASSDFGLAGGPSYEQYF	37.0	0.0004239861574249144	37.0	0.000419605797364422
CASSDFRGPNEQFF	6.0	6.875451201485098e-05	6.0	6.804418335639275e-05
CASSDFVDRTGAYEQYF	53.0	0.0006073315227978503	53.0	0.0006010569529814693
CASSDGGDANYGYTF	7.0	8.021359735065947e-05	7.0	7.938488058245821e-05
CASSDGGGANYGYTF	1.0	1.1459085335808496e-05	1.0	1.1340697226065458e-05
CASSDGGLAPETQYF	56.0	0.0006417087788052758	56.0	0.0006350790446596657
CASSDGGPQETQYF	16.0	0.00018334536537293597	16.0	0.00018145115561704733
CASSDGLSYGYTF	38.0	0.0004354452427607229	38.0	0.0004309464945904874
CASSDGPPDTQYF	2.0	2.2918170671616996e-05	2.0	2.268139445213092e-05
CASSDGPVETQYF	5.0	5.729542667904248e-05	5.0	5.670348613032729e-05
CASSDGRGPTVQYF	3.0	3.437725600742549e-05	3.0	3.402209167819637e-05
CASSDGTLLTDTQYF	1.0	1.1459085335808496e-05	1.0	1.1340697226065458e-05
CASSDIGPPEKLFF	9.0	0.00010313176802227646	9.0	0.00010206627503458912
CASSDINIEQFF	12.0	0.00013750902402970196	12.0	0.00013608836671278552
CASSDKWSSTDTQYF	15.0	0.00017188628003712744	15.0	0.0001701104583909819
CASSDLAGEDSYNEQFF	14.0	0.00016042719470131894	14.0	0.00015876976116491645
CASSDLAGGYNEQFF	1.0	1.1459085335808496e-05	1.0	1.1340697226065458e-05
CASSDLDRGLLNEKLFF	32.0	0.0003666907307458719	32.0	0.00036290231123409467
CASSDLGIGGIATGELFF	2.0	2.2918170671616996e-05	2.0	2.268139445213092e-05
CASSDLTGRSPLHF	4.0	4.583634134323399e-05	5.0	5.670348613032729e-05
CASSDPGLLSGNTIYF	1.0	1.1459085335808496e-05	1.0	1.1340697226065458e-05
CASSDPGQGSYEQYF	1.0	1.1459085335808496e-05	1.0	1.1340697226065458e-05
CASSDPGQGTYEQYF	18.0	0.0002062635360445529	18.0	0.0002041325500691783
CASSDPIAGVKDTQYF	1.0	1.1459085335808496e-05	1.0	1.1340697226065458e-05
CASSDPPLLNEQFF	13.0	0.00014896810936551044	13.0	0.00014742906393885096
CASSDPPTGIRPGANVLTF	1.0	1.1459085335808496e-05	1.0	1.1340697226065458e-05
CASSDPPTGIRSGANVLTF	11.0	0.00012604993869389346	11.0	0.00012474766948672005
CASSDPQVVTGELFF	101.0	0.0011573676189166	102.0	0.0011567511170586
CASSDPRKMNTEAFF	4.0	4.583634134323399e-05	4.0	4.536278890426183e-05
CASSDPRSWGTDTQYF	1.0	1.1459085335808496e-05	1.0	1.1340697226065458e-05
CASSDREAGELFF	9.0	0.00010313176802227646	9.0	0.00010206627503458913
CASSDREGYGYTF	9.0	0.00010313176802227646	10.0	0.0001134069722606546
CASSDRGAYGYTF	2.0	2.2918170671616996e-05	2.0	2.268139445213092e-05
CASSDRGSYGYTF	108.0	0.0012375812162673085	109.0	0.0012361359976411
CASSDRGTGELFF	8.0	9.167268268646796e-05	8.0	9.072557780852368e-05
CASSDRMNTEAFF	15.0	0.00017188628003712744	15.0	0.0001701104583909819
CASSDRTGFYEQYF	3.0	3.437725600742549e-05	3.0	3.402209167819637e-05
CASSDRVHTEAFF	7.0	8.021359735065947e-05	7.0	7.938488058245821e-05
CASSDRWTEAFF	30.0	0.0003437725600742549	30.0	0.00034022091678196373
CASSDSLEQFF	20.0	0.00022918170671616992	20.0	0.0002268139445213092
CASSDSRSPGELFF	43.0	0.0004927406694397653	43.0	0.0004876499807208147
CASSDSSGQETQYF	9.0	0.00010313176802227646	9.0	0.00010206627503458912
CASSDSSRQGTSLPQHF	21.0	0.0002406407920519784	21.0	0.00023815464174737464
CASSDSSSGEYEQYF	7.0	8.021359735065947e-05	7.0	7.938488058245821e-05
CASSDTLAGLGTDTQYF	7.0	8.021359735065947e-05	7.0	7.938488058245821e-05
CASSDVRGRSGNTIYF	6.0	6.875451201485098e-05	6.0	6.804418335639275e-05
CASSDWGRERTDTQYF	3.0	3.437725600742549e-05	3.0	3.402209167819637e-05
CASSDYINTEAFF	19.0	0.00021772262138036144	19.0	0.0002154732472952437
CASSEAGRETQYF	4.0	4.583634134323399e-05	4.0	4.536278890426183e-05
CASSEAKTQYF	31.0	0.0003552316454100633	31.0	0.0003515616140080292
CASSEALRAAGYTF	8.0	9.167268268646796e-05	7.0	7.938488058245821e-05
CASSEAPEMGKLFF	1.0	1.1459085335808496e-05	1.0	1.1340697226065458e-05
CASSEAPRTADTQYF	3.0	3.437725600742549e-05	3.0	3.402209167819637e-05
CASSEARTPGQGIYEQYF	2.0	2.2918170671616996e-05	2.0	2.268139445213092e-05
CASSEAVLIGGYTF	5.0	5.729542667904248e-05	5.0	5.670348613032729e-05
CASSEDGMSGNTIYF	8.0	9.167268268646796e-05	8.0	9.072557780852368e-05
CASSEDMTSGLDEQYF	7.0	8.021359735065947e-05	7.0	7.938488058245821e-05
CASSEDPRDSYNEQFF	2.0	2.2918170671616996e-05	2.0	2.268139445213092e-05
CASSEDRGRFSEAFF	36.0	0.0004125270720891058	35.0	0.00039692440291229104
CASSEEGVNTEAFF	3.0	3.437725600742549e-05	3.0	3.402209167819637e-05
CASSEERLSGYTF	5.0	5.729542667904248e-05	5.0	5.670348613032729e-05
CASSEEVADSSYNEQFF	4.0	4.583634134323399e-05	4.0	4.536278890426183e-05
CASSEFGGELFF	790.0	0.0090526774152887	790.0	0.0089591508085917
CASSEFGGRSPLHF	12.0	0.00013750902402970196	14.0	0.00015876976116491645
CASSEFGQVNEKLFF	2.0	2.2918170671616996e-05	2.0	2.268139445213092e-05
CASSEFGRAYNEQFF	1.0	1.1459085335808496e-05	1.0	1.1340697226065458e-05
CASSEFNEQYF	6.0	6.875451201485098e-05	6.0	6.804418335639275e-05
CASSEFNEVGTEAFF	37.0	0.0004239861574249144	37.0	0.000419605797364422
CASSEFRGGRYEQYF	2.0	2.2918170671616996e-05	2.0	2.268139445213092e-05
CASSEFSTASYEQYF	7.0	8.021359735065947e-05	7.0	7.938488058245821e-05
CASSEFTSGRTYNEQFF	7.0	8.021359735065947e-05	7.0	7.938488058245821e-05
CASSEGFDTQYF	1.0	1.1459085335808496e-05	1.0	1.1340697226065458e-05
CASSEGGAQGRNQPQHF	7.0	8.021359735065947e-05	7.0	7.938488058245821e-05
CASSEGGGSFGYEQYF	3.0	3.437725600742549e-05	3.0	3.402209167819637e-05
CASSEGGGTSGNTIYF	4.0	4.583634134323399e-05	4.0	4.536278890426183e-05
CASSEGGNLRISYEQYF	7.0	8.021359735065947e-05	7.0	7.938488058245821e-05
CASSEGGSYEQYF	15.0	0.00017188628003712744	15.0	0.0001701104583909819
CASSEGGTGELFF	25.0	0.0002864771333952124	24.0	0.000272176733425571
CASSEGLAGGSNTGELFF	9.0	0.00010313176802227646	9.0	0.00010206627503458912
CASSEGLAGLDTQYF	3.0	3.437725600742549e-05	4.0	4.536278890426183e-05
CASSEGQAYEQYF	27.0	0.0003093953040668294	27.0	0.00030619882510376736
CASSEGQGAYYEQYF	73.0	0.0008365132295140202	72.0	0.0008165302002767131
CASSEGQGQNTEAFF	3.0	3.437725600742549e-05	3.0	3.402209167819637e-05
CASSEGQGYEQYF	6.0	6.875451201485098e-05	6.0	6.804418335639275e-05
CASSEGRTYEQYF	4.0	4.583634134323399e-05	4.0	4.536278890426183e-05
CASSEGSYEQYF	5.0	5.729542667904248e-05	5.0	5.670348613032729e-05
CASSEGTGETQYF	8.0	9.167268268646796e-05	8.0	9.072557780852368e-05
CASSEGTGKWYTEAFF	6.0	6.875451201485098e-05	6.0	6.804418335639275e-05
CASSEGTGPQETQYF	3.0	3.437725600742549e-05	3.0	3.402209167819637e-05
CASSEGTRTDTQYF	1.0	1.1459085335808496e-05	1.0	1.1340697226065458e-05
CASSEGTSGSYEQFF	9.0	0.00010313176802227646	9.0	0.00010206627503458912
CASSEGTSGSYGQFF	1.0	1.1459085335808496e-05	1.0	1.1340697226065458e-05
CASSEGTSVQSDTQYF	1.0	1.1459085335808496e-05	1.0	1.1340697226065458e-05
CASSEHLAGVLFF	2.0	2.2918170671616996e-05	2.0	2.268139445213092e-05
CASSEKDRNHEQYF	54.0	0.0006187906081336588	54.0	0.0006123976502075347
CASSEKGTFTDTQYF	1.0	1.1459085335808496e-05	2.0	2.268139445213092e-05
CASSEKKWINSPLHF	11.0	0.00012604993869389346	11.0	0.00012474766948672005
CASSELADTQYF	7.0	8.021359735065947e-05	7.0	7.938488058245821e-05
CASSELAGSLYNEQFF	6.0	6.875451201485098e-05	6.0	6.804418335639275e-05
CASSELDTQYF	2.0	2.2918170671616996e-05	2.0	2.268139445213092e-05
CASSELGGGEFF	5.0	5.729542667904248e-05	5.0	5.670348613032729e-05
CASSELGQTAGQYF	8.0	9.167268268646796e-05	11.0	0.00012474766948672005
CASSELGSAFQETQYF	2.0	2.2918170671616996e-05	2.0	2.268139445213092e-05
CASSELGSAFQGTQYF	1.0	1.1459085335808496e-05	1.0	1.1340697226065458e-05
CASSELGSSPQYF	13.0	0.00014896810936551044	14.0	0.00015876976116491645
CASSELNTEAFF	16.0	0.00018334536537293597	16.0	0.00018145115561704733
CASSELPRLEADTQYF	1.0	1.1459085335808496e-05	1.0	1.1340697226065458e-05
CASSELPSAYNEQFF	10.0	0.00011459085335808496	10.0	0.0001134069722606546
CASSELVSGFYNEQFF	2.0	2.2918170671616996e-05	2.0	2.268139445213092e-05
CASSELWAVLSTSGRQTQYF	3.0	3.437725600742549e-05	3.0	3.402209167819637e-05
CASSELYQPQHF	3.0	3.437725600742549e-05	3.0	3.402209167819637e-05
CASSENIRTGVNYGYTF	19.0	0.00021772262138036144	19.0	0.0002154732472952437
CASSENIRTGVNYSYTF	1.0	1.1459085335808496e-05	1.0	1.1340697226065458e-05
CASSENLYYGYTF	5.0	5.729542667904248e-05	5.0	5.670348613032729e-05
CASSENNEQFF	1.0	1.1459085335808496e-05	1.0	1.1340697226065458e-05
CASSENSNQPQHF	30.0	0.0003437725600742549	30.0	0.00034022091678196373
CASSENWQGAGNTIYF	34.0	0.0003896089014174889	34.0	0.0003855837056862256
CASSEPGTSGYNEQFF	5.0	5.729542667904248e-05	5.0	5.670348613032729e-05
CASSEPLRGQYF	8.0	9.167268268646796e-05	8.0	9.072557780852368e-05
CASSEPLRMLVDYGYTF	7.0	8.021359735065947e-05	7.0	7.938488058245821e-05
CASSEPQSRGYTF	10.0	0.00011459085335808496	10.0	0.0001134069722606546
CASSEQDSLLAKNIQYF	9.0	0.00010313176802227646	9.0	0.00010206627503458912
CASSEQGFSNQPQHF	8.0	9.167268268646796e-05	8.0	9.072557780852368e-05
CASSEQGIYYTF	27.0	0.0003093953040668294	31.0	0.0003515616140080292
CASSEQGNYGYTF	21.0	0.0002406407920519784	21.0	0.00023815464174737464
CASSERAGSEEKLFF	5.0	5.729542667904248e-05	5.0	5.670348613032729e-05
CASSERAGSTDTQYF	6.0	6.875451201485098e-05	6.0	6.804418335639275e-05
CASSERASGRFGAGELFF	4.0	4.583634134323399e-05	4.0	4.536278890426183e-05
CASSERDRGTANYEQYF	5.0	5.729542667904248e-05	5.0	5.670348613032729e-05
CASSERGIGGYTF	2.0	2.2918170671616996e-05	2.0	2.268139445213092e-05
CASSERGTLSKPQHF	6.0	6.875451201485098e-05	6.0	6.804418335639275e-05
CASSERPFSYEQYF	4.0	4.583634134323399e-05	4.0	4.536278890426183e-05
CASSERREQYNEQFF	2.0	2.2918170671616996e-05	2.0	2.268139445213092e-05
CASSERTEGNTIYF	1.0	1.1459085335808496e-05	1.0	1.1340697226065458e-05
CASSERWGGDGNTIYF	4.0	4.583634134323399e-05	4.0	4.536278890426183e-05
CASSERYNEQFF	9.0	0.00010313176802227646	9.0	0.00010206627503458912
CASSESAYNSPLHF	24.0	0.0002750180480594039	24.0	0.000272176733425571
CASSESFSTGEQFF	2.0	2.2918170671616996e-05	2.0	2.268139445213092e-05
CASSESGRAGEQYF	6.0	6.875451201485098e-05	6.0	6.804418335639275e-05
CASSESGRTNSPLHF	8.0	9.167268268646797e-05	8.0	9.072557780852368e-05
CASSESGSADTQYF	2.0	2.2918170671616996e-05	2.0	2.268139445213092e-05
CASSESKTGREQYF	17.0	0.0001948044507087444	17.0	0.0001927918528431128
CASSESLGPVGANVLTF	37.0	0.0004239861574249144	37.0	0.000419605797364422
CASSESPISIYTF	8.0	9.167268268646797e-05	13.0	0.00014742906393885096
CASSESRGRSQPQHF	22.0	0.0002520998773877869	22.0	0.0002494953389734401
CASSESRGTPLHF	40.0	0.00045836341343233984	45.0	0.0005103313751729456
CASSESRRYNSPLHF	26.0	0.00029793621873102093	26.0	0.0002948581278777019
CASSESRYGNSPLHF	53.0	0.0006073315227978503	53.0	0.0006010569529814693
CASSESTDTQYF	8.0	9.167268268646796e-05	8.0	9.072557780852368e-05
CASSETGSYGYTF	7.0	8.021359735065947e-05	7.0	7.938488058245821e-05
CASSETGWGNQPQHF	2.0	2.2918170671616996e-05	2.0	2.268139445213092e-05
CASSETRLAERTGELFF	15.0	0.00017188628003712744	15.0	0.0001701104583909819
CASSETRQGFYGYTF	6.0	6.875451201485098e-05	6.0	6.804418335639275e-05
CASSEVAGGPYNEQFF	13.0	0.00014896810936551044	13.0	0.00014742906393885096
CASSEVASYEQYF	2.0	2.2918170671616996e-05	2.0	2.268139445213092e-05
CASSEVEGRGNYGYTF	9.0	0.00010313176802227646	9.0	0.00010206627503458912
CASSEVMGLTEYSNQPQHF	6.0	6.875451201485098e-05	6.0	6.804418335639275e-05
CASSEVNGELHF	5.0	5.729542667904248e-05	5.0	5.670348613032729e-05
CASSEVPDSGKGEKLFF	3.0	3.437725600742549e-05	3.0	3.402209167819637e-05
CASSEVPQGHYEQYF	9.0	0.00010313176802227646	9.0	0.00010206627503458912
CASSEWAGTRGNEQFF	7.0	8.021359735065947e-05	7.0	7.938488058245821e-05
CASSEWFMNTEAFF	1.0	1.1459085335808496e-05	1.0	1.1340697226065458e-05
CASSEWGPAGNTEAFF	10.0	0.00011459085335808496	11.0	0.00012474766948672005
CASSEWGSTDTQYF	5.0	5.729542667904248e-05	5.0	5.670348613032729e-05
CASSEWVMNTEAFF	21.0	0.0002406407920519784	21.0	0.00023815464174737464
CASSEYQGTTGQYF	7.0	8.021359735065947e-05	10.0	0.0001134069722606546
CASSEYRGGPVETQYF	30.0	0.0003437725600742549	31.0	0.0003515616140080292
CASSEYSSGISYNEQFF	7.0	8.021359735065948e-05	8.0	9.072557780852367e-05
CASSFADTQYF	4.0	4.583634134323399e-05	5.0	5.670348613032729e-05
CASSFAGAYNSPLHF	53.0	0.0006073315227978503	53.0	0.0006010569529814693
CASSFAGDIYEQYF	112.0	0.0012834175576105	112.0	0.0012701580893193
CASSFAGGETQYF	22.0	0.0002520998773877869	22.0	0.0002494953389734401
CASSFAGGGEQYF	4.0	4.583634134323399e-05	4.0	4.536278890426183e-05
CASSFAGGPSEQYF	23.0	0.0002635589627235954	23.0	0.00026083603619950555
CASSFASGFINNEQFF	17.0	0.0001948044507087444	17.0	0.0001927918528431128
CASSFATGANTGELFF	14.0	0.00016042719470131894	14.0	0.00015876976116491643
CASSFCTSGRAPGELFF	1.0	1.1459085335808496e-05	1.0	1.1340697226065458e-05
CASSFDEAYEQYF	18.0	0.0002062635360445529	18.0	0.0002041325500691783
CASSFDEAYERYF	1.0	1.1459085335808496e-05	1.0	1.1340697226065458e-05
CASSFDGSYRYEQYF	24.0	0.0002750180480594039	24.0	0.000272176733425571
CASSFDKLNTEAFF	18.0	0.0002062635360445529	18.0	0.0002041325500691783
CASSFDRGRGGEQFF	12.0	0.00013750902402970196	12.0	0.0001360883667127855
CASSFDRGWTEAFF	2.0	2.2918170671616996e-05	2.0	2.268139445213092e-05
CASSFDRVNSPLHF	4.0	4.5836341343233985e-05	4.0	4.536278890426183e-05
CASSFDRVSKYF	3.0	3.437725600742549e-05	4.0	4.536278890426183e-05
CASSFDWGLEKLFF	9.0	0.00010313176802227646	9.0	0.00010206627503458912
CASSFEGGRGTNYGYTF	5.0	5.729542667904248e-05	5.0	5.670348613032729e-05
CASSFEQTEQFF	10.0	0.00011459085335808496	10.0	0.0001134069722606546
CASSFFDEDTQYF	6.0	6.875451201485098e-05	6.0	6.804418335639275e-05
CASSFFGTSGSNEQFF	8.0	9.167268268646796e-05	8.0	9.072557780852368e-05
CASSFFPRMEGRTDTQYF	5.0	5.729542667904248e-05	5.0	5.670348613032729e-05
CASSFFRDVPSYEQYF	27.0	0.0003093953040668294	27.0	0.00030619882510376736
CASSFFRENGYTF	3.0	3.437725600742549e-05	4.0	4.536278890426183e-05
CASSFFYEQYF	7.0	8.021359735065947e-05	7.0	7.938488058245821e-05
CASSFGAEAFF	2.0	2.2918170671616996e-05	2.0	2.268139445213092e-05
CASSFGAPTHEQFF	4.0	4.583634134323399e-05	4.0	4.536278890426183e-05
CASSFGAQEQYF	10.0	0.00011459085335808496	10.0	0.0001134069722606546
CASSFGASGPLYF	2.0	2.2918170671616996e-05	2.0	2.268139445213092e-05
CASSFGDSSPLHF	1.0	1.1459085335808496e-05	1.0	1.1340697226065458e-05
CASSFGETQYF	17.0	0.0001948044507087444	18.0	0.0002041325500691783
CASSFGGANEKLFF	1.0	1.1459085335808496e-05	1.0	1.1340697226065458e-05
CASSFGGGSYEQYF	44.0	0.0005041997547755738	44.0	0.0004989906779468802
CASSFGGQPQHF	16.0	0.00018334536537293597	16.0	0.00018145115561704733
CASSFGGRATDTQYF	1.0	1.1459085335808496e-05	1.0	1.1340697226065458e-05
CASSFGGRGAYEQYF	77.0	0.0008823495708572542	77.0	0.0008732336864070403
CASSFGGRGEQYF	3.0	3.437725600742549e-05	3.0	3.402209167819637e-05
CASSFGGSGANVLTF	4.0	4.583634134323399e-05	4.0	4.536278890426183e-05
CASSFGGSTDTQYF	1.0	1.1459085335808496e-05	1.0	1.1340697226065458e-05
CASSFGGSWETQYF	8.0	9.167268268646796e-05	8.0	9.072557780852368e-05
CASSFGHNEQFF	1.0	1.1459085335808496e-05	1.0	1.1340697226065458e-05
CASSFGHPLSSYNEQFF	15.0	0.00017188628003712744	15.0	0.0001701104583909819
CASSFGHTEAFF	4.0	4.583634134323399e-05	4.0	4.536278890426183e-05
CASSFGHVNTGELFF	11.0	0.00012604993869389346	11.0	0.00012474766948672005
CASSFGLAGAYNEQFF	2.0	2.2918170671616996e-05	2.0	2.268139445213092e-05
CASSFGLAGGETLSGNEQFF	8.0	9.167268268646796e-05	8.0	9.072557780852368e-05
CASSFGLAGGRDEQFF	1.0	1.1459085335808496e-05	1.0	1.1340697226065458e-05
CASSFGLAGHTDTQYF	5.0	5.729542667904248e-05	5.0	5.670348613032729e-05
CASSFGLAGHTDTQYL	1.0	1.1459085335808496e-05	1.0	1.1340697226065458e-05
CASSFGLAPTDTQYF	42.0	0.0004812815841039568	43.0	0.0004876499807208147
CASSFGLDRSDTQYF	1.0	1.1459085335808496e-05	1.0	1.1340697226065458e-05
CASSFGNSFNEQFF	2.0	2.2918170671616996e-05	3.0	3.402209167819637e-05
CASSFGPNNEQFF	3.0	3.437725600742549e-05	3.0	3.402209167819637e-05
CASSFGQGDTYEQYF	3.0	3.437725600742549e-05	3.0	3.402209167819637e-05
CASSFGQGGFYGYTF	5.0	5.729542667904248e-05	5.0	5.670348613032729e-05
CASSFGQNHQPQHF	2.0	2.2918170671616996e-05	2.0	2.268139445213092e-05
CASSFGRSPYNEQFF	2.0	2.2918170671616996e-05	2.0	2.268139445213092e-05
CASSFGSGITDTQYF	2.0	2.2918170671616996e-05	2.0	2.268139445213092e-05
CASSFGSGNSYEQYF	6.0	6.875451201485098e-05	6.0	6.804418335639275e-05
CASSFGSGRAYNEQFF	29.0	0.00033231347473844635	29.0	0.0003288802195558983
CASSFGSNQPQHF	20.0	0.00022918170671616992	20.0	0.0002268139445213092
CASSFGTSARNEQFF	1.0	1.1459085335808496e-05	1.0	1.1340697226065458e-05
CASSFGTSGSGELFF	19.0	0.00021772262138036144	19.0	0.0002154732472952437
CASSFGVDYEQYF	16.0	0.00018334536537293594	16.0	0.00018145115561704736
CASSFGVLGNTIYF	34.0	0.0003896089014174888	34.0	0.0003855837056862256
CASSFGYGETQYF	51.0	0.0005844133521262333	51.0	0.0005783755585293383
CASSFHRLVGLAEPSYNEQFF	6.0	6.875451201485098e-05	6.0	6.804418335639275e-05
CASSFHRTANYGYTF	11.0	0.00012604993869389346	11.0	0.00012474766948672005
CASSFIAGGPV	4.0	4.583634134323399e-05	5.0	5.670348613032729e-05
CASSFIGSGGGQPQHF	4.0	4.583634134323399e-05	4.0	4.536278890426183e-05
CASSFIVGGYEQYF	17.0	0.0001948044507087444	17.0	0.0001927918528431128
CASSFKAGVYEQCF	1.0	1.1459085335808496e-05	1.0	1.1340697226065458e-05
CASSFKAGVYEQYF	13.0	0.00014896810936551044	12.0	0.0001360883667127855
CASSFKGGGRRDTQYF	10.0	0.00011459085335808496	10.0	0.0001134069722606546
CASSFKSRGGYTF	9.0	0.00010313176802227646	9.0	0.00010206627503458912
CASSFKTNYGYTF	15.0	0.00017188628003712744	15.0	0.0001701104583909819
CASSFLAGGHTGELFF	5.0	5.729542667904248e-05	5.0	5.670348613032729e-05
CASSFLDLLVKTFDEQFF	9.0	0.00010313176802227646	10.0	0.0001134069722606546
CASSFLGGYEKLFF	8.0	9.167268268646796e-05	8.0	9.072557780852368e-05
CASSFLGLGYNEQFF	4.0	4.583634134323399e-05	5.0	5.670348613032729e-05
CASSFLGNEQFF	4.0	4.583634134323399e-05	4.0	4.536278890426183e-05
CASSFLGTGGDTQYF	5.0	5.729542667904248e-05	5.0	5.670348613032729e-05
CASSFLGTNYGYTF	18.0	0.0002062635360445529	18.0	0.0002041325500691783
CASSFLKSEKLFF	5.0	5.729542667904248e-05	5.0	5.670348613032729e-05
CASSFLPGLAHGMSYEQYF	2.0	2.2918170671616996e-05	2.0	2.268139445213092e-05
CASSFLPPPTDTQYF	6.0	6.875451201485098e-05	6.0	6.804418335639275e-05
CASSFLQGAGGYTF	2.0	2.2918170671616996e-05	2.0	2.268139445213092e-05
CASSFLRDRVNYGYTF	6.0	6.875451201485098e-05	6.0	6.804418335639275e-05
CASSFLSEQYF	5.0	5.729542667904248e-05	5.0	5.670348613032729e-05
CASSFLSPGQGGEQYF	18.0	0.0002062635360445529	18.0	0.0002041325500691783
CASSFLSSGRLNTQYF	1.0	1.1459085335808496e-05	1.0	1.1340697226065458e-05
CASSFLTFNSNQPQHF	4.0	4.583634134323399e-05	4.0	4.536278890426183e-05
CASSFLTGTNYGYTF	4.0	4.583634134323399e-05	4.0	4.536278890426183e-05
CASSFLWNTEAFF	28.0	0.0003208543894026379	28.0	0.00031753952232983285
CASSFMGEEGYTF	3.0	3.437725600742549e-05	3.0	3.402209167819637e-05
CASSFMGGNYGYTF	3.0	3.437725600742549e-05	3.0	3.402209167819637e-05
CASSFMTGTNYGYTF	1.0	1.1459085335808496e-05	1.0	1.1340697226065458e-05
CASSFNRIYEQYF	21.0	0.0002406407920519784	21.0	0.00023815464174737464
CASSFPGELFF	19.0	0.00021772262138036144	19.0	0.0002154732472952437
CASSFPGQASYEQYF	7.0	8.021359735065948e-05	7.0	7.93848805824582e-05
CASSFPGTDTQYF	8.0	9.167268268646796e-05	8.0	9.072557780852368e-05
CASSFPRLDRQGWSSEAFF	13.0	0.00014896810936551044	13.0	0.00014742906393885096
CASSFPTAANYGYTF	10.0	0.00011459085335808496	10.0	0.0001134069722606546
CASSFPTTGFGYNTEAFF	1.0	1.1459085335808496e-05	1.0	1.1340697226065458e-05
CASSFQDRSGIYSNQPQHF	3.0	3.437725600742549e-05	3.0	3.402209167819637e-05
CASSFQDSSGNTIYF	3.0	3.437725600742549e-05	3.0	3.402209167819637e-05
CASSFQGNSLEQFF	6.0	6.875451201485098e-05	7.0	7.938488058245821e-05
CASSFQRDYEQYF	14.0	0.00016042719470131894	14.0	0.00015876976116491645
CASSFQSSYNEQFF	2.0	2.2918170671616996e-05	2.0	2.268139445213092e-05
CASSFRAHNEQFF	2.0	2.2918170671616996e-05	2.0	2.268139445213092e-05
CASSFRAPGELFF	18.0	0.0002062635360445529	18.0	0.0002041325500691783
CASSFRATAGLHNEQFF	8.0	9.167268268646796e-05	9.0	0.00010206627503458912
CASSFRDLRGGYTF	48.0	0.0005500360961188078	48.0	0.000544353466851142
CASSFRDRGLGTEAFF	3.0	3.437725600742549e-05	3.0	3.402209167819637e-05
CASSFRDSVVGTQYF	7.0	8.021359735065947e-05	7.0	7.938488058245821e-05
CASSFREDQPQHF	2.0	2.2918170671616996e-05	2.0	2.268139445213092e-05
CASSFREKLFF	9.0	0.00010313176802227646	9.0	0.00010206627503458912
CASSFRGAGANVLTF	6.0	6.875451201485098e-05	6.0	6.804418335639275e-05
CASSFRGNYGYTF	13.0	0.00014896810936551044	13.0	0.00014742906393885096
CASSFRGSGANVLTF	17.0	0.0001948044507087444	17.0	0.0001927918528431128
CASSFRGWDTEAFF	54.0	0.0006187906081336588	54.0	0.0006123976502075347
CASSFRGYEQYF	16.0	0.00018334536537293597	16.0	0.00018145115561704733
CASSFRKGIGYTF	7.0	8.021359735065947e-05	8.0	9.072557780852368e-05
CASSFRLGGRAGDTQYF	16.0	0.00018334536537293597	16.0	0.00018145115561704733
CASSFRNGAYGYTF	11.0	0.00012604993869389346	11.0	0.00012474766948672005
CASSFRPSSYNSPLHF	22.0	0.0002520998773877869	22.0	0.0002494953389734401
CASSFRQGTEAFF	1.0	1.1459085335808496e-05	1.0	1.1340697226065458e-05
CASSFRQGYEQYF	7.0	8.021359735065947e-05	7.0	7.938488058245821e-05
CASSFRTGVNEQFF	12.0	0.00013750902402970196	12.0	0.0001360883667127855
CASSFRTSGRAPGELFF	8.0	9.167268268646796e-05	8.0	9.072557780852368e-05
CASSFRVSSYEQYF	8.0	9.167268268646796e-05	8.0	9.072557780852368e-05
CASSFRWGLAGRNEQFF	2.0	2.2918170671616996e-05	2.0	2.268139445213092e-05
CASSFRYNEQFF	8.0	9.167268268646796e-05	8.0	9.072557780852368e-05
CASSFSADANYGYTF	18.0	0.0002062635360445529	18.0	0.0002041325500691783
CASSFSANTEAFF	2.0	2.2918170671616996e-05	2.0	2.268139445213092e-05
CASSFSERNNEQFF	7.0	8.021359735065947e-05	7.0	7.938488058245821e-05
CASSFSGALQTQYF	9.0	0.00010313176802227646	9.0	0.00010206627503458912
CASSFSGAPGDTQYF	1.0	1.1459085335808496e-05	1.0	1.1340697226065458e-05
CASSFSGGEVNTIYF	2.0	2.2918170671616996e-05	2.0	2.268139445213092e-05
CASSFSGGGNSPLHF	5.0	5.729542667904248e-05	5.0	5.670348613032729e-05
CASSFSGGLDYEQYF	3.0	3.437725600742549e-05	3.0	3.402209167819637e-05
CASSFSGNGGTGELFF	1.0	1.1459085335808496e-05	1.0	1.1340697226065458e-05
CASSFSGRHYNEQFF	1.0	1.1459085335808496e-05	1.0	1.1340697226065458e-05
CASSFSGTERDEQYF	36.0	0.0004125270720891058	36.0	0.0004082651001383565
CASSFSGTLQTQYF	1.0	1.1459085335808496e-05	1.0	1.1340697226065458e-05
CASSFSGWVEKLFF	10.0	0.00011459085335808496	10.0	0.0001134069722606546
CASSFSGYTGELFF	4.0	4.583634134323399e-05	4.0	4.536278890426183e-05
CASSFSKQLTYNEQFF	3.0	3.437725600742549e-05	3.0	3.402209167819637e-05
CASSFSPKPNGYTF	1.0	1.1459085335808496e-05	1.0	1.1340697226065458e-05
CASSFSPRYEQFF	16.0	0.00018334536537293597	16.0	0.00018145115561704733
CASSFSQGAYNEQFF	5.0	5.729542667904248e-05	5.0	5.670348613032729e-05
CASSFSRAEQYF	15.0	0.00017188628003712744	15.0	0.0001701104583909819
CASSFSRSYEQYF	32.0	0.0003666907307458719	32.0	0.00036290231123409467
CASSFTAEGTQYF	2.0	2.2918170671616996e-05	2.0	2.268139445213092e-05
CASSFTASSANEQFF	7.0	8.021359735065947e-05	7.0	7.938488058245821e-05
CASSFTGEVNEQFF	13.0	0.00014896810936551044	13.0	0.00014742906393885096
CASSFTGGTEAFF	1.0	1.1459085335808496e-05	1.0	1.1340697226065458e-05
CASSFTGNTEAFF	66.0	0.0007562996321633607	66.0	0.0007484860169203202
CASSFTGTGAYEQYF	7.0	8.021359735065947e-05	7.0	7.938488058245821e-05
CASSFTPLSGRRYEQYF	9.0	0.00010313176802227646	9.0	0.00010206627503458912
CASSFTRNQPQHF	2.0	2.2918170671616996e-05	2.0	2.268139445213092e-05
CASSFTRRLASRSYEQYF	3.0	3.437725600742549e-05	3.0	3.402209167819637e-05
CASSFTSAGGGEQYF	6.0	6.875451201485098e-05	6.0	6.804418335639275e-05
CASSFTSGTPYEQYF	20.0	0.00022918170671616992	20.0	0.0002268139445213092
CASSFTSSGANVLTF	15.0	0.00017188628003712744	15.0	0.0001701104583909819
CASSFVGNNEQFF	9.0	0.00010313176802227646	9.0	0.00010206627503458912
CASSFWAANPYEQYF	7.0	8.021359735065947e-05	7.0	7.938488058245821e-05
CASSFWFREEAFF	26.0	0.0002979362187310209	26.0	0.0002948581278777019
CASSFWGTGELFF	3.0	3.437725600742549e-05	3.0	3.402209167819637e-05
CASSFWSYEQYF	4.0	4.583634134323399e-05	4.0	4.536278890426183e-05
CASSFYGGQDTEAFF	1.0	1.1459085335808496e-05	1.0	1.1340697226065458e-05
CASSFYGTYEQYF	12.0	0.00013750902402970196	12.0	0.0001360883667127855
CASSFYRGQDTEAFF	22.0	0.00025209987738778687	22.0	0.0002494953389734401
CASSFYRGRFRGYTF	7.0	8.021359735065947e-05	7.0	7.938488058245821e-05
CASSFYSSAEAFF	8.0	9.167268268646796e-05	8.0	9.072557780852368e-05
CASSFYTGWSQTQYF	2.0	2.2918170671616996e-05	2.0	2.268139445213092e-05
CASSGAGRRTYNEQFF	6.0	6.875451201485098e-05	6.0	6.804418335639275e-05
CASSGAGWSSPLHF	5.0	5.729542667904248e-05	5.0	5.670348613032729e-05
CASSGASNSPLHF	42.0	0.0004812815841039568	44.0	0.0004989906779468802
CASSGASSNQPQHF	46.0	0.0005271179254471908	46.0	0.0005216720723990111
CASSGDLYEQYF	7.0	8.021359735065947e-05	8.0	9.072557780852368e-05
CASSGDSYEQYF	3.0	3.437725600742549e-05	3.0	3.402209167819637e-05
CASSGEGPSYEQYF	2.0	2.2918170671616996e-05	2.0	2.268139445213092e-05
CASSGESLGYGYTF	9.0	0.00010313176802227646	9.0	0.00010206627503458912
CASSGEVVPTNEKLFF	61.0	0.0006990042054843183	61.0	0.000691782530789993
CASSGGGGTEAFF	6.0	6.875451201485098e-05	6.0	6.804418335639275e-05
CASSGGGPQHF	15.0	0.00017188628003712744	15.0	0.0001701104583909819
CASSGGISTDTQYF	9.0	0.00010313176802227646	9.0	0.00010206627503458912
CASSGGLAVNTGELFF	11.0	0.00012604993869389346	11.0	0.00012474766948672005
CASSGGNRRGNEQFF	1.0	1.1459085335808496e-05	1.0	1.1340697226065458e-05
CASSGGPGTQYF	33.0	0.0003781498160816804	34.0	0.0003855837056862256
CASSGGPTGNQPQHF	2.0	2.2918170671616996e-05	2.0	2.268139445213092e-05
CASSGGQGYNEQFF	3.0	3.437725600742549e-05	3.0	3.402209167819637e-05
CASSGGQVSYRVSSYNEQFF	2.0	2.2918170671616996e-05	2.0	2.268139445213092e-05
CASSGGRGSYNEQFF	30.0	0.0003437725600742549	30.0	0.00034022091678196373
CASSGGTALQETQYF	5.0	5.729542667904248e-05	5.0	5.670348613032729e-05
CASSGGYSSTDTQYF	2.0	2.2918170671616996e-05	2.0	2.268139445213092e-05
CASSGHTDTQYF	6.0	6.875451201485098e-05	6.0	6.804418335639275e-05
CASSGIQGAYEQYF	1.0	1.1459085335808496e-05	1.0	1.1340697226065458e-05
CASSGIQGVYEQYF	7.0	8.021359735065947e-05	7.0	7.938488058245821e-05
CASSGLAEDAWDF	2.0	2.2918170671616996e-05	2.0	2.268139445213092e-05
CASSGLAGGGTEQFF	3.0	3.437725600742549e-05	3.0	3.402209167819637e-05
CASSGLAGGLSSYNEQFF	8.0	9.167268268646796e-05	8.0	9.072557780852368e-05
CASSGLAGGLYEQYF	42.0	0.0004812815841039568	42.0	0.0004763092834947493
CASSGLATNTGELFF	3.0	3.437725600742549e-05	3.0	3.402209167819637e-05
CASSGLAWPYEQYF	4.0	4.583634134323399e-05	4.0	4.536278890426183e-05
CASSGLEETQYF	51.0	0.0005844133521262333	51.0	0.0005783755585293383
CASSGLGHLNTEAFF	1.0	1.1459085335808496e-05	1.0	1.1340697226065458e-05
CASSGLGRGYGYTF	14.0	0.00016042719470131897	14.0	0.00015876976116491643
CASSGLLIGYTF	1.0	1.1459085335808496e-05	1.0	1.1340697226065458e-05
CASSGLPGQGFGYTF	12.0	0.00013750902402970196	13.0	0.00014742906393885096
CASSGLPYNEQFF	7.0	8.021359735065947e-05	7.0	7.938488058245821e-05
CASSGLRDSNIQYF	3.0	3.437725600742549e-05	4.0	4.536278890426183e-05
CASSGLSGIGYTF	3.0	3.437725600742549e-05	3.0	3.402209167819637e-05
CASSGLSGVSYEQYF	19.0	0.00021772262138036144	19.0	0.0002154732472952437
CASSGLTQTRGNTIYF	8.0	9.167268268646796e-05	8.0	9.072557780852368e-05
CASSGLVETQYF	24.0	0.0002750180480594039	25.0	0.0002835174306516365
CASSGLVYEQYF	8.0	9.167268268646796e-05	8.0	9.072557780852368e-05
CASSGPGPGYTF	1.0	1.1459085335808496e-05	1.0	1.1340697226065458e-05
CASSGPTGIGRNQPQHF	3.0	3.437725600742549e-05	3.0	3.402209167819637e-05
CASSGQGNEQYF	5.0	5.729542667904248e-05	5.0	5.670348613032729e-05
CASSGQLSGANILTF	1.0	1.1459085335808496e-05	1.0	1.1340697226065458e-05
CASSGQLSGANVLTF	7.0	8.021359735065948e-05	7.0	7.93848805824582e-05
CASSGQQNQPQHF	2.0	2.2918170671616996e-05	2.0	2.268139445213092e-05
CASSGQSSYNEQFF	26.0	0.0002979362187310209	26.0	0.0002948581278777019
CASSGRAANTGELFF	14.0	0.00016042719470131894	14.0	0.00015876976116491645
CASSGREIIGELFF	6.0	6.875451201485098e-05	6.0	6.804418335639275e-05
CASSGRGYTDTQYF	1.0	1.1459085335808496e-05	1.0	1.1340697226065458e-05
CASSGRLAGVYNEQFF	2.0	2.2918170671616996e-05	3.0	3.402209167819637e-05
CASSGRQGSNQPQHF	212.0	0.0024293260911914	212.0	0.0024042278119258
CASSGRTGSSGNTIYF	2.0	2.2918170671616996e-05	2.0	2.268139445213092e-05
CASSGSFNTEAFF	25.0	0.0002864771333952124	25.0	0.0002835174306516365
CASSGSGDEQFF	7.0	8.021359735065947e-05	11.0	0.00012474766948672005
CASSGSGSNSPLHF	2.0	2.2918170671616996e-05	2.0	2.268139445213092e-05
CASSGSGSSAYEQYF	2.0	2.2918170671616996e-05	2.0	2.268139445213092e-05
CASSGSTFEEQYF	29.0	0.00033231347473844635	30.0	0.00034022091678196373
CASSGTGGNQPQHF	10.0	0.00011459085335808496	10.0	0.0001134069722606546
CASSGTGGNQSQHF	1.0	1.1459085335808496e-05	1.0	1.1340697226065458e-05
CASSGTGRNQPQHF	4.0	4.583634134323399e-05	4.0	4.536278890426183e-05
CASSGTPNTEAFF	6.0	6.875451201485098e-05	6.0	6.804418335639275e-05
CASSGTPRGPQHF	1.0	1.1459085335808496e-05	1.0	1.1340697226065458e-05
CASSGTTGLGELFF	1.0	1.1459085335808496e-05	1.0	1.1340697226065458e-05
CASSGTVGNSPLHF	4.0	4.5836341343233985e-05	4.0	4.536278890426183e-05
CASSGVGGEQYF	2.0	2.2918170671616996e-05	2.0	2.268139445213092e-05
CASSGVIAGELYNEQFF	3.0	3.437725600742549e-05	3.0	3.402209167819637e-05
CASSGYEQYF	7.0	8.021359735065947e-05	7.0	7.938488058245821e-05
CASSGYRGQGKNIQYF	1.0	1.1459085335808496e-05	1.0	1.1340697226065458e-05
CASSHARPLGGRVETQYF	10.0	0.00011459085335808496	10.0	0.0001134069722606546
CASSHATRGYTF	9.0	0.00010313176802227646	9.0	0.00010206627503458912
CASSHDRGVQYF	2.0	2.2918170671616996e-05	6.0	6.804418335639275e-05
CASSHETGGEAFF	27.0	0.0003093953040668294	27.0	0.00030619882510376736
CASSHGISYEQYF	18.0	0.0002062635360445529	18.0	0.0002041325500691783
CASSHGLAGSLEQFF	10.0	0.00011459085335808496	13.0	0.00014742906393885096
CASSHGLAGVTGELFF	10.0	0.00011459085335808496	10.0	0.0001134069722606546
CASSHGTGGSYEQYF	6.0	6.875451201485098e-05	6.0	6.804418335639275e-05
CASSHGTLNTEAFF	33.0	0.0003781498160816804	33.0	0.0003742430084601601
CASSHHLGQGKNIQYF	4.0	4.583634134323399e-05	5.0	5.670348613032729e-05
CASSHHRSSGGAYNEQFF	13.0	0.00014896810936551044	13.0	0.00014742906393885096
CASSHKPGQGYEQYF	1.0	1.1459085335808496e-05	1.0	1.1340697226065458e-05
CASSHLFQLAVTETNYGHTF	1.0	1.1459085335808496e-05	1.0	1.1340697226065458e-05
CASSHLFQLAVTETNYGYTF	7.0	8.021359735065947e-05	7.0	7.938488058245821e-05
CASSHLGQDGSGANVLTF	19.0	0.00021772262138036144	19.0	0.0002154732472952437
CASSHLPGLETQYF	30.0	0.0003437725600742549	30.0	0.00034022091678196373
CASSHMGDFNIQYF	1.0	1.1459085335808496e-05	1.0	1.1340697226065458e-05
CASSHNLGSGDGANVLTF	17.0	0.0001948044507087444	17.0	0.0001927918528431128
CASSHPGLAGQRFF	6.0	6.875451201485098e-05	6.0	6.804418335639275e-05
CASSHPGLNAYEQYF	413.0	0.0047326022436889	413.0	0.004683707954365
CASSHPGTGMIEQFF	7.0	8.021359735065947e-05	7.0	7.938488058245821e-05
CASSHPLANQETQYF	16.0	0.00018334536537293597	16.0	0.00018145115561704733
CASSHPLQGHRGELFF	23.0	0.0002635589627235954	23.0	0.00026083603619950555
CASSHPLRPYEQFF	7.0	8.021359735065947e-05	7.0	7.938488058245821e-05
CASSHPNRGQATEAFF	27.0	0.0003093953040668294	27.0	0.00030619882510376736
CASSHQGIQETQYF	7.0	8.021359735065947e-05	7.0	7.938488058245821e-05
CASSHQLLGQGDYEQYF	9.0	0.00010313176802227646	9.0	0.00010206627503458912
CASSHQTGEWSTDTQYF	5.0	5.729542667904248e-05	5.0	5.670348613032729e-05
CASSHQTGGGETQYF	3.0	3.437725600742549e-05	3.0	3.402209167819637e-05
CASSHRGGANVLTF	2.0	2.2918170671616996e-05	2.0	2.268139445213092e-05
CASSHRLGNEQFF	7.0	8.021359735065947e-05	8.0	9.072557780852368e-05
CASSHSANYGYTF	2.0	2.2918170671616996e-05	2.0	2.268139445213092e-05
CASSHSATGESYEQYF	11.0	0.00012604993869389346	11.0	0.00012474766948672005
CASSHSDDQNEKLFF	3.0	3.437725600742549e-05	3.0	3.402209167819637e-05
CASSHSGSAEQYF	5.0	5.729542667904248e-05	5.0	5.670348613032729e-05
CASSHSNQPQHF	2.0	2.2918170671616996e-05	2.0	2.268139445213092e-05
CASSHSQGAGAKNIQYF	2.0	2.2918170671616996e-05	2.0	2.268139445213092e-05
CASSHSTSGRAYEQYF	11.0	0.00012604993869389346	11.0	0.00012474766948672005
CASSHTPGLAGETQYF	2.0	2.2918170671616996e-05	3.0	3.402209167819637e-05
CASSHVQGEQFF	2.0	2.2918170671616996e-05	2.0	2.268139445213092e-05
CASSHWPETQYF	69.0	0.0007906768881707862	69.0	0.0007825081085985166
CASSIAGATSEQYF	9.0	0.00010313176802227646	9.0	0.00010206627503458912
CASSIAGGSYNEQFF	10.0	0.00011459085335808496	10.0	0.00011340697226065459
CASSIAGTGYEQYF	17.0	0.0001948044507087444	17.0	0.0001927918528431128
CASSIAPLLSGANVLTF	11.0	0.00012604993869389346	11.0	0.00012474766948672005
CASSIARGKVETQYF	6.0	6.875451201485098e-05	6.0	6.804418335639275e-05
CASSIASGDYEQYF	19.0	0.00021772262138036144	19.0	0.0002154732472952437
CASSIASGSYNEQFF	24.0	0.0002750180480594039	24.0	0.000272176733425571
CASSIATLQPQHF	1.0	1.1459085335808496e-05	1.0	1.1340697226065458e-05
CASSIDGIYEQYF	4.0	4.583634134323399e-05	4.0	4.536278890426183e-05
CASSIDGRGIHYGYTF	12.0	0.00013750902402970196	12.0	0.0001360883667127855
CASSIDYRGRTGELFF	2.0	2.2918170671616996e-05	2.0	2.268139445213092e-05
CASSIEGGDYGYTF	2.0	2.2918170671616996e-05	2.0	2.268139445213092e-05
CASSIEGRTGELFF	3.0	3.437725600742549e-05	3.0	3.402209167819637e-05
CASSIEGYPNEKLFF	7.0	8.021359735065948e-05	7.0	7.93848805824582e-05
CASSIEPSGGELFF	10.0	0.00011459085335808496	10.0	0.00011340697226065457
CASSIEVSNYGYTF	4.0	4.583634134323399e-05	4.0	4.536278890426183e-05
CASSIFSAADTEAFF	1.0	1.1459085335808496e-05	1.0	1.1340697226065458e-05
CASSIFVEGTEAFF	8.0	9.167268268646796e-05	8.0	9.072557780852368e-05
CASSIGEGNSPLHF	34.0	0.0003896089014174889	33.0	0.0003742430084601601
CASSIGEKYNEQFF	1.0	1.1459085335808496e-05	1.0	1.1340697226065458e-05
CASSIGENGETQYF	15.0	0.00017188628003712744	15.0	0.0001701104583909819
CASSIGGGLANEKLFF	8.0	9.167268268646796e-05	9.0	0.00010206627503458912
CASSIGGQGWQPQHF	4.0	4.583634134323399e-05	4.0	4.536278890426183e-05
CASSIGLAASTDTQYF	1.0	1.1459085335808496e-05	1.0	1.1340697226065458e-05
CASSIGPRSRTVRGYSNQPQHF	10.0	0.00011459085335808496	10.0	0.0001134069722606546
CASSIGQGPYEQYF	18.0	0.0002062635360445529	18.0	0.00020413255006917827
CASSIGQQPQHF	22.0	0.0002520998773877869	22.0	0.0002494953389734401
CASSIGRETQETQYF	16.0	0.00018334536537293597	16.0	0.00018145115561704733
CASSIGSGAWNIQYF	2.0	2.2918170671616996e-05	2.0	2.268139445213092e-05
CASSIGSSGSYEQYF	5.0	5.729542667904248e-05	5.0	5.670348613032729e-05
CASSIGTANTGELFF	16.0	0.00018334536537293597	16.0	0.00018145115561704733
CASSIGTGNTGELFF	8.0	9.167268268646796e-05	8.0	9.072557780852368e-05
CASSIGTGTGNTIYF	1.0	1.1459085335808496e-05	1.0	1.1340697226065458e-05
CASSIGTSGNNDQFF	1.0	1.1459085335808496e-05	1.0	1.1340697226065458e-05
CASSIGTSGNNEQFF	5.0	5.729542667904248e-05	5.0	5.670348613032729e-05
CASSIGTSGRPNTGELFF	2.0	2.2918170671616996e-05	2.0	2.268139445213092e-05
CASSIGTTAGGQFF	2.0	2.2918170671616996e-05	2.0	2.268139445213092e-05
CASSIGWQSYGYTF	7.0	8.021359735065947e-05	8.0	9.072557780852368e-05
CASSIIDGYEQYF	6.0	6.875451201485098e-05	6.0	6.804418335639275e-05
CASSIIKTGLYNEQFF	3.0	3.437725600742549e-05	3.0	3.402209167819637e-05
CASSILADNEQFF	3.0	3.437725600742549e-05	3.0	3.402209167819637e-05
CASSILAGRETQYF	4.0	4.583634134323399e-05	4.0	4.536278890426183e-05
CASSILAGRGTQYF	1.0	1.1459085335808496e-05	1.0	1.1340697226065458e-05
CASSILAGVYEQYF	9.0	0.00010313176802227646	9.0	0.00010206627503458912
CASSILAGYNEQFF	7.0	8.021359735065947e-05	7.0	7.938488058245821e-05
CASSILASGRALGELFF	7.0	8.021359735065947e-05	7.0	7.938488058245821e-05
CASSILAVHPSTDTQYF	2.0	2.2918170671616996e-05	2.0	2.268139445213092e-05
CASSILGLSTDTQYF	3.0	3.437725600742549e-05	4.0	4.536278890426183e-05
CASSILGMTTHEQFF	2.0	2.2918170671616996e-05	2.0	2.268139445213092e-05
CASSILNYGYTF	5.0	5.729542667904248e-05	5.0	5.670348613032729e-05
CASSILTGGPGELFF	4.0	4.583634134323399e-05	4.0	4.536278890426183e-05
CASSILWTVNTEAFF	5.0	5.729542667904248e-05	5.0	5.670348613032729e-05
CASSIMTSGSHLTQYF	3.0	3.437725600742549e-05	3.0	3.402209167819637e-05
CASSINRGDEQFF	3.0	3.437725600742549e-05	3.0	3.402209167819637e-05
CASSINRGTGFEKLFF	28.0	0.0003208543894026379	28.0	0.00031753952232983285
CASSIPEDTTAYEQYF	5.0	5.729542667904248e-05	5.0	5.670348613032729e-05
CASSIPGLAGVGEETQYF	98.0	0.0011229903629092	100.0	0.0011340697226065
CASSIPRTSGANEQFF	187.0	0.0021428489577961	189.0	0.0021433917757263
CASSIPSGRALVDSYEQHF	1.0	1.1459085335808496e-05	1.0	1.1340697226065458e-05
CASSIPSGRALVDSYEQYF	13.0	0.00014896810936551044	13.0	0.00014742906393885096
CASSIPSGSLEADTQYF	1.0	1.1459085335808496e-05	1.0	1.1340697226065458e-05
CASSIQDYNQPQHF	7.0	8.021359735065947e-05	7.0	7.938488058245821e-05
CASSIQEGAGETQYF	8.0	9.167268268646796e-05	8.0	9.072557780852368e-05
CASSIRAGHRTDTQYF	14.0	0.00016042719470131894	14.0	0.00015876976116491645
CASSIRDKGNQPQHF	2.0	2.2918170671616996e-05	2.0	2.268139445213092e-05
CASSIREGLAGGNEQFF	3.0	3.437725600742549e-05	3.0	3.402209167819637e-05
CASSIREGSNQPQHF	2.0	2.2918170671616996e-05	2.0	2.268139445213092e-05
CASSIRLADSYEQYF	5.0	5.729542667904248e-05	5.0	5.670348613032729e-05
CASSIRLAGEKEQYF	6.0	6.875451201485098e-05	6.0	6.804418335639275e-05
CASSIRPSGRGNTQYF	1.0	1.1459085335808496e-05	1.0	1.1340697226065458e-05
CASSIRPSPSSGETQYF	11.0	0.00012604993869389346	11.0	0.00012474766948672005
CASSIRTGGSSYNEQFF	5.0	5.729542667904248e-05	5.0	5.670348613032729e-05
CASSIRTGPAGNQPQHF	15.0	0.00017188628003712744	15.0	0.0001701104583909819
CASSIRTGPGYEQYF	1.0	1.1459085335808496e-05	1.0	1.1340697226065458e-05
CASSIRVVYNEQFF	11.0	0.00012604993869389346	11.0	0.00012474766948672005
CASSISATTDTQYF	2.0	2.2918170671616996e-05	2.0	2.268139445213092e-05
CASSISGGAGNSPLHF	11.0	0.00012604993869389346	11.0	0.00012474766948672005
CASSISGNSYNEQFF	2.0	2.2918170671616996e-05	2.0	2.268139445213092e-05
CASSISGQGAYEQYF	7.0	8.021359735065947e-05	7.0	7.938488058245821e-05
CASSISGRAGYEQYF	9.0	0.00010313176802227646	9.0	0.00010206627503458912
CASSISGRALDTQYF	6.0	6.875451201485098e-05	6.0	6.804418335639275e-05
CASSISGRDNEQFF	2.0	2.2918170671616996e-05	2.0	2.268139445213092e-05
CASSISGSSRYEQYF	5.0	5.729542667904248e-05	5.0	5.670348613032729e-05
CASSISGTRGYSNQPQHF	4.0	4.583634134323399e-05	4.0	4.536278890426183e-05
CASSISPGTGMSGYTF	6.0	6.875451201485098e-05	6.0	6.804418335639275e-05
CASSISRSGSNEQFF	6.0	6.875451201485098e-05	6.0	6.804418335639275e-05
CASSISSGRARDEQFF	14.0	0.00016042719470131894	14.0	0.00015876976116491645
CASSISVRETQYF	20.0	0.00022918170671616992	21.0	0.00023815464174737464
CASSITGGCYTF	1.0	1.1459085335808496e-05	1.0	1.1340697226065458e-05
CASSITGGGYTF	19.0	0.00021772262138036144	19.0	0.0002154732472952437
CASSITGHGDYYEQYF	10.0	0.00011459085335808496	10.0	0.0001134069722606546
CASSITGTGLGGYTF	153.0	0.0017532400563786	154.0	0.001746467372814
CASSITLSGRGADTQYF	5.0	5.729542667904248e-05	5.0	5.670348613032729e-05
CASSITRLPVTDTQYF	8.0	9.167268268646796e-05	8.0	9.072557780852368e-05
CASSITSGSGEQFF	3.0	3.437725600742549e-05	3.0	3.402209167819637e-05
CASSITSGSYNEQFF	3.0	3.437725600742549e-05	3.0	3.402209167819637e-05
CASSITSGSYNEQLF	1.0	1.1459085335808496e-05	1.0	1.1340697226065458e-05
CASSIVGATSEQYF	1.0	1.1459085335808496e-05	1.0	1.1340697226065458e-05
CASSIVGGRPHNEQFF	8.0	9.167268268646796e-05	8.0	9.072557780852368e-05
CASSIVGNEQFF	1.0	1.1459085335808496e-05	1.0	1.1340697226065458e-05
CASSIVGSGNNEQFF	2.0	2.2918170671616996e-05	2.0	2.268139445213092e-05
CASSIVGTGATYEQYF	14.0	0.00016042719470131894	14.0	0.00015876976116491645
CASSIVLAGADNEQFF	5.0	5.729542667904248e-05	5.0	5.670348613032729e-05
CASSIVPPGQGTSPLHF	20.0	0.00022918170671616992	22.0	0.0002494953389734401
CASSIWGRAHEQFF	10.0	0.00011459085335808496	10.0	0.0001134069722606546
CASSIYTGQLYEQYF	4.0	4.583634134323399e-05	4.0	4.536278890426183e-05
CASSKAGVMNTEAFF	2.0	2.2918170671616996e-05	2.0	2.268139445213092e-05
CASSKAREQFF	18.0	0.0002062635360445529	18.0	0.0002041325500691783
CASSKARGAYNEQFF	1.0	1.1459085335808496e-05	1.0	1.1340697226065458e-05
CASSKDRGSYEQYF	2.0	2.2918170671616996e-05	2.0	2.268139445213092e-05
CASSKDTEAFF	58.0	0.0006646269494768927	62.0	0.0007031232280160585
CASSKEGAGNTEAFF	1.0	1.1459085335808496e-05	1.0	1.1340697226065458e-05
CASSKGLAFTDTQYF	1.0	1.1459085335808496e-05	1.0	1.1340697226065458e-05
CASSKGLAGAEYETQYF	8.0	9.167268268646796e-05	8.0	9.072557780852368e-05
CASSKGLAGRVYEQYF	28.0	0.0003208543894026379	28.0	0.00031753952232983285
CASSKGQGEAGANVLTF	40.0	0.00045836341343233984	39.0	0.0004422871918165529
CASSKGTGYTF	5.0	5.729542667904248e-05	7.0	7.938488058245821e-05
CASSKGYLLDSPLHF	2.0	2.2918170671616996e-05	2.0	2.268139445213092e-05
CASSKHYQETQYF	27.0	0.0003093953040668294	27.0	0.00030619882510376736
CASSKLAGALDTQYF	11.0	0.00012604993869389346	11.0	0.00012474766948672005
CASSKLTRLTGELFF	14.0	0.00016042719470131894	14.0	0.00015876976116491645
CASSKPADLRTPLHF	7.0	8.021359735065948e-05	8.0	9.072557780852368e-05
CASSKPASGSKWNTGELFF	10.0	0.00011459085335808496	10.0	0.00011340697226065457
CASSKPGLAGVGELFF	40.0	0.00045836341343233984	40.0	0.0004536278890426184
CASSKPWDTQYF	2.0	2.2918170671616996e-05	2.0	2.268139445213092e-05
CASSKQGVRHYGYTF	10.0	0.00011459085335808496	10.0	0.0001134069722606546
CASSKRAQVVRNYNEQFF	16.0	0.00018334536537293594	16.0	0.00018145115561704736
CASSKRELADTQYF	4.0	4.583634134323399e-05	5.0	5.670348613032729e-05
CASSKRGGSPFTSTDTQYF	3.0	3.437725600742549e-05	3.0	3.402209167819637e-05
CASSKRGGTGQSNPYEQYF	12.0	0.00013750902402970196	12.0	0.0001360883667127855
CASSKRLTDTQYF	2.0	2.2918170671616996e-05	2.0	2.268139445213092e-05
CASSKRQGLNTEAFF	18.0	0.0002062635360445529	18.0	0.0002041325500691783
CASSKTANTGELFF	6.0	6.875451201485098e-05	6.0	6.804418335639275e-05
CASSKTGTSNEQFF	10.0	0.00011459085335808496	10.0	0.0001134069722606546
CASSKTPGAGNSPLHF	4.0	4.583634134323399e-05	4.0	4.536278890426183e-05
CASSKTPLFSKRETQYF	6.0	6.875451201485098e-05	6.0	6.804418335639275e-05
CASSKTSSYEQYF	302.0	0.0034606437714141	302.0	0.0034248905622717
CASSKTYYEQYF	15.0	0.00017188628003712744	15.0	0.0001701104583909819
CASSLAAGGWETQYF	3.0	3.437725600742549e-05	3.0	3.402209167819637e-05
CASSLAAGSGLDTQYF	7.0	8.021359735065947e-05	7.0	7.938488058245821e-05
CASSLAAIGTDTQYF	4.0	4.583634134323399e-05	5.0	5.670348613032729e-05
CASSLAASGKADTQYF	3.0	3.437725600742549e-05	3.0	3.402209167819637e-05
CASSLAASHEQYF	1.0	1.1459085335808496e-05	1.0	1.1340697226065458e-05
CASSLAATEGNEQFF	15.0	0.00017188628003712744	15.0	0.0001701104583909819
CASSLADTLMNTEAFF	7.0	8.021359735065947e-05	7.0	7.938488058245821e-05
CASSLADVSFNEQFF	18.0	0.0002062635360445529	18.0	0.0002041325500691783
CASSLAEGARYEQYF	1.0	1.1459085335808496e-05	1.0	1.1340697226065458e-05
CASSLAEPSYEQYF	20.0	0.00022918170671616992	20.0	0.0002268139445213092
CASSLAERDTQYF	4.0	4.583634134323399e-05	4.0	4.536278890426183e-05
CASSLAFRAFEAFF	2.0	2.2918170671616996e-05	2.0	2.268139445213092e-05
CASSLAGDRSQHF	7.0	8.021359735065947e-05	7.0	7.938488058245821e-05
CASSLAGELFF	14.0	0.00016042719470131894	14.0	0.00015876976116491645
CASSLAGELLF	1.0	1.1459085335808496e-05	1.0	1.1340697226065458e-05
CASSLAGGGQPQHF	3.0	3.437725600742549e-05	3.0	3.402209167819638e-05
CASSLAGGGTGELFF	12.0	0.00013750902402970196	12.0	0.0001360883667127855
CASSLAGGGYTF	36.0	0.0004125270720891058	36.0	0.0004082651001383565
CASSLAGGKTQYF	23.0	0.0002635589627235954	23.0	0.00026083603619950555
CASSLAGGLGPHEQYF	13.0	0.00014896810936551044	13.0	0.00014742906393885096
CASSLAGGNTGELFF	40.0	0.00045836341343233984	40.0	0.0004536278890426184
CASSLAGGPYNEQFF	3.0	3.437725600742549e-05	3.0	3.402209167819637e-05
CASSLAGGRRRLFF	2.0	2.2918170671616996e-05	2.0	2.268139445213092e-05
CASSLAGGRYNEQFF	2.0	2.2918170671616996e-05	3.0	3.402209167819637e-05
CASSLAGGSKNIQYF	13.0	0.00014896810936551044	13.0	0.00014742906393885096
CASSLAGGTGELFF	4.0	4.583634134323399e-05	4.0	4.536278890426183e-05
CASSLAGGTYNEQFF	1.0	1.1459085335808496e-05	1.0	1.1340697226065458e-05
CASSLAGGYRNTIYF	2.0	2.2918170671616996e-05	2.0	2.268139445213092e-05
CASSLAGLDTQYF	2.0	2.2918170671616996e-05	3.0	3.402209167819637e-05
CASSLAGLGTYEQYF	1.0	1.1459085335808496e-05	1.0	1.1340697226065458e-05
CASSLAGLSYEQYF	4.0	4.583634134323399e-05	4.0	4.536278890426183e-05
CASSLAGNQETQYF	1.0	1.1459085335808496e-05	1.0	1.1340697226065458e-05
CASSLAGNTGELFF	61.0	0.0006990042054843183	61.0	0.000691782530789993
CASSLAGPFNTEAFF	8.0	9.167268268646796e-05	9.0	0.00010206627503458912
CASSLAGPQETQYF	2.0	2.2918170671616996e-05	2.0	2.268139445213092e-05
CASSLAGQILNYGYTF	43.0	0.0004927406694397653	43.0	0.0004876499807208147
CASSLAGQSSPLHF	5.0	5.7295426679042487e-05	5.0	5.670348613032729e-05
CASSLAGQTYEQYF	8.0	9.167268268646796e-05	8.0	9.072557780852368e-05
CASSLAGRDYEQYF	14.0	0.00016042719470131894	14.0	0.00015876976116491645
CASSLAGRGTDTQYF	6.0	6.875451201485098e-05	7.0	7.938488058245821e-05
CASSLAGSGYTF	2.0	2.2918170671616996e-05	2.0	2.268139445213092e-05
CASSLAGSTNTEAFF	5.0	5.729542667904248e-05	5.0	5.670348613032729e-05
CASSLAGSYNEQFF	20.0	0.00022918170671616992	20.0	0.0002268139445213092
CASSLAGTATDTQYF	4.0	4.583634134323399e-05	4.0	4.536278890426183e-05
CASSLAGTDTQYF	13.0	0.00014896810936551044	13.0	0.00014742906393885096
CASSLAGTEKLFF	6.0	6.875451201485098e-05	6.0	6.804418335639275e-05
CASSLAGTGAYEQYF	6.0	6.875451201485098e-05	6.0	6.804418335639275e-05
CASSLAGTGIDYGYTF	39.0	0.0004469043280965313	39.0	0.0004422871918165529
CASSLAGTGKNSPLHF	4.0	4.583634134323399e-05	4.0	4.536278890426183e-05
CASSLAGTGVSTDTQYF	1.0	1.1459085335808496e-05	1.0	1.1340697226065458e-05
CASSLAGTNEQFF	1.0	1.1459085335808496e-05	1.0	1.1340697226065458e-05
CASSLAGTSTDTQYF	11.0	0.00012604993869389346	11.0	0.00012474766948672005
CASSLAGVETQYF	49.0	0.0005614951814546163	49.0	0.0005556941640772075
CASSLAGYEKLFF	1.0	1.1459085335808496e-05	1.0	1.1340697226065458e-05
CASSLAGYEQYV	1.0	1.1459085335808496e-05	1.0	1.1340697226065458e-05
CASSLAHRGLPLTDTQYF	7.0	8.021359735065947e-05	7.0	7.938488058245821e-05
CASSLAKQNNEKLFF	1.0	1.1459085335808496e-05	1.0	1.1340697226065458e-05
CASSLALALYNEQFF	5.0	5.729542667904248e-05	5.0	5.670348613032729e-05
CASSLALDSNSGNTIYF	5.0	5.729542667904248e-05	5.0	5.670348613032729e-05
CASSLALGAGANVLTF	27.0	0.0003093953040668294	27.0	0.00030619882510376736
CASSLALGEQFF	7.0	8.021359735065947e-05	9.0	0.00010206627503458912
CASSLALGIGELFF	2.0	2.2918170671616996e-05	2.0	2.268139445213092e-05
CASSLALGPGSKNEQFF	9.0	0.00010313176802227646	9.0	0.00010206627503458912
CASSLANRGKNIQYF	1.0	1.1459085335808496e-05	1.0	1.1340697226065458e-05
CASSLAPGGASYNEQFF	1.0	1.1459085335808496e-05	1.0	1.1340697226065458e-05
CASSLAPGGGHEQFF	18.0	0.0002062635360445529	18.0	0.0002041325500691783
CASSLAPGGYEQYF	3.0	3.437725600742549e-05	3.0	3.402209167819637e-05
CASSLAPPTGSDEQYF	17.0	0.0001948044507087444	17.0	0.0001927918528431128
CASSLAPQGKSNYGYTF	31.0	0.0003552316454100633	31.0	0.0003515616140080292
CASSLAPTSGGYEQYF	1.0	1.1459085335808496e-05	1.0	1.1340697226065458e-05
CASSLAPWQGYGYTF	8.0	9.167268268646796e-05	8.0	9.072557780852368e-05
CASSLAQGGGYTF	5.0	5.729542667904248e-05	5.0	5.670348613032729e-05
CASSLAQGLAKNIQYF	11.0	0.00012604993869389346	11.0	0.00012474766948672005
CASSLAQLRGGNSPLHF	36.0	0.0004125270720891059	36.0	0.0004082651001383565
CASSLARALPVKTQYF	15.0	0.00017188628003712744	15.0	0.0001701104583909819
CASSLARGKQYF	19.0	0.00021772262138036144	19.0	0.0002154732472952437
CASSLARKETQYF	1.0	1.1459085335808496e-05	1.0	1.1340697226065458e-05
CASSLARQGSEQFF	12.0	0.00013750902402970196	12.0	0.0001360883667127855
CASSLARSQETQYF	16.0	0.00018334536537293597	16.0	0.00018145115561704733
CASSLASEEFF	4.0	4.583634134323399e-05	4.0	4.536278890426183e-05
CASSLASFLAGELFF	1.0	1.1459085335808496e-05	1.0	1.1340697226065458e-05
CASSLASGEQYF	7.0	8.021359735065947e-05	7.0	7.938488058245821e-05
CASSLASGRNEQFF	1.0	1.1459085335808496e-05	1.0	1.1340697226065458e-05
CASSLASGSYNEQFF	3.0	3.437725600742549e-05	3.0	3.402209167819637e-05
CASSLASGTEIYEQYF	7.0	8.021359735065947e-05	7.0	7.938488058245821e-05
CASSLASLAGNNEQFF	2.0	2.2918170671616996e-05	2.0	2.268139445213092e-05
CASSLASLAIEQFF	3.0	3.437725600742549e-05	3.0	3.402209167819637e-05
CASSLASLEAFF	26.0	0.0002979362187310209	25.0	0.0002835174306516365
CASSLASSPPAADTQYF	2.0	2.2918170671616996e-05	2.0	2.268139445213092e-05
CASSLASTDTQYF	7.0	8.021359735065948e-05	7.0	7.93848805824582e-05
CASSLATGANSPLHF	2.0	2.2918170671616996e-05	2.0	2.268139445213092e-05
CASSLATGTEAFF	16.0	0.00018334536537293594	16.0	0.00018145115561704736
CASSLATGVSTEAFF	10.0	0.00011459085335808496	10.0	0.0001134069722606546
CASSLATNTEAFF	5.0	5.729542667904248e-05	5.0	5.670348613032729e-05
CASSLATYRPNTEAFF	2.0	2.2918170671616996e-05	2.0	2.268139445213092e-05
CASSLAVGPAGELFF	2.0	2.2918170671616996e-05	2.0	2.268139445213092e-05
CASSLAVGTASTDTQYF	5.0	5.729542667904248e-05	5.0	5.670348613032729e-05
CASSLAVRYEQYF	1.0	1.1459085335808496e-05	1.0	1.1340697226065458e-05
CASSLAWTGRLSGANVLTF	2.0	2.2918170671616996e-05	2.0	2.268139445213092e-05
CASSLAWTGWETQYF	6.0	6.875451201485098e-05	6.0	6.804418335639275e-05
CASSLAYGDTQYF	1.0	1.1459085335808496e-05	1.0	1.1340697226065458e-05
CASSLAYGKETQYF	3.0	3.437725600742549e-05	3.0	3.402209167819637e-05
CASSLDASGGSYTQYF	2.0	2.2918170671616996e-05	2.0	2.268139445213092e-05
CASSLDEVASGNTIYF	8.0	9.167268268646796e-05	8.0	9.072557780852368e-05
CASSLDGDQQFF	6.0	6.875451201485098e-05	6.0	6.804418335639275e-05
CASSLDGLVSYNEQFF	12.0	0.00013750902402970196	12.0	0.0001360883667127855
CASSLDGSEQYF	7.0	8.021359735065947e-05	7.0	7.938488058245821e-05
CASSLDGTDTQYF	1.0	1.1459085335808496e-05	1.0	1.1340697226065458e-05
CASSLDGTLQETQYF	2.0	2.2918170671616996e-05	2.0	2.268139445213092e-05
CASSLDKQSYEQYF	11.0	0.00012604993869389346	11.0	0.00012474766948672005
CASSLDLGGIFTDTQYF	12.0	0.00013750902402970196	13.0	0.00014742906393885096
CASSLDLGYAEETQYF	1.0	1.1459085335808496e-05	1.0	1.1340697226065458e-05
CASSLDLLGETQYF	9.0	0.00010313176802227646	9.0	0.00010206627503458912
CASSLDLYSPLHF	49.0	0.0005614951814546163	49.0	0.0005556941640772075
CASSLDNQQETQYF	16.0	0.00018334536537293597	16.0	0.00018145115561704733
CASSLDPKETQYF	3.0	3.437725600742549e-05	4.0	4.536278890426183e-05
CASSLDQGAREKLFF	1.0	1.1459085335808496e-05	1.0	1.1340697226065458e-05
CASSLDRASVNTQYF	10.0	0.00011459085335808496	11.0	0.00012474766948672005
CASSLDRDTDTQYF	5.0	5.729542667904248e-05	5.0	5.670348613032729e-05
CASSLDRGADTQYF	4.0	4.583634134323399e-05	4.0	4.536278890426183e-05
CASSLDRGGEAFF	73.0	0.0008365132295140202	73.0	0.0008278708975027784
CASSLDRGSKAFF	7.0	8.021359735065947e-05	7.0	7.938488058245821e-05
CASSLDRNSPLHF	2.0	2.2918170671616996e-05	2.0	2.268139445213092e-05
CASSLDRQYNEQFF	14.0	0.00016042719470131894	14.0	0.00015876976116491645
CASSLDRSRAFEQYF	21.0	0.00024064079205197842	21.0	0.00023815464174737467
CASSLDRYEQYF	4.0	4.583634134323399e-05	4.0	4.536278890426183e-05
CASSLDRYNEQFF	5.0	5.729542667904248e-05	5.0	5.670348613032729e-05
CASSLDRYTEAFF	38.0	0.0004354452427607229	38.0	0.0004309464945904874
CASSLDSHYYYGYTF	28.0	0.0003208543894026379	28.0	0.00031753952232983285
CASSLDSPRTSGFFNEQFF	1.0	1.1459085335808496e-05	1.0	1.1340697226065458e-05
CASSLDTGLVDTQYF	10.0	0.00011459085335808496	10.0	0.0001134069722606546
CASSLDTSRRELFF	1.0	1.1459085335808496e-05	1.0	1.1340697226065458e-05
CASSLDVAGSPLHF	4.0	4.583634134323399e-05	5.0	5.670348613032729e-05
CASSLDVGTTYNEQFF	18.0	0.0002062635360445529	18.0	0.0002041325500691783
CASSLDVHTEAFF	8.0	9.167268268646796e-05	8.0	9.072557780852368e-05
CASSLDVLVSYNEQFF	1.0	1.1459085335808496e-05	1.0	1.1340697226065458e-05
CASSLDWEQYF	12.0	0.00013750902402970196	12.0	0.0001360883667127855
CASSLDYSYNSPLHF	18.0	0.0002062635360445529	18.0	0.0002041325500691783
CASSLDYYTDTQYF	6.0	6.875451201485098e-05	6.0	6.804418335639275e-05
CASSLEAGAYNEQFF	13.0	0.00014896810936551046	13.0	0.00014742906393885096
CASSLEAHGNEQFF	5.0	5.729542667904248e-05	5.0	5.670348613032729e-05
CASSLEARHTQYF	2.0	2.2918170671616996e-05	2.0	2.268139445213092e-05
CASSLEDRGHEQYF	32.0	0.0003666907307458719	32.0	0.00036290231123409467
CASSLEEGNNYGYTF	33.0	0.0003781498160816804	34.0	0.0003855837056862256
CASSLEEQAFF	3.0	3.437725600742549e-05	3.0	3.402209167819637e-05
CASSLEFTVPGNQPQHF	20.0	0.00022918170671616992	20.0	0.0002268139445213092
CASSLEGAVNQPQHF	7.0	8.021359735065947e-05	7.0	7.938488058245821e-05
CASSLEGDTEAFF	13.0	0.00014896810936551046	13.0	0.000147429063938851
CASSLEGERETQYF	11.0	0.00012604993869389346	11.0	0.00012474766948672005
CASSLEGFRYEQYF	13.0	0.00014896810936551044	13.0	0.00014742906393885096
CASSLEGLAGSEQFF	9.0	0.00010313176802227646	9.0	0.00010206627503458912
CASSLEGPPGPSTDTQYF	8.0	9.167268268646796e-05	8.0	9.072557780852368e-05
CASSLEGRETGELFF	3.0	3.437725600742549e-05	3.0	3.402209167819637e-05
CASSLEGRTQYF	6.0	6.875451201485098e-05	6.0	6.804418335639275e-05
CASSLEGSKTQYF	20.0	0.00022918170671616995	20.0	0.00022681394452130917
CASSLEGTDTQYF	1.0	1.1459085335808496e-05	1.0	1.1340697226065458e-05
CASSLEGTTQYF	3.0	3.437725600742549e-05	3.0	3.402209167819637e-05
CASSLEHETQYF	16.0	0.00018334536537293597	16.0	0.00018145115561704733
CASSLEPENTGELFF	23.0	0.0002635589627235954	23.0	0.00026083603619950555
CASSLEPGQSYEQYF	12.0	0.00013750902402970196	12.0	0.0001360883667127855
CASSLEPYSGETQYF	10.0	0.00011459085335808496	10.0	0.0001134069722606546
CASSLEPYSTDTQYF	2.0	2.2918170671616996e-05	2.0	2.268139445213092e-05
CASSLEQGDLTQYF	15.0	0.00017188628003712744	15.0	0.0001701104583909819
CASSLEQGPDQPQHF	21.0	0.00024064079205197842	22.0	0.0002494953389734401
CASSLERDSEQYF	2.0	2.2918170671616996e-05	3.0	3.402209167819637e-05
CASSLERELEQFF	16.0	0.00018334536537293597	16.0	0.00018145115561704733
CASSLERSSYEQYF	31.0	0.0003552316454100633	31.0	0.0003515616140080292
CASSLESGPSDTQYF	27.0	0.0003093953040668294	29.0	0.0003288802195558983
CASSLESPPGPSTDTQYF	1.0	1.1459085335808496e-05	1.0	1.1340697226065458e-05
CASSLETGYEQYF	13.0	0.00014896810936551044	13.0	0.00014742906393885096
CASSLETSAGYNEQFF	13.0	0.00014896810936551044	13.0	0.00014742906393885096
CASSLEYEQYF	10.0	0.00011459085335808496	10.0	0.0001134069722606546
CASSLFEDQPQHF	1.0	1.1459085335808496e-05	1.0	1.1340697226065458e-05
CASSLFGAEDTQYF	22.0	0.0002520998773877869	23.0	0.00026083603619950555
CASSLFGAGSSYNEQFF	1.0	1.1459085335808496e-05	1.0	1.1340697226065458e-05
CASSLFGSNTGELFF	9.0	0.00010313176802227646	9.0	0.00010206627503458912
CASSLFGSSSNQPQHF	1.0	1.1459085335808496e-05	1.0	1.1340697226065458e-05
CASSLFKPSDTQYF	12.0	0.00013750902402970196	12.0	0.0001360883667127855
CASSLFPAGRDYEQYF	2.0	2.2918170671616996e-05	2.0	2.268139445213092e-05
CASSLFRDEQYF	5.0	5.729542667904248e-05	5.0	5.670348613032729e-05
CASSLFRLAENSYEQYF	14.0	0.00016042719470131894	14.0	0.00015876976116491645
CASSLFRNQPQHF	5.0	5.729542667904248e-05	5.0	5.670348613032729e-05
CASSLFRSDRASYEQYF	9.0	0.00010313176802227646	10.0	0.0001134069722606546
CASSLFSGNEQFF	238.0	0.0027272623099224	247.0	0.0028011522148381
CASSLFSSYNEQFF	7.0	8.021359735065947e-05	7.0	7.938488058245821e-05
CASSLFSYEQYF	15.0	0.00017188628003712744	15.0	0.0001701104583909819
CASSLFTAGGQATDEQFF	18.0	0.0002062635360445529	19.0	0.0002154732472952437
CASSLFVGSVPSNYGYTF	53.0	0.0006073315227978503	53.0	0.0006010569529814693
CASSLFVWGSETQYF	1.0	1.1459085335808496e-05	1.0	1.1340697226065458e-05
CASSLFYGTGDYEQYF	1.0	1.1459085335808496e-05	1.0	1.1340697226065458e-05
CASSLFYRIAGWADTQYF	3.0	3.437725600742549e-05	3.0	3.402209167819637e-05
CASSLGAANQPQHF	4.0	4.583634134323399e-05	4.0	4.536278890426183e-05
CASSLGAFGTQYF	3.0	3.437725600742549e-05	3.0	3.402209167819637e-05
CASSLGAGATRETQYF	5.0	5.729542667904248e-05	5.0	5.670348613032729e-05
CASSLGAGGPGTGELFF	2.0	2.2918170671616996e-05	2.0	2.268139445213092e-05
CASSLGAPLAKNIQYF	1.0	1.1459085335808496e-05	1.0	1.1340697226065458e-05
CASSLGARSGNEQFF	1.0	1.1459085335808496e-05	1.0	1.1340697226065458e-05
CASSLGASLGGETQYF	11.0	0.00012604993869389346	11.0	0.00012474766948672005
CASSLGASLNTGELFF	27.0	0.0003093953040668294	27.0	0.00030619882510376736
CASSLGASYEQYF	16.0	0.00018334536537293597	16.0	0.00018145115561704733
CASSLGATGLYGYTF	2.0	2.2918170671616996e-05	2.0	2.268139445213092e-05
CASSLGAVPRDEQFF	12.0	0.00013750902402970196	12.0	0.0001360883667127855
CASSLGDADEQFF	1.0	1.1459085335808496e-05	1.0	1.1340697226065458e-05
CASSLGDAHEQFF	14.0	0.00016042719470131894	14.0	0.00015876976116491645
CASSLGDGELFF	7.0	8.021359735065947e-05	7.0	7.938488058245821e-05
CASSLGDNSYEQYF	2.0	2.2918170671616996e-05	2.0	2.268139445213092e-05
CASSLGDRALHVLTF	7.0	8.021359735065947e-05	8.0	9.072557780852368e-05
CASSLGDRGLSGANVLTF	5.0	5.729542667904248e-05	5.0	5.670348613032729e-05
CASSLGDRITGELFF	15.0	0.00017188628003712744	15.0	0.0001701104583909819
CASSLGENTEAFF	2.0	2.2918170671616996e-05	2.0	2.268139445213092e-05
CASSLGERHGYTF	1.0	1.1459085335808496e-05	1.0	1.1340697226065458e-05
CASSLGETDTQYF	9.0	0.00010313176802227646	9.0	0.00010206627503458912
CASSLGFERTEQFF	8.0	9.167268268646796e-05	8.0	9.072557780852368e-05
CASSLGFGGREGYTF	3.0	3.437725600742549e-05	4.0	4.536278890426183e-05
CASSLGFGLAVYNEQFF	7.0	8.021359735065947e-05	7.0	7.938488058245821e-05
CASSLGGAQGETQYF	1.0	1.1459085335808496e-05	1.0	1.1340697226065458e-05
CASSLGGATDTQYF	2.0	2.2918170671616993e-05	2.0	2.2681394452130917e-05
CASSLGGDEQFF	17.0	0.0001948044507087444	17.0	0.0001927918528431128
CASSLGGDTEAFF	29.0	0.00033231347473844635	29.0	0.0003288802195558983
CASSLGGDYEQYF	56.0	0.0006417087788052758	59.0	0.0006691011363378621
CASSLGGDYNEQFF	10.0	0.00011459085335808496	10.0	0.0001134069722606546
CASSLGGEQPQHF	1.0	1.1459085335808496e-05	1.0	1.1340697226065458e-05
CASSLGGEQYF	15.0	0.00017188628003712744	15.0	0.0001701104583909819
CASSLGGFEAFF	24.0	0.0002750180480594039	25.0	0.0002835174306516365
CASSLGGGKVGELFF	7.0	8.021359735065947e-05	7.0	7.938488058245821e-05
CASSLGGGQGQETQYF	9.0	0.00010313176802227646	9.0	0.00010206627503458912
CASSLGGGRARNEQFF	6.0	6.875451201485098e-05	6.0	6.804418335639275e-05
CASSLGGGRVNEQFF	15.0	0.00017188628003712744	16.0	0.00018145115561704733
CASSLGGGYEQYF	144.0	0.0016501082883564	144.0	0.0016330604005534
CASSLGGHEQYF	2.0	2.2918170671616996e-05	2.0	2.268139445213092e-05
CASSLGGKQYF	58.0	0.0006646269494768927	58.0	0.0006577604391117966
CASSLGGLAGAEAQYF	16.0	0.00018334536537293597	16.0	0.00018145115561704733
CASSLGGLAKNIQYF	2.0	2.2918170671616996e-05	2.0	2.268139445213092e-05
CASSLGGLATEAFF	6.0	6.875451201485098e-05	6.0	6.804418335639275e-05
CASSLGGLGGASYEQYF	7.0	8.021359735065947e-05	7.0	7.938488058245821e-05
CASSLGGLNSGNTIYF	15.0	0.00017188628003712744	15.0	0.0001701104583909819
CASSLGGLNTEAFF	9.0	0.00010313176802227646	9.0	0.00010206627503458912
CASSLGGLNTGELFF	1.0	1.1459085335808496e-05	1.0	1.1340697226065458e-05
CASSLGGMVYEQYF	65.0	0.0007448405468275522	65.0	0.0007371453196942548
CASSLGGQGPTDTQYF	2.0	2.2918170671616996e-05	2.0	2.268139445213092e-05
CASSLGGQRLDNEQFF	7.0	8.021359735065947e-05	7.0	7.938488058245821e-05
CASSLGGRFYEQYF	3.0	3.437725600742549e-05	3.0	3.402209167819637e-05
CASSLGGRTEAFF	2.0	2.2918170671616996e-05	2.0	2.268139445213092e-05
CASSLGGRVLDEQYF	6.0	6.875451201485098e-05	6.0	6.804418335639275e-05
CASSLGGRYTQYF	1.0	1.1459085335808496e-05	1.0	1.1340697226065458e-05
CASSLGGSGNEQFF	4.0	4.583634134323399e-05	4.0	4.536278890426183e-05
CASSLGGTASSYNEQFF	16.0	0.00018334536537293597	16.0	0.00018145115561704733
CASSLGGTDTQYF	19.0	0.00021772262138036142	19.0	0.0002154732472952437
CASSLGGTEAFF	5.0	5.729542667904248e-05	5.0	5.670348613032729e-05
CASSLGGTGGWHEQFF	6.0	6.875451201485098e-05	6.0	6.804418335639275e-05
CASSLGGTSRNTEAFF	77.0	0.0008823495708572542	77.0	0.0008732336864070403
CASSLGGVNTEAFF	36.0	0.0004125270720891058	36.0	0.0004082651001383565
CASSLGGYEQYF	98.0	0.0011229903629092325	99.0	0.0011227290253804805
CASSLGGYSNQPQHF	1.0	1.1459085335808496e-05	1.0	1.1340697226065458e-05
CASSLGHPQGEQYF	16.0	0.00018334536537293597	16.0	0.00018145115561704733
CASSLGISRGNQPQHF	53.0	0.0006073315227978503	53.0	0.0006010569529814693
CASSLGIYYQETQYF	15.0	0.00017188628003712744	17.0	0.0001927918528431128
CASSLGKPSSYEQYF	2.0	2.2918170671616996e-05	2.0	2.268139445213092e-05
CASSLGLAGGTDTQYF	18.0	0.0002062635360445529	19.0	0.0002154732472952437
CASSLGLAGRLDEQFF	16.0	0.00018334536537293597	16.0	0.00018145115561704733
CASSLGLAGTGELFF	37.0	0.0004239861574249144	37.0	0.000419605797364422
CASSLGLAGVSSYNEQFF	4.0	4.583634134323399e-05	4.0	4.536278890426183e-05
CASSLGLAIQYF	8.0	9.167268268646796e-05	8.0	9.072557780852368e-05
CASSLGLARGSEQFF	5.0	5.729542667904248e-05	5.0	5.670348613032729e-05
CASSLGLATYEQYF	5.0	5.729542667904248e-05	5.0	5.670348613032729e-05
CASSLGLAVQETQYF	5.0	5.729542667904248e-05	5.0	5.670348613032729e-05
CASSLGLGSGEQYF	13.0	0.00014896810936551044	13.0	0.00014742906393885096
CASSLGLGTDTQYF	1.0	1.1459085335808496e-05	1.0	1.1340697226065458e-05
CASSLGLGTGGNGANVLTF	8.0	9.167268268646797e-05	8.0	9.072557780852367e-05
CASSLGLINEQFF	4.0	4.583634134323399e-05	4.0	4.536278890426183e-05
CASSLGLPNEQFF	6.0	6.875451201485098e-05	6.0	6.804418335639275e-05
CASSLGLPQGEQFF	23.0	0.0002635589627235954	23.0	0.00026083603619950555
CASSLGLRDTQYF	4.0	4.583634134323399e-05	4.0	4.536278890426183e-05
CASSLGLRESEQFF	18.0	0.0002062635360445529	18.0	0.0002041325500691783
CASSLGLTGNYEQYF	3.0	3.437725600742549e-05	3.0	3.402209167819637e-05
CASSLGNTIYF	193.0	0.002211603469811	193.0	0.0021887545646306
CASSLGPANYGYTF	1.0	1.1459085335808496e-05	1.0	1.1340697226065458e-05
CASSLGPGGAGELFF	22.0	0.0002520998773877869	22.0	0.0002494953389734401
CASSLGPGGSYEQYF	2.0	2.2918170671616996e-05	2.0	2.268139445213092e-05
CASSLGPPYEQYF	4.0	4.583634134323399e-05	4.0	4.536278890426183e-05
CASSLGPQGEETQYF	3.0	3.437725600742549e-05	3.0	3.402209167819637e-05
CASSLGPSGGSYEQYF	27.0	0.0003093953040668294	27.0	0.00030619882510376736
CASSLGQANTEAFF	21.0	0.00024064079205197842	22.0	0.0002494953389734401
CASSLGQDQPQHF	32.0	0.0003666907307458719	32.0	0.00036290231123409467
CASSLGQESTF	3.0	3.437725600742549e-05	3.0	3.402209167819637e-05
CASSLGQETQYF	25.0	0.0002864771333952124	25.0	0.0002835174306516365
CASSLGQGAGEQYF	6.0	6.875451201485098e-05	6.0	6.804418335639275e-05
CASSLGQGDYEQYF	3.0	3.437725600742549e-05	3.0	3.402209167819637e-05
CASSLGQGFNSPLHF	13.0	0.00014896810936551046	14.0	0.00015876976116491645
CASSLGQGGNEQFF	2.0	2.2918170671616996e-05	2.0	2.268139445213092e-05
CASSLGQGGTEAFF	21.0	0.0002406407920519784	21.0	0.00023815464174737464
CASSLGQGNNYGYTF	14.0	0.00016042719470131894	14.0	0.00015876976116491645
CASSLGQGNSPLHF	16.0	0.00018334536537293597	16.0	0.00018145115561704733
CASSLGQGPGETQYF	22.0	0.0002520998773877869	22.0	0.0002494953389734401
CASSLGQGQDTQYF	1.0	1.1459085335808496e-05	1.0	1.1340697226065458e-05
CASSLGQGQETQYF	1.0	1.1459085335808496e-05	1.0	1.1340697226065458e-05
CASSLGQGSNQPQHF	2.0	2.2918170671616996e-05	2.0	2.268139445213092e-05
CASSLGQGSRQYF	12.0	0.00013750902402970196	13.0	0.00014742906393885096
CASSLGQGSSPLHF	27.0	0.00030939530406682935	32.0	0.00036290231123409467
CASSLGQGYSNQPQHF	23.0	0.0002635589627235954	24.0	0.000272176733425571
CASSLGQITGELFF	9.0	0.00010313176802227646	9.0	0.00010206627503458912
CASSLGQLFNYGYTF	7.0	8.021359735065947e-05	7.0	7.938488058245821e-05
CASSLGQLNTEAFF	14.0	0.00016042719470131894	15.0	0.00017011045839098192
CASSLGQLNTEASF	1.0	1.1459085335808496e-05	1.0	1.1340697226065458e-05
CASSLGQMNTEAFF	6.0	6.875451201485098e-05	6.0	6.804418335639275e-05
CASSLGQNSYEQYF	13.0	0.00014896810936551044	13.0	0.00014742906393885096
CASSLGQNTDTQYF	2.0	2.2918170671616996e-05	2.0	2.268139445213092e-05
CASSLGQPSTGNTIYF	4.0	4.583634134323399e-05	4.0	4.536278890426183e-05
CASSLGQTNQETQYF	3.0	3.437725600742549e-05	3.0	3.402209167819637e-05
CASSLGQTQGAFF	12.0	0.00013750902402970196	12.0	0.0001360883667127855
CASSLGRGGGNYEQYF	17.0	0.0001948044507087444	17.0	0.0001927918528431128
CASSLGRGGRETQYF	3.0	3.437725600742549e-05	4.0	4.536278890426183e-05
CASSLGRGVYEQYF	2.0	2.2918170671616996e-05	2.0	2.268139445213092e-05
CASSLGRGYQPQHF	19.0	0.00021772262138036144	19.0	0.0002154732472952437
CASSLGRMAEAFF	8.0	9.167268268646796e-05	8.0	9.072557780852368e-05
CASSLGRNTEAFF	8.0	9.167268268646796e-05	8.0	9.072557780852368e-05
CASSLGRQETQYF	31.0	0.0003552316454100633	31.0	0.0003515616140080292
CASSLGRRIYGYTF	3.0	3.437725600742549e-05	3.0	3.402209167819637e-05
CASSLGRRSGELFF	5.0	5.729542667904248e-05	5.0	5.670348613032729e-05
CASSLGRVETQYF	20.0	0.00022918170671616995	21.0	0.00023815464174737467
CASSLGRVNSPLHF	5.0	5.7295426679042487e-05	5.0	5.670348613032729e-05
CASSLGSGARYEQYF	15.0	0.00017188628003712744	15.0	0.0001701104583909819
CASSLGSGTTDEQYF	1.0	1.1459085335808496e-05	1.0	1.1340697226065458e-05
CASSLGSGTTNEQYF	6.0	6.875451201485098e-05	6.0	6.804418335639275e-05
CASSLGSHLENTEAFF	3.0	3.437725600742549e-05	3.0	3.402209167819637e-05
CASSLGSLNYGYTF	7.0	8.021359735065947e-05	7.0	7.938488058245821e-05
CASSLGSSDTGELFF	3.0	3.437725600742549e-05	3.0	3.402209167819637e-05
CASSLGSSGANVLTF	2.0	2.2918170671616996e-05	2.0	2.268139445213092e-05
CASSLGSSYNSPLHF	1.0	1.1459085335808496e-05	1.0	1.1340697226065458e-05
CASSLGSYGNTIYF	27.0	0.0003093953040668294	27.0	0.00030619882510376736
CASSLGSYQPQHF	25.0	0.0002864771333952124	25.0	0.0002835174306516365
CASSLGTAVSNQPQHF	22.0	0.0002520998773877869	22.0	0.0002494953389734401
CASSLGTEWRNTEAFF	55.0	0.0006302496934694672	55.0	0.0006237383474336002
CASSLGTFNTGELFF	1.0	1.1459085335808496e-05	1.0	1.1340697226065458e-05
CASSLGTGAYGYTF	54.0	0.0006187906081336588	54.0	0.0006123976502075347
CASSLGTGDEQFF	2.0	2.2918170671616996e-05	2.0	2.268139445213092e-05
CASSLGTGDHSYEQYF	1.0	1.1459085335808496e-05	1.0	1.1340697226065458e-05
CASSLGTGFYEQYF	4.0	4.583634134323399e-05	4.0	4.536278890426183e-05
CASSLGTGGEYEQYF	4.0	4.583634134323399e-05	4.0	4.536278890426183e-05
CASSLGTGGNQPQHF	44.0	0.0005041997547755738	44.0	0.0004989906779468802
CASSLGTGGPYEQYF	23.0	0.0002635589627235954	23.0	0.00026083603619950555
CASSLGTGGTEAFF	47.0	0.0005385770107829993	47.0	0.0005330127696250766
CASSLGTGIYGYTF	2.0	2.2918170671616996e-05	2.0	2.268139445213092e-05
CASSLGTGLNYGYTF	7.0	8.021359735065947e-05	7.0	7.938488058245821e-05
CASSLGTGSYGYTF	3.0	3.437725600742549e-05	3.0	3.402209167819637e-05
CASSLGTGTYEQYF	10.0	0.00011459085335808496	10.0	0.0001134069722606546
CASSLGTGYEQYF	24.0	0.0002750180480594039	24.0	0.000272176733425571
CASSLGTGYNEQFF	8.0	9.167268268646796e-05	8.0	9.072557780852368e-05
CASSLGTKSTDTQYF	9.0	0.00010313176802227646	9.0	0.00010206627503458912
CASSLGTLAEAFF	23.0	0.0002635589627235954	22.0	0.0002494953389734401
CASSLGTLNTEAFF	5.0	5.729542667904248e-05	5.0	5.670348613032729e-05
CASSLGTPGGNTIYF	4.0	4.583634134323399e-05	4.0	4.536278890426183e-05
CASSLGTSGRGDTQYF	1.0	1.1459085335808496e-05	1.0	1.1340697226065458e-05
CASSLGTSGSFYEQYF	2.0	2.2918170671616996e-05	2.0	2.268139445213092e-05
CASSLGTSGSSYEQYF	20.0	0.00022918170671616992	20.0	0.0002268139445213092
CASSLGTSGYNEQFF	1.0	1.1459085335808496e-05	1.0	1.1340697226065458e-05
CASSLGTSHTGELFF	6.0	6.875451201485098e-05	6.0	6.804418335639275e-05
CASSLGTSQISYNEQFF	4.0	4.583634134323399e-05	4.0	4.536278890426183e-05
CASSLGTSQISYNGQFF	1.0	1.1459085335808496e-05	1.0	1.1340697226065458e-05
CASSLGTTYNEQFF	4.0	4.583634134323399e-05	4.0	4.536278890426183e-05
CASSLGTVAGEEQYF	2.0	2.2918170671616996e-05	2.0	2.268139445213092e-05
CASSLGVDEQFF	1.0	1.1459085335808496e-05	1.0	1.1340697226065458e-05
CASSLGVGELFF	19.0	0.00021772262138036144	19.0	0.0002154732472952437
CASSLGVGTQYF	1.0	1.1459085335808496e-05	1.0	1.1340697226065458e-05
CASSLGVNTEAFF	2.0	2.2918170671616996e-05	2.0	2.268139445213092e-05
CASSLGVTGLYNEQFF	5.0	5.729542667904248e-05	6.0	6.804418335639275e-05
CASSLGVTQETQYF	33.0	0.0003781498160816804	33.0	0.0003742430084601601
CASSLGVVNTEAFF	15.0	0.00017188628003712744	15.0	0.0001701104583909819
CASSLGWGDPSTDTQYF	1.0	1.1459085335808496e-05	1.0	1.1340697226065458e-05
CASSLGWGLTRAFF	4.0	4.583634134323399e-05	4.0	4.536278890426183e-05
CASSLGWSGTSGKLFF	51.0	0.0005844133521262333	51.0	0.0005783755585293383
CASSLGWTTNTGELFF	30.0	0.0003437725600742549	30.0	0.00034022091678196373
CASSLGYGAGSYNEQFF	29.0	0.00033231347473844635	29.0	0.0003288802195558983
CASSLGYGGAYNEQFF	5.0	5.729542667904248e-05	5.0	5.670348613032729e-05
CASSLGYYEQYF	10.0	0.00011459085335808496	10.0	0.0001134069722606546
CASSLHFRGRGSNQPQHF	6.0	6.875451201485098e-05	6.0	6.804418335639275e-05
CASSLHFRGRGSSQPQHF	1.0	1.1459085335808496e-05	1.0	1.1340697226065458e-05
CASSLHPRNTEAFF	1.0	1.1459085335808496e-05	1.0	1.1340697226065458e-05
CASSLHYTEAFF	15.0	0.00017188628003712744	15.0	0.0001701104583909819
CASSLIAGDEQFF	3.0	3.437725600742549e-05	3.0	3.402209167819637e-05
CASSLIAGESQTQYF	10.0	0.00011459085335808496	10.0	0.0001134069722606546
CASSLIAGPSYEQYF	34.0	0.0003896089014174888	34.0	0.0003855837056862256
CASSLIGGIGNEQFF	3.0	3.437725600742549e-05	3.0	3.402209167819637e-05
CASSLIGQGNTEAFF	4.0	4.583634134323399e-05	4.0	4.536278890426183e-05
CASSLIGRMNTEAFF	10.0	0.00011459085335808496	10.0	0.0001134069722606546
CASSLIGTGAGNTIYF	12.0	0.00013750902402970196	12.0	0.0001360883667127855
CASSLIPSPAGQETQYF	11.0	0.00012604993869389346	11.0	0.00012474766948672005
CASSLISSGTGLSEQYF	17.0	0.00019480445070874447	17.0	0.0001927918528431128
CASSLISWLQHNQPQHF	21.0	0.0002406407920519784	21.0	0.00023815464174737464
CASSLISYNSPLHF	1.0	1.1459085335808496e-05	1.0	1.1340697226065458e-05
CASSLITAGAGELFF	4.0	4.583634134323399e-05	4.0	4.536278890426183e-05
CASSLKDRGDGYTF	1.0	1.1459085335808496e-05	1.0	1.1340697226065458e-05
CASSLKQETQYF	15.0	0.00017188628003712744	15.0	0.0001701104583909819
CASSLKVGETQYF	8.0	9.167268268646796e-05	8.0	9.072557780852368e-05
CASSLLAGEGETQYF	17.0	0.0001948044507087444	17.0	0.0001927918528431128
CASSLLAGGGTQYF	1.0	1.1459085335808496e-05	1.0	1.1340697226065458e-05
CASSLLAGGTGELFF	7.0	8.021359735065947e-05	7.0	7.938488058245821e-05
CASSLLAGGTGELLF	1.0	1.1459085335808496e-05	1.0	1.1340697226065458e-05
CASSLLAGSVAGELFF	36.0	0.0004125270720891058	36.0	0.0004082651001383565
CASSLLAGTEAFF	3.0	3.437725600742549e-05	3.0	3.402209167819637e-05
CASSLLDTGEQYF	2.0	2.2918170671616996e-05	2.0	2.268139445213092e-05
CASSLLEATYNEQFF	1.0	1.1459085335808496e-05	1.0	1.1340697226065458e-05
CASSLLEEGTQYF	19.0	0.00021772262138036144	19.0	0.0002154732472952437
CASSLLGDYEQYF	10.0	0.00011459085335808496	10.0	0.0001134069722606546
CASSLLGETQYF	3.0	3.437725600742549e-05	3.0	3.402209167819637e-05
CASSLLGGPQHF	6.0	6.875451201485098e-05	6.0	6.804418335639275e-05
CASSLLGGVHEQFF	2.0	2.2918170671616996e-05	2.0	2.268139445213092e-05
CASSLLGKGGTEAFF	3.0	3.437725600742549e-05	3.0	3.402209167819637e-05
CASSLLGLASQETQYF	2.0	2.2918170671616996e-05	2.0	2.268139445213092e-05
CASSLLGLSTDTQYF	8.0	9.167268268646796e-05	8.0	9.072557780852368e-05
CASSLLGPHEQYF	2.0	2.2918170671616996e-05	2.0	2.268139445213092e-05
CASSLLGPNEQFF	4.0	4.583634134323399e-05	4.0	4.536278890426183e-05
CASSLLGQPIEKLFF	10.0	0.00011459085335808496	11.0	0.00012474766948672005
CASSLLGSSYEQYF	2.0	2.2918170671616996e-05	2.0	2.268139445213092e-05
CASSLLGVETQYF	10.0	0.00011459085335808496	10.0	0.0001134069722606546
CASSLLGVRGEQFF	1.0	1.1459085335808496e-05	1.0	1.1340697226065458e-05
CASSLLLAGGAGELFF	5.0	5.729542667904248e-05	5.0	5.670348613032729e-05
CASSLLLAGINEQFF	2.0	2.2918170671616996e-05	2.0	2.268139445213092e-05
CASSLLLAGRNEQFF	1.0	1.1459085335808496e-05	1.0	1.1340697226065458e-05
CASSLLLTTEAFF	1.0	1.1459085335808496e-05	1.0	1.1340697226065458e-05
CASSLLNTQYF	7.0	8.021359735065948e-05	7.0	7.93848805824582e-05
CASSLLPSGRSTDTQYF	4.0	4.583634134323399e-05	4.0	4.536278890426183e-05
CASSLLQGKINEQFF	95.0	0.0010886131069018	97.0	0.0011000476309283
CASSLLQGPIYEQYF	5.0	5.729542667904248e-05	5.0	5.670348613032729e-05
CASSLLQSNTEAFF	2.0	2.2918170671616996e-05	2.0	2.268139445213092e-05
CASSLLRAGGNTEAFF	17.0	0.0001948044507087444	17.0	0.0001927918528431128
CASSLLRGLGTGELFF	8.0	9.167268268646796e-05	8.0	9.072557780852368e-05
CASSLLSGANVLTF	16.0	0.00018334536537293597	16.0	0.00018145115561704733
CASSLLSGRLSYEQYF	13.0	0.00014896810936551044	13.0	0.00014742906393885096
CASSLLSGRLSYEQYY	1.0	1.1459085335808496e-05	1.0	1.1340697226065458e-05
CASSLLSGSDYGYTF	24.0	0.0002750180480594039	24.0	0.000272176733425571
CASSLLSSGADTQYF	1.0	1.1459085335808496e-05	1.0	1.1340697226065458e-05
CASSLLTGANVLTF	8.0	9.167268268646796e-05	8.0	9.072557780852368e-05
CASSLLTGTSGTIEQFF	7.0	8.021359735065947e-05	7.0	7.938488058245821e-05
CASSLLVGETQYF	19.0	0.00021772262138036144	20.0	0.0002268139445213092
CASSLLVGQTGELFF	13.0	0.00014896810936551044	13.0	0.00014742906393885096
CASSLLVGTANTGELFF	15.0	0.00017188628003712744	14.0	0.00015876976116491645
CASSLLVSTDTQYF	3.0	3.437725600742549e-05	3.0	3.402209167819637e-05
CASSLMAMLGPRGYTF	1.0	1.1459085335808496e-05	1.0	1.1340697226065458e-05
CASSLMEGLASTGELFF	8.0	9.167268268646797e-05	8.0	9.072557780852367e-05
CASSLMFQETQYF	1.0	1.1459085335808496e-05	1.0	1.1340697226065458e-05
CASSLMIQEAQYF	1.0	1.1459085335808496e-05	1.0	1.1340697226065458e-05
CASSLMIQETQYF	18.0	0.0002062635360445529	18.0	0.0002041325500691783
CASSLMNRGLGGGRAEAFF	8.0	9.167268268646796e-05	12.0	0.0001360883667127855
CASSLMRGRVNEQFF	15.0	0.00017188628003712744	15.0	0.0001701104583909819
CASSLNDPSGVQFF	2.0	2.2918170671616993e-05	3.0	3.402209167819637e-05
CASSLNIRAEAFF	30.0	0.0003437725600742549	30.0	0.00034022091678196373
CASSLNLRDTQYF	7.0	8.021359735065948e-05	7.0	7.93848805824582e-05
CASSLNNEQFF	71.0	0.0008135950588424032	101.0	0.0011454104198326
CASSLNNPSYGYTF	31.0	0.0003552316454100633	32.0	0.00036290231123409467
CASSLNPGQGRRGYTF	22.0	0.0002520998773877869	22.0	0.0002494953389734401
CASSLNQEYEQYF	238.0	0.0027272623099224	238.0	0.0026990859398035
CASSLNRLSGANVLTF	45.0	0.0005156588401113823	45.0	0.0005103313751729456
CASSLNRVQETQYF	55.0	0.0006302496934694672	55.0	0.0006237383474336002
CASSLNSGEYNEQFF	8.0	9.167268268646796e-05	8.0	9.072557780852368e-05
CASSLNSYEQYF	6.0	6.875451201485098e-05	6.0	6.804418335639275e-05
CASSLNVGWNEQFF	23.0	0.0002635589627235954	24.0	0.000272176733425571
CASSLNVSWVSKTEAFF	23.0	0.0002635589627235954	23.0	0.00026083603619950555
CASSLPGASYNEQFF	4.0	4.583634134323399e-05	4.0	4.536278890426183e-05
CASSLPGGAGYTF	59.0	0.0006760860348127012	59.0	0.0006691011363378621
CASSLPGGSPLHF	1.0	1.1459085335808496e-05	2.0	2.268139445213092e-05
CASSLPGQGNTEAFF	1.0	1.1459085335808496e-05	1.0	1.1340697226065458e-05
CASSLPGTGTYEQYF	6.0	6.875451201485098e-05	6.0	6.804418335639275e-05
CASSLPGTSTYNEQFF	2.0	2.2918170671616996e-05	2.0	2.268139445213092e-05
CASSLPLERVPQYF	13.0	0.00014896810936551044	13.0	0.00014742906393885096
CASSLPLERVSQYF	1.0	1.1459085335808496e-05	1.0	1.1340697226065458e-05
CASSLPLGEQYF	6.0	6.875451201485098e-05	6.0	6.804418335639275e-05
CASSLPNYEQYF	1.0	1.1459085335808496e-05	1.0	1.1340697226065458e-05
CASSLPPGQGYEQYF	13.0	0.00014896810936551044	13.0	0.000147429063938851
CASSLPPQETQYF	13.0	0.00014896810936551044	13.0	0.00014742906393885096
CASSLPREQFF	2.0	2.2918170671616996e-05	2.0	2.268139445213092e-05
CASSLPRTNFYEQYF	2.0	2.2918170671616996e-05	2.0	2.268139445213092e-05
CASSLPSGRGGGQETQYF	19.0	0.00021772262138036144	19.0	0.0002154732472952437
CASSLPSGSTDTQYF	1.0	1.1459085335808496e-05	1.0	1.1340697226065458e-05
CASSLPSYEQYF	1.0	1.1459085335808496e-05	1.0	1.1340697226065458e-05
CASSLPTGSGNTIYF	22.0	0.0002520998773877869	22.0	0.0002494953389734401
CASSLPVGGENTIYF	11.0	0.00012604993869389346	11.0	0.00012474766948672005
CASSLPVGSGSTDTQYF	2.0	2.2918170671616996e-05	2.0	2.268139445213092e-05
CASSLPYNEQFF	7.0	8.021359735065947e-05	7.0	7.938488058245821e-05
CASSLQGAAPYNEQFF	1.0	1.1459085335808496e-05	1.0	1.1340697226065458e-05
CASSLQGADNEKLFF	2.0	2.2918170671616996e-05	2.0	2.268139445213092e-05
CASSLQGGGAVYGYTF	2.0	2.2918170671616996e-05	2.0	2.268139445213092e-05
CASSLQGGRYNEQFF	5.0	5.729542667904248e-05	5.0	5.670348613032729e-05
CASSLQGIRETQYF	3.0	3.437725600742549e-05	3.0	3.402209167819637e-05
CASSLQGLEATEAFF	30.0	0.0003437725600742549	31.0	0.0003515616140080292
CASSLQGQETQYF	4.0	4.583634134323399e-05	4.0	4.536278890426183e-05
CASSLQGQGETGGYTF	10.0	0.00011459085335808496	10.0	0.0001134069722606546
CASSLQGSGVYAYEQYF	6.0	6.875451201485098e-05	6.0	6.804418335639275e-05
CASSLQLRGELFF	13.0	0.00014896810936551046	13.0	0.00014742906393885096
CASSLQNQPQHF	7.0	8.021359735065947e-05	7.0	7.938488058245821e-05
CASSLQQLIYNEQFF	3.0	3.437725600742549e-05	3.0	3.402209167819637e-05
CASSLQRDYEQYF	1.0	1.1459085335808496e-05	1.0	1.1340697226065458e-05
CASSLQTPGNSPLHF	3.0	3.437725600742549e-05	3.0	3.402209167819637e-05
CASSLQVYEQYF	1.0	1.1459085335808496e-05	1.0	1.1340697226065458e-05
CASSLRAESTYEQYF	3.0	3.437725600742549e-05	3.0	3.402209167819637e-05
CASSLRAGAYFNEQFF	1.0	1.1459085335808496e-05	1.0	1.1340697226065458e-05
CASSLRALRKEKLFF	1.0	1.1459085335808496e-05	1.0	1.1340697226065458e-05
CASSLRAPGLARYEQFF	48.0	0.0005500360961188078	48.0	0.000544353466851142
CASSLRARYAGELFF	3.0	3.437725600742549e-05	3.0	3.402209167819637e-05
CASSLRAVSGNEQFF	1.0	1.1459085335808496e-05	1.0	1.1340697226065458e-05
CASSLRDRGKGNQPQHF	5.0	5.729542667904248e-05	5.0	5.670348613032729e-05
CASSLRFGGGTGELFF	45.0	0.0005156588401113823	44.0	0.0004989906779468802
CASSLRGAGSPLHF	9.0	0.00010313176802227646	10.0	0.0001134069722606546
CASSLRGAYGYTF	23.0	0.0002635589627235954	23.0	0.00026083603619950555
CASSLRGGSEAFF	5.0	5.729542667904248e-05	5.0	5.670348613032729e-05
CASSLRGGSSYEQYF	3.0	3.437725600742549e-05	3.0	3.402209167819637e-05
CASSLRGLLGAKETQYF	10.0	0.00011459085335808496	10.0	0.0001134069722606546
CASSLRGQGNQPQHF	7.0	8.021359735065947e-05	7.0	7.938488058245821e-05
CASSLRGRGLNEKLFF	1.0	1.1459085335808496e-05	1.0	1.1340697226065458e-05
CASSLRGRHEQYF	3.0	3.437725600742549e-05	3.0	3.402209167819637e-05
CASSLRGRREGGYTF	8.0	9.167268268646796e-05	8.0	9.072557780852368e-05
CASSLRGTRAYNEQFF	2.0	2.2918170671616996e-05	3.0	3.402209167819637e-05
CASSLRGTREQYF	2.0	2.2918170671616996e-05	2.0	2.268139445213092e-05
CASSLRGTSFHEQYF	1.0	1.1459085335808496e-05	1.0	1.1340697226065458e-05
CASSLRGTSPSYF	19.0	0.00021772262138036144	25.0	0.0002835174306516365
CASSLRIGGLGYTF	14.0	0.00016042719470131894	14.0	0.00015876976116491645
CASSLRKLAGADTQYF	2.0	2.2918170671616996e-05	2.0	2.268139445213092e-05
CASSLRLAGAMGYF	6.0	6.875451201485098e-05	6.0	6.804418335639275e-05
CASSLRLAGNEQYF	7.0	8.021359735065947e-05	7.0	7.938488058245821e-05
CASSLRLIQGQLYGYTF	12.0	0.00013750902402970196	13.0	0.00014742906393885096
CASSLRLLYAQYF	15.0	0.00017188628003712744	15.0	0.0001701104583909819
CASSLRLNNSPLHF	2.0	2.2918170671616996e-05	2.0	2.268139445213092e-05
CASSLRLNTDTQYF	8.0	9.167268268646796e-05	8.0	9.072557780852368e-05
CASSLRPDIYEQFF	2.0	2.2918170671616996e-05	2.0	2.268139445213092e-05
CASSLRPMAAKNIQYF	2.0	2.2918170671616996e-05	2.0	2.268139445213092e-05
CASSLRPNTEAFF	18.0	0.0002062635360445529	18.0	0.0002041325500691783
CASSLRPPTAQGAHTDTQYF	1.0	1.1459085335808496e-05	1.0	1.1340697226065458e-05
CASSLRPRYYEQYF	10.0	0.00011459085335808496	10.0	0.0001134069722606546
CASSLRQELTDTQYF	3.0	3.437725600742549e-05	3.0	3.402209167819637e-05
CASSLRQGGAFF	18.0	0.0002062635360445529	18.0	0.0002041325500691783
CASSLRQGSYQGRNQPQHF	22.0	0.0002520998773877869	22.0	0.0002494953389734401
CASSLRQGVGGNQPQHF	4.0	4.583634134323399e-05	4.0	4.536278890426183e-05
CASSLRQLEGYTF	16.0	0.00018334536537293597	18.0	0.0002041325500691783
CASSLRRAALTDTQYF	71.0	0.0008135950588424032	71.0	0.0008051895030506476
CASSLRRETQYF	3.0	3.437725600742549e-05	3.0	3.402209167819637e-05
CASSLRRFAGGRVTQYF	3.0	3.437725600742549e-05	3.0	3.402209167819637e-05
CASSLRRFPRQETQYF	27.0	0.0003093953040668294	28.0	0.00031753952232983285
CASSLRRGGSGNTIYF	4.0	4.583634134323399e-05	4.0	4.536278890426183e-05
CASSLRRTNTGELFF	1.0	1.1459085335808496e-05	1.0	1.1340697226065458e-05
CASSLRRVSPLHF	10.0	0.00011459085335808496	11.0	0.00012474766948672005
CASSLRSGRPFKTEAFF	9.0	0.00010313176802227646	9.0	0.00010206627503458912
CASSLRSGRPTGELFF	4.0	4.583634134323399e-05	4.0	4.536278890426183e-05
CASSLRSLGSREAEAFF	15.0	0.00017188628003712744	15.0	0.0001701104583909819
CASSLRTGGDSPLHF	6.0	6.875451201485098e-05	6.0	6.804418335639275e-05
CASSLRTGGYEQYF	123.0	0.0014094674963044	122.0	0.0013835650615799
CASSLRTGVGTDTQYF	3.0	3.437725600742549e-05	3.0	3.402209167819637e-05
CASSLRTSGRADTQYF	1.0	1.1459085335808496e-05	1.0	1.1340697226065458e-05
CASSLRTSGREYNEQFF	32.0	0.0003666907307458719	32.0	0.00036290231123409467
CASSLRTSGTPREFF	2.0	2.2918170671616996e-05	2.0	2.268139445213092e-05
CASSLRTSGYEETQYF	3.0	3.437725600742549e-05	3.0	3.402209167819637e-05
CASSLRTSVNTGELFF	2.0	2.2918170671616996e-05	2.0	2.268139445213092e-05
CASSLRVTETQYF	8.0	9.167268268646796e-05	8.0	9.072557780852368e-05
CASSLRYQPQHF	10.0	0.00011459085335808496	10.0	0.0001134069722606546
CASSLSACYGYTF	1.0	1.1459085335808496e-05	1.0	1.1340697226065458e-05
CASSLSAGDPEQYF	6.0	6.875451201485098e-05	6.0	6.804418335639275e-05
CASSLSAGGEAFF	4.0	4.583634134323399e-05	4.0	4.536278890426183e-05
CASSLSAGGGYEQYF	3.0	3.437725600742549e-05	3.0	3.402209167819637e-05
CASSLSAGRGYEQYF	1.0	1.1459085335808496e-05	1.0	1.1340697226065458e-05
CASSLSAGYGYTF	4.0	4.583634134323399e-05	4.0	4.536278890426183e-05
CASSLSARREKLFF	14.0	0.00016042719470131894	14.0	0.00015876976116491645
CASSLSARYEQYF	3.0	3.437725600742549e-05	3.0	3.402209167819637e-05
CASSLSASSYNSPLHF	10.0	0.00011459085335808496	10.0	0.0001134069722606546
CASSLSDLSYEQYF	6.0	6.875451201485098e-05	6.0	6.804418335639275e-05
CASSLSDRREKLFF	1.0	1.1459085335808496e-05	1.0	1.1340697226065458e-05
CASSLSEATYNEQFF	19.0	0.00021772262138036144	18.0	0.0002041325500691783
CASSLSGAQETQYF	6.0	6.875451201485098e-05	7.0	7.938488058245821e-05
CASSLSGARLGNIQYF	1.0	1.1459085335808496e-05	3.0	3.402209167819637e-05
CASSLSGAVVTEAFF	8.0	9.167268268646796e-05	8.0	9.072557780852368e-05
CASSLSGDSSYEQYF	2.0	2.2918170671616996e-05	2.0	2.268139445213092e-05
CASSLSGGFSGNTIYF	319.0	0.0036554482221229	317.0	0.0035950010206627
CASSLSGGRRRQPQHF	13.0	0.00014896810936551044	13.0	0.00014742906393885096
CASSLSGGSSYEQYF	3.0	3.437725600742549e-05	3.0	3.402209167819637e-05
CASSLSGGSYEQYF	5.0	5.7295426679042487e-05	5.0	5.670348613032729e-05
CASSLSGGTDTQYF	5.0	5.7295426679042487e-05	5.0	5.670348613032729e-05
CASSLSGISYEQYF	8.0	9.167268268646796e-05	8.0	9.072557780852368e-05
CASSLSGLNYGYTF	32.0	0.0003666907307458719	32.0	0.00036290231123409467
CASSLSGRGTGELFF	9.0	0.00010313176802227646	9.0	0.00010206627503458912
CASSLSGRGTGKLFF	1.0	1.1459085335808496e-05	1.0	1.1340697226065458e-05
CASSLSGRLTEAFF	4.0	4.583634134323399e-05	4.0	4.536278890426183e-05
CASSLSGSPLHF	7.0	8.021359735065948e-05	7.0	7.938488058245821e-05
CASSLSGTIDNEQFF	11.0	0.00012604993869389346	12.0	0.0001360883667127855
CASSLSGTLNLGGNTIYF	3.0	3.437725600742549e-05	3.0	3.402209167819637e-05
CASSLSGTWGETQYF	6.0	6.875451201485098e-05	6.0	6.804418335639275e-05
CASSLSLGSYEQYF	7.0	8.021359735065947e-05	7.0	7.938488058245821e-05
CASSLSLSGDTQYF	5.0	5.729542667904248e-05	5.0	5.670348613032729e-05
CASSLSPASGANVLTF	5.0	5.729542667904248e-05	5.0	5.670348613032729e-05
CASSLSPGGRETQYF	4.0	4.583634134323399e-05	5.0	5.670348613032729e-05
CASSLSPGNEQFF	1.0	1.1459085335808496e-05	1.0	1.1340697226065458e-05
CASSLSPGRTEAFF	13.0	0.00014896810936551044	13.0	0.00014742906393885096
CASSLSPRQGSGANVLTF	19.0	0.00021772262138036144	19.0	0.0002154732472952437
CASSLSPTGAAFF	4.0	4.583634134323399e-05	4.0	4.536278890426183e-05
CASSLSQQPSYEQYF	8.0	9.167268268646796e-05	8.0	9.072557780852368e-05
CASSLSRAYGYTF	8.0	9.167268268646796e-05	8.0	9.072557780852368e-05
CASSLSRGIGADTQYF	4.0	4.583634134323399e-05	5.0	5.670348613032729e-05
CASSLSRSYVLTF	2.0	2.2918170671616996e-05	3.0	3.402209167819637e-05
CASSLSRTEQEKLFF	13.0	0.00014896810936551044	13.0	0.00014742906393885096
CASSLSRTGGAEQFF	1.0	1.1459085335808496e-05	1.0	1.1340697226065458e-05
CASSLSRVVEGNTIYF	17.0	0.0001948044507087444	17.0	0.0001927918528431128
CASSLSSAAPETQYF	1.0	1.1459085335808496e-05	1.0	1.1340697226065458e-05
CASSLSSGANVLTF	147.0	0.0016844855443638	148.0	0.0016784231894576
CASSLSSGGPFAGELFF	11.0	0.00012604993869389346	11.0	0.00012474766948672005
CASSLSSGRSYEQYF	1.0	1.1459085335808496e-05	1.0	1.1340697226065458e-05
CASSLSSGSYEQYF	1.0	1.1459085335808496e-05	1.0	1.1340697226065458e-05
CASSLSSRYEQYF	4.0	4.583634134323399e-05	4.0	4.536278890426183e-05
CASSLSSYNEQFF	15.0	0.00017188628003712744	15.0	0.0001701104583909819
CASSLSTANSPLHF	8.0	9.167268268646798e-05	8.0	9.072557780852368e-05
CASSLSTGTEQFF	3.0	3.437725600742549e-05	3.0	3.402209167819637e-05
CASSLSVGGPGRVNEQFF	7.0	8.021359735065947e-05	11.0	0.00012474766948672005
CASSLSVIAGGGSLGTQYF	7.0	8.021359735065947e-05	7.0	7.938488058245821e-05
CASSLSVIQGNNEQFF	2.0	2.2918170671616996e-05	2.0	2.268139445213092e-05
CASSLSVKQYF	16.0	0.00018334536537293597	16.0	0.00018145115561704733
CASSLSWTSGDTDTQYF	3.0	3.437725600742549e-05	3.0	3.402209167819637e-05
CASSLTADRRNEQFF	1.0	1.1459085335808496e-05	1.0	1.1340697226065458e-05
CASSLTAGGTDTQYF	1.0	1.1459085335808496e-05	1.0	1.1340697226065458e-05
CASSLTAGGYETQYF	6.0	6.875451201485098e-05	6.0	6.804418335639275e-05
CASSLTAGISGANVLTF	3.0	3.437725600742549e-05	3.0	3.402209167819637e-05
CASSLTANTEAFF	27.0	0.0003093953040668294	27.0	0.00030619882510376736
CASSLTATEGNEQFF	1.0	1.1459085335808496e-05	1.0	1.1340697226065458e-05
CASSLTDIGSSPLHF	3.0	3.437725600742549e-05	3.0	3.402209167819637e-05
CASSLTDRGRGGYTF	5.0	5.729542667904248e-05	5.0	5.670348613032729e-05
CASSLTDSYEQYF	1.0	1.1459085335808496e-05	1.0	1.1340697226065458e-05
CASSLTDTSYNSPLHF	79.0	0.0009052677415288711	79.0	0.0008959150808591712
CASSLTGAFATNEKLFF	36.0	0.0004125270720891058	36.0	0.0004082651001383565
CASSLTGAHNEQFF	1.0	1.1459085335808496e-05	1.0	1.1340697226065458e-05
CASSLTGGGETQYF	13.0	0.00014896810936551044	13.0	0.00014742906393885096
CASSLTGLQPQHF	4.0	4.583634134323399e-05	4.0	4.536278890426183e-05
CASSLTGRVGTGELFF	2.0	2.2918170671616996e-05	2.0	2.268139445213092e-05
CASSLTGTGGQYF	22.0	0.0002520998773877869	22.0	0.0002494953389734401
CASSLTGTTNEKLFF	11.0	0.00012604993869389346	11.0	0.00012474766948672005
CASSLTGTTYNEQFF	72.0	0.0008250541441782117	73.0	0.0008278708975027784
CASSLTGYEQYF	5.0	5.729542667904248e-05	5.0	5.670348613032729e-05
CASSLTIGGTDTQYF	1.0	1.1459085335808496e-05	1.0	1.1340697226065458e-05
CASSLTKRDQQYF	5.0	5.729542667904248e-05	5.0	5.670348613032729e-05
CASSLTLAPYNEQFF	9.0	0.00010313176802227646	9.0	0.00010206627503458912
CASSLTQGPTSSSYEQYF	9.0	0.00010313176802227646	9.0	0.00010206627503458912
CASSLTQNTEAFF	2.0	2.2918170671616996e-05	2.0	2.268139445213092e-05
CASSLTQQRGFGYTF	8.0	9.167268268646796e-05	11.0	0.00012474766948672005
CASSLTRNSPLHF	4.0	4.583634134323399e-05	3.0	3.402209167819637e-05
CASSLTSETQYF	1.0	1.1459085335808496e-05	1.0	1.1340697226065458e-05
CASSLTSGAYEQYF	14.0	0.00016042719470131894	15.0	0.0001701104583909819
CASSLTSGSNEQYF	3.0	3.437725600742549e-05	3.0	3.402209167819637e-05
CASSLTSGTSAQFF	5.0	5.729542667904248e-05	7.0	7.938488058245821e-05
CASSLTSIHYEQYF	1.0	1.1459085335808496e-05	1.0	1.1340697226065458e-05
CASSLTTGNEQFF	31.0	0.0003552316454100633	32.0	0.00036290231123409467
CASSLTVRDEQYF	16.0	0.00018334536537293597	16.0	0.00018145115561704733
CASSLTVSSYNEQFF	10.0	0.00011459085335808496	10.0	0.0001134069722606546
CASSLTWGLRLRYTF	2.0	2.2918170671616996e-05	2.0	2.268139445213092e-05
CASSLVAGEQYF	34.0	0.0003896089014174888	34.0	0.0003855837056862256
CASSLVAGFRGYTF	105.0	0.001203203960259817	105.0	0.0011907732087368
CASSLVARGGPWETQHF	1.0	1.1459085335808496e-05	1.0	1.1340697226065458e-05
CASSLVARGGPWETQYF	10.0	0.00011459085335808496	10.0	0.00011340697226065457
CASSLVARSSYEQYF	37.0	0.0004239861574249144	37.0	0.000419605797364422
CASSLVASGNNEQFF	4.0	4.583634134323399e-05	4.0	4.536278890426183e-05
CASSLVASGRGKNIQYF	1.0	1.1459085335808496e-05	2.0	2.268139445213092e-05
CASSLVASGRRNEQYF	15.0	0.00017188628003712744	15.0	0.0001701104583909819
CASSLVASGRVYEQYF	4.0	4.583634134323399e-05	4.0	4.536278890426183e-05
CASSLVASPNEQYF	9.0	0.00010313176802227646	9.0	0.00010206627503458912
CASSLVDYHNEQFF	1.0	1.1459085335808496e-05	1.0	1.1340697226065458e-05
CASSLVFRDTEAFF	18.0	0.0002062635360445529	18.0	0.0002041325500691783
CASSLVGESSHEQYF	25.0	0.0002864771333952124	25.0	0.0002835174306516365
CASSLVGGGKETQYF	2.0	2.2918170671616996e-05	2.0	2.268139445213092e-05
CASSLVGGGNTEAFF	11.0	0.00012604993869389346	11.0	0.00012474766948672005
CASSLVGGLRNEQYF	16.0	0.00018334536537293597	21.0	0.00023815464174737464
CASSLVGGQTYGYTF	23.0	0.0002635589627235954	22.0	0.0002494953389734401
CASSLVGGSKYEQYF	1.0	1.1459085335808496e-05	1.0	1.1340697226065458e-05
CASSLVGPGYSPLHF	11.0	0.00012604993869389346	12.0	0.0001360883667127855
CASSLVGPQETQYF	2.0	2.2918170671616996e-05	2.0	2.268139445213092e-05
CASSLVGQGNSPLHF	5.0	5.7295426679042487e-05	5.0	5.670348613032729e-05
CASSLVGRAEAFF	24.0	0.0002750180480594039	24.0	0.000272176733425571
CASSLVGRMNTEAFF	3.0	3.437725600742549e-05	3.0	3.402209167819637e-05
CASSLVGSNYGYTF	19.0	0.00021772262138036144	19.0	0.0002154732472952437
CASSLVGSNYGYTL	1.0	1.1459085335808496e-05	1.0	1.1340697226065458e-05
CASSLVGSPDTQYF	23.0	0.0002635589627235954	24.0	0.000272176733425571
CASSLVGTGALSYEQYF	7.0	8.021359735065947e-05	7.0	7.938488058245821e-05
CASSLVGTGAVGANVLTF	12.0	0.00013750902402970196	12.0	0.0001360883667127855
CASSLVGTGWVQPQHF	15.0	0.00017188628003712744	14.0	0.00015876976116491645
CASSLVGTSPYEQYF	24.0	0.0002750180480594039	24.0	0.000272176733425571
CASSLVGTVQETQYF	39.0	0.0004469043280965313	39.0	0.0004422871918165529
CASSLVGVSNQPQHF	1.0	1.1459085335808496e-05	1.0	1.1340697226065458e-05
CASSLVGYNEQFF	15.0	0.00017188628003712744	15.0	0.0001701104583909819
CASSLVHYEQYF	2.0	2.2918170671616996e-05	2.0	2.268139445213092e-05
CASSLVIGRGGTEAFF	28.0	0.0003208543894026379	28.0	0.00031753952232983285
CASSLVIRSYNEQFF	4.0	4.583634134323399e-05	4.0	4.536278890426183e-05
CASSLVKGSYEQYF	3.0	3.437725600742549e-05	3.0	3.402209167819637e-05
CASSLVLAGVGKETQYF	5.0	5.729542667904248e-05	5.0	5.670348613032729e-05
CASSLVLLAASTDTQYF	2.0	2.2918170671616996e-05	2.0	2.268139445213092e-05
CASSLVMGDTEAFF	9.0	0.00010313176802227646	9.0	0.00010206627503458912
CASSLVNGRAGDTQYF	5.0	5.729542667904248e-05	5.0	5.670348613032729e-05
CASSLVNNEQFF	2.0	2.2918170671616996e-05	2.0	2.268139445213092e-05
CASSLVPGLANNEQFF	20.0	0.00022918170671616992	27.0	0.00030619882510376736
CASSLVPGTGDNEQFF	67.0	0.0007677587174991692	79.0	0.0008959150808591712
CASSLVPHTGGPYEQYF	1.0	1.1459085335808496e-05	1.0	1.1340697226065458e-05
CASSLVPLGQPQHF	1.0	1.1459085335808496e-05	1.0	1.1340697226065458e-05
CASSLVPLLISGNTIYF	12.0	0.00013750902402970196	12.0	0.0001360883667127855
CASSLVPVNTEAFF	7.0	8.021359735065947e-05	7.0	7.938488058245821e-05
CASSLVPYEQYF	44.0	0.0005041997547755738	44.0	0.0004989906779468802
CASSLVQGAWFF	3.0	3.437725600742549e-05	3.0	3.402209167819637e-05
CASSLVQGPNQPQHF	12.0	0.00013750902402970196	12.0	0.0001360883667127855
CASSLVQGVGELFF	25.0	0.0002864771333952124	25.0	0.0002835174306516365
CASSLVQRNTEAFF	13.0	0.00014896810936551046	13.0	0.00014742906393885096
CASSLVQSWTEAFF	2.0	2.2918170671616996e-05	2.0	2.268139445213092e-05
CASSLVREETQYF	26.0	0.0002979362187310209	26.0	0.0002948581278777019
CASSLVSAGSYNEQFF	4.0	4.583634134323399e-05	4.0	4.536278890426183e-05
CASSLVSGDNEQFF	14.0	0.00016042719470131894	14.0	0.00015876976116491645
CASSLVSGYEQYF	39.0	0.0004469043280965313	39.0	0.0004422871918165529
CASSLVSLGQPQHF	2.0	2.2918170671616996e-05	2.0	2.268139445213092e-05
CASSLVSNSPLHF	3.0	3.437725600742549e-05	3.0	3.402209167819637e-05
CASSLVSSGNTIYF	15.0	0.00017188628003712744	15.0	0.0001701104583909819
CASSLVSTHEQYF	8.0	9.167268268646796e-05	8.0	9.072557780852368e-05
CASSLVTGGGAGELFF	7.0	8.021359735065947e-05	7.0	7.938488058245821e-05
CASSLVTTGAKNIQYF	15.0	0.00017188628003712744	15.0	0.0001701104583909819
CASSLVVPGSQETQYF	1.0	1.1459085335808496e-05	2.0	2.268139445213092e-05
CASSLVWGTNEKLFF	11.0	0.00012604993869389346	11.0	0.00012474766948672005
CASSLVWGTQGKQFF	17.0	0.0001948044507087444	18.0	0.0002041325500691783
CASSLVYTSGRSYEQYF	23.0	0.0002635589627235954	23.0	0.00026083603619950555
CASSLWAAGETQYF	1.0	1.1459085335808496e-05	1.0	1.1340697226065458e-05
CASSLWDGNNNEQFF	3.0	3.437725600742549e-05	3.0	3.402209167819637e-05
CASSLWDREKLCF	1.0	1.1459085335808496e-05	1.0	1.1340697226065458e-05
CASSLWDREKLFF	4.0	4.583634134323399e-05	4.0	4.536278890426183e-05
CASSLWDRVSGNTIYF	5.0	5.729542667904248e-05	5.0	5.670348613032729e-05
CASSLWDTQYF	1.0	1.1459085335808496e-05	1.0	1.1340697226065458e-05
CASSLWFGGANTDTQYF	5.0	5.729542667904248e-05	5.0	5.670348613032729e-05
CASSLWGFNTEAFF	37.0	0.0004239861574249144	38.0	0.0004309464945904874
CASSLWGGSNYGYTF	6.0	6.875451201485098e-05	6.0	6.804418335639275e-05
CASSLWGQETQYF	6.0	6.875451201485098e-05	6.0	6.804418335639275e-05
CASSLWGQGYEQYF	6.0	6.875451201485098e-05	6.0	6.804418335639275e-05
CASSLWGSGANVLTF	2.0	2.2918170671616996e-05	2.0	2.268139445213092e-05
CASSLWIGGPSTDTQYF	2.0	2.2918170671616996e-05	2.0	2.268139445213092e-05
CASSLWLSNQPQHF	3.0	3.437725600742549e-05	3.0	3.402209167819637e-05
CASSLWQGGHEQYF	13.0	0.00014896810936551044	13.0	0.00014742906393885096
CASSLWTAGETQYF	21.0	0.0002406407920519784	21.0	0.00023815464174737464
CASSLWTTDTQYF	1.0	1.1459085335808496e-05	1.0	1.1340697226065458e-05
CASSLYATPGGYNEQFF	4.0	4.583634134323399e-05	4.0	4.536278890426183e-05
CASSLYEQYF	18.0	0.0002062635360445529	18.0	0.0002041325500691783
CASSLYGEALHF	10.0	0.00011459085335808496	14.0	0.00015876976116491645
CASSLYGEQFF	6.0	6.875451201485098e-05	7.0	7.938488058245821e-05
CASSLYGGPETQYF	4.0	4.583634134323399e-05	4.0	4.536278890426183e-05
CASSLYGTGVMNTEAFF	5.0	5.729542667904248e-05	5.0	5.670348613032729e-05
CASSLYHLASYNEQFF	9.0	0.00010313176802227646	9.0	0.00010206627503458912
CASSLYLREGRGERFF	1.0	1.1459085335808496e-05	1.0	1.1340697226065458e-05
CASSLYPGGAYEQYF	3.0	3.437725600742549e-05	3.0	3.402209167819637e-05
CASSLYPNTEAFF	31.0	0.0003552316454100633	31.0	0.0003515616140080292
CASSLYRGSYEQYF	11.0	0.00012604993869389346	11.0	0.00012474766948672005
CASSLYRSGGGYTF	1.0	1.1459085335808496e-05	1.0	1.1340697226065458e-05
CASSLYSSRASNGNTIYF	7.0	8.021359735065947e-05	7.0	7.938488058245821e-05
CASSLYSSVSGVDEQYF	1.0	1.1459085335808496e-05	1.0	1.1340697226065458e-05
CASSLYVSGGTRGYTF	38.0	0.0004354452427607229	39.0	0.0004422871918165529
CASSMASGSYNEQFF	1.0	1.1459085335808496e-05	1.0	1.1340697226065458e-05
CASSMATTGGLEQFF	3.0	3.437725600742549e-05	3.0	3.402209167819637e-05
CASSMDRLSTQQYF	8.0	9.167268268646796e-05	10.0	0.0001134069722606546
CASSMGETNFGDTQYF	5.0	5.729542667904248e-05	6.0	6.804418335639275e-05
CASSMGGELFF	35.0	0.00040106798675329736	35.0	0.00039692440291229104
CASSMGGFIYGYTF	4.0	4.583634134323399e-05	4.0	4.536278890426183e-05
CASSMGHAQETQYF	2.0	2.2918170671616996e-05	2.0	2.268139445213092e-05
CASSMGLIKETQYF	7.0	8.021359735065947e-05	7.0	7.938488058245821e-05
CASSMGQLSSYEQYF	2.0	2.2918170671616996e-05	2.0	2.268139445213092e-05
CASSMGQSGNTEAFF	5.0	5.729542667904248e-05	5.0	5.670348613032729e-05
CASSMGTGGPYNSPLHF	13.0	0.00014896810936551046	13.0	0.00014742906393885096
CASSMGTGSPYNSPLHF	1.0	1.1459085335808496e-05	1.0	1.1340697226065458e-05
CASSMGTSYNEQFF	3.0	3.437725600742549e-05	3.0	3.402209167819637e-05
CASSMILNTGELFF	28.0	0.0003208543894026379	28.0	0.00031753952232983285
CASSMKGINTEAFF	7.0	8.021359735065947e-05	7.0	7.938488058245821e-05
CASSMLGQRRNTIYF	6.0	6.875451201485098e-05	6.0	6.804418335639275e-05
CASSMMSASGEQYF	40.0	0.00045836341343233984	40.0	0.0004536278890426184
CASSMRGNYGYTF	2.0	2.2918170671616996e-05	2.0	2.268139445213092e-05
CASSMRTGGYEQYF	1.0	1.1459085335808496e-05	1.0	1.1340697226065458e-05
CASSMSGQGYSNQPQHF	8.0	9.167268268646796e-05	8.0	9.072557780852368e-05
CASSMTATNEKLFF	13.0	0.00014896810936551044	13.0	0.00014742906393885096
CASSMTATNEKLFL	1.0	1.1459085335808496e-05	1.0	1.1340697226065458e-05
CASSMTEMNTEAFF	213.0	0.0024407851765272	213.0	0.0024155685091519
CASSMTGGVYGYTF	9.0	0.00010313176802227646	9.0	0.00010206627503458912
CASSMTSANTGELFF	16.0	0.00018334536537293597	16.0	0.00018145115561704733
CASSMWEGTEAFF	4.0	4.583634134323399e-05	4.0	4.536278890426183e-05
CASSMYRGTDTQYF	19.0	0.00021772262138036144	19.0	0.0002154732472952437
CASSNDRMWVAKNIQYF	1.0	1.1459085335808496e-05	1.0	1.1340697226065458e-05
CASSNGFQETQYF	20.0	0.00022918170671616992	20.0	0.0002268139445213092
CASSNGQGSTDTQYF	2.0	2.2918170671616996e-05	2.0	2.268139445213092e-05
CASSNHRTGGTGELFF	12.0	0.00013750902402970196	12.0	0.0001360883667127855
CASSNISGRNIQYF	6.0	6.875451201485098e-05	10.0	0.0001134069722606546
CASSNLAGGSNEQFF	6.0	6.875451201485098e-05	6.0	6.804418335639275e-05
CASSNLAGGTDTQYF	4.0	4.583634134323399e-05	4.0	4.536278890426183e-05
CASSNLDPYYGYTF	13.0	0.00014896810936551044	13.0	0.00014742906393885096
CASSNPGVHHEQFF	2.0	2.2918170671616996e-05	2.0	2.268139445213092e-05
CASSNRENYGYTF	25.0	0.0002864771333952124	25.0	0.0002835174306516365
CASSNRGAQSTDTQYF	2.0	2.2918170671616996e-05	2.0	2.268139445213092e-05
CASSNRLSSGRNTGELFF	1.0	1.1459085335808496e-05	1.0	1.1340697226065458e-05
CASSNRLTSGRNTGELFF	15.0	0.00017188628003712744	14.0	0.00015876976116491645
CASSNRQGYQPQHF	3.0	3.437725600742549e-05	3.0	3.402209167819637e-05
CASSNRSNQPQHF	13.0	0.00014896810936551044	13.0	0.00014742906393885096
CASSNSGANVLTF	24.0	0.0002750180480594039	24.0	0.000272176733425571
CASSNTEIRFQPQHF	1.0	1.1459085335808496e-05	1.0	1.1340697226065458e-05
CASSNTKIRFQPQHF	18.0	0.0002062635360445529	18.0	0.0002041325500691783
CASSNTWTSGRAGGELFF	8.0	9.167268268646796e-05	8.0	9.072557780852368e-05
CASSNVPAGGETQYF	8.0	9.167268268646796e-05	8.0	9.072557780852368e-05
CASSPAAGMGEAFF	28.0	0.0003208543894026379	28.0	0.00031753952232983285
CASSPAASGYEQYF	24.0	0.0002750180480594039	24.0	0.000272176733425571
CASSPAFRITKISGYTF	11.0	0.00012604993869389346	12.0	0.0001360883667127855
CASSPAGETYNEQFF	9.0	0.00010313176802227646	9.0	0.00010206627503458912
CASSPAGFYNEQFF	4.0	4.583634134323399e-05	4.0	4.536278890426183e-05
CASSPAGGANVLTF	25.0	0.0002864771333952124	25.0	0.0002835174306516365
CASSPAGQGSLEQYF	87.0	0.000996940424215339	87.0	0.0009866406586676948
CASSPAGSGGDGYTF	11.0	0.00012604993869389346	12.0	0.0001360883667127855
CASSPAGSYNEQFF	1.0	1.1459085335808496e-05	1.0	1.1340697226065458e-05
CASSPAGTFVEQYF	7.0	8.021359735065947e-05	7.0	7.938488058245821e-05
CASSPAIRSGTRVIYEQYF	1.0	1.1459085335808496e-05	1.0	1.1340697226065458e-05
CASSPALLGSTEAFF	12.0	0.00013750902402970196	12.0	0.0001360883667127855
CASSPANSYEQYF	40.0	0.00045836341343233984	40.0	0.0004536278890426184
CASSPARDQPQHF	2.0	2.2918170671616996e-05	2.0	2.268139445213092e-05
CASSPAVKSPLHF	2.0	2.2918170671616993e-05	2.0	2.268139445213092e-05
CASSPAVPGGEQYF	7.0	8.021359735065947e-05	7.0	7.938488058245821e-05
CASSPAYSAHYGYTF	23.0	0.0002635589627235954	23.0	0.00026083603619950555
CASSPDLGQGRETQYF	3.0	3.437725600742549e-05	3.0	3.402209167819637e-05
CASSPDLTSGAYF	5.0	5.729542667904248e-05	8.0	9.072557780852368e-05
CASSPDPNNIQYF	2.0	2.2918170671616996e-05	2.0	2.268139445213092e-05
CASSPDPQSTEAFF	34.0	0.0003896089014174888	33.0	0.0003742430084601601
CASSPDRDLQETQYF	7.0	8.021359735065947e-05	7.0	7.938488058245821e-05
CASSPDRDQPQHF	2.0	2.2918170671616996e-05	2.0	2.268139445213092e-05
CASSPDRGMIAEAFF	9.0	0.00010313176802227646	9.0	0.00010206627503458912
CASSPDRNQPQHF	7.0	8.021359735065947e-05	7.0	7.938488058245821e-05
CASSPDSGWSTDTQYF	9.0	0.00010313176802227646	10.0	0.0001134069722606546
CASSPDSKGEQFF	10.0	0.00011459085335808496	10.0	0.0001134069722606546
CASSPEAMNYGYTF	11.0	0.00012604993869389346	10.0	0.0001134069722606546
CASSPEGGLFGPQHF	5.0	5.729542667904248e-05	5.0	5.670348613032729e-05
CASSPEIGTASYEQYF	15.0	0.00017188628003712744	15.0	0.0001701104583909819
CASSPENLPYEQYF	11.0	0.00012604993869389346	11.0	0.00012474766948672005
CASSPENRDTEAFF	24.0	0.0002750180480594039	24.0	0.000272176733425571
CASSPERDSAYFF	4.0	4.583634134323399e-05	4.0	4.536278890426183e-05
CASSPERPLGGYTF	11.0	0.00012604993869389346	11.0	0.00012474766948672005
CASSPERPLGGYTL	1.0	1.1459085335808496e-05	1.0	1.1340697226065458e-05
CASSPESGSNQPQHF	11.0	0.00012604993869389346	11.0	0.00012474766948672005
CASSPFDGAGGYTF	6.0	6.875451201485098e-05	6.0	6.804418335639275e-05
CASSPFGQGWNTGELFF	10.0	0.00011459085335808496	10.0	0.0001134069722606546
CASSPFGTGTYEQYF	4.0	4.583634134323399e-05	4.0	4.536278890426183e-05
CASSPFLESYEQYF	1.0	1.1459085335808496e-05	1.0	1.1340697226065458e-05
CASSPFREVAYNEQFF	14.0	0.00016042719470131894	14.0	0.00015876976116491645
CASSPFWDYPTDTQYF	3.0	3.437725600742549e-05	3.0	3.402209167819637e-05
CASSPGAGDTEAFF	8.0	9.167268268646796e-05	8.0	9.072557780852368e-05
CASSPGAPAYEQYF	7.0	8.021359735065947e-05	7.0	7.938488058245821e-05
CASSPGAYSNQPQHF	10.0	0.00011459085335808496	10.0	0.0001134069722606546
CASSPGDGEKLFF	4.0	4.583634134323399e-05	4.0	4.536278890426183e-05
CASSPGDRAPEQYF	2.0	2.2918170671616996e-05	2.0	2.268139445213092e-05
CASSPGDRVNTEAFF	35.0	0.00040106798675329736	35.0	0.00039692440291229104
CASSPGFVGSPLHF	29.0	0.0003323134747384464	34.0	0.0003855837056862256
CASSPGGADGANVLTF	20.0	0.00022918170671616992	20.0	0.0002268139445213092
CASSPGGADGANVPTF	1.0	1.1459085335808496e-05	1.0	1.1340697226065458e-05
CASSPGGDRSYEQYF	7.0	8.021359735065947e-05	7.0	7.938488058245821e-05
CASSPGGGQSEKLFF	5.0	5.729542667904248e-05	5.0	5.670348613032729e-05
CASSPGGMGGETQYF	1.0	1.1459085335808496e-05	1.0	1.1340697226065458e-05
CASSPGGMGTGELFF	8.0	9.167268268646796e-05	8.0	9.072557780852368e-05
CASSPGGRQYF	4.0	4.583634134323399e-05	4.0	4.536278890426183e-05
CASSPGGSDQPQHF	12.0	0.00013750902402970196	12.0	0.0001360883667127855
CASSPGGTSNQPQHF	28.0	0.0003208543894026379	28.0	0.00031753952232983285
CASSPGGTTNEKLFF	7.0	8.021359735065947e-05	7.0	7.938488058245821e-05
CASSPGGYREQFF	3.0	3.437725600742549e-05	3.0	3.402209167819637e-05
CASSPGHLQETQYF	8.0	9.167268268646796e-05	8.0	9.072557780852368e-05
CASSPGIGGNANYGYTF	21.0	0.0002406407920519784	21.0	0.00023815464174737464
CASSPGILHNEQFF	5.0	5.729542667904248e-05	5.0	5.670348613032729e-05
CASSPGIRYQPQHF	27.0	0.0003093953040668294	27.0	0.00030619882510376736
CASSPGKHEQFF	53.0	0.0006073315227978503	56.0	0.0006350790446596657
CASSPGLAETQYF	24.0	0.00027501804805940387	23.0	0.00026083603619950555
CASSPGLAGELFF	10.0	0.00011459085335808496	10.0	0.0001134069722606546
CASSPGLAGGHYEQYF	23.0	0.0002635589627235954	23.0	0.00026083603619950555
CASSPGLAGGLEQFF	14.0	0.00016042719470131894	14.0	0.00015876976116491645
CASSPGLAGGSTQYF	2.0	2.2918170671616996e-05	2.0	2.268139445213092e-05
CASSPGLAGGVNTQYF	4.0	4.583634134323399e-05	4.0	4.536278890426183e-05
CASSPGLAGPGEQYF	3.0	3.437725600742549e-05	3.0	3.402209167819637e-05
CASSPGLAGPYEQYF	1.0	1.1459085335808496e-05	1.0	1.1340697226065458e-05
CASSPGLAGTDTQYF	29.0	0.00033231347473844635	30.0	0.00034022091678196373
CASSPGLAGVITGELFF	26.0	0.0002979362187310209	27.0	0.00030619882510376736
CASSPGLAIYNEQFF	2.0	2.2918170671616996e-05	2.0	2.268139445213092e-05
CASSPGLARGEQFF	1.0	1.1459085335808496e-05	1.0	1.1340697226065458e-05
CASSPGLEGNEQFF	11.0	0.00012604993869389346	11.0	0.00012474766948672005
CASSPGLHEQYF	27.0	0.0003093953040668294	28.0	0.00031753952232983285
CASSPGLVPDTQYF	1.0	1.1459085335808496e-05	1.0	1.1340697226065458e-05
CASSPGNYPYNEQFF	15.0	0.00017188628003712744	15.0	0.0001701104583909819
CASSPGPIVAKNIQYF	2.0	2.2918170671616996e-05	2.0	2.268139445213092e-05
CASSPGPWAGYTF	7.0	8.021359735065947e-05	8.0	9.072557780852368e-05
CASSPGQGAGYEQYF	11.0	0.00012604993869389346	11.0	0.00012474766948672005
CASSPGQGGHRELFF	1.0	1.1459085335808496e-05	1.0	1.1340697226065458e-05
CASSPGQGGVGQPQHF	21.0	0.0002406407920519784	21.0	0.00023815464174737464
CASSPGQGIGEKLFF	21.0	0.0002406407920519784	21.0	0.00023815464174737464
CASSPGQGNTEAFF	4.0	4.583634134323399e-05	4.0	4.536278890426183e-05
CASSPGQGSPTTPTNSNQPQHF	18.0	0.0002062635360445529	18.0	0.0002041325500691783
CASSPGQGYEQYF	31.0	0.0003552316454100633	31.0	0.0003515616140080292
CASSPGQSPKNIQYF	3.0	3.437725600742549e-05	6.0	6.804418335639275e-05
CASSPGRESLYGYTF	25.0	0.0002864771333952124	25.0	0.0002835174306516365
CASSPGRLQETQYF	7.0	8.021359735065947e-05	7.0	7.938488058245821e-05
CASSPGRQTEAFF	38.0	0.0004354452427607229	38.0	0.0004309464945904874
CASSPGRRSGELFF	2.0	2.2918170671616996e-05	2.0	2.268139445213092e-05
CASSPGSGAYNEQFF	1.0	1.1459085335808496e-05	1.0	1.1340697226065458e-05
CASSPGSGLGYTF	88.0	0.0010083995095511	95.0	0.0010773662364762
CASSPGSYGYTF	20.0	0.00022918170671616992	20.0	0.0002268139445213092
CASSPGTDNSPLHF	27.0	0.0003093953040668294	27.0	0.00030619882510376736
CASSPGTDYGYTF	19.0	0.00021772262138036144	19.0	0.0002154732472952437
CASSPGTGGESFQPQHF	7.0	8.021359735065947e-05	7.0	7.938488058245821e-05
CASSPGTGRSYNSPLHF	14.0	0.00016042719470131894	14.0	0.00015876976116491643
CASSPGTGSYEQYF	25.0	0.0002864771333952124	25.0	0.0002835174306516365
CASSPGTLEAFF	18.0	0.0002062635360445529	18.0	0.0002041325500691783
CASSPGTPLLETQYF	1.0	1.1459085335808496e-05	1.0	1.1340697226065458e-05
CASSPGTPNSPLHF	1.0	1.1459085335808496e-05	1.0	1.1340697226065458e-05
CASSPGTRGANVLTF	16.0	0.00018334536537293597	16.0	0.00018145115561704733
CASSPGTRQYF	5.0	5.729542667904248e-05	5.0	5.670348613032729e-05
CASSPGTSAYEQYF	3.0	3.437725600742549e-05	3.0	3.402209167819637e-05
CASSPGTSAYKQYF	1.0	1.1459085335808496e-05	1.0	1.1340697226065458e-05
CASSPGTSEEQYF	76.0	0.0008708904855214457	76.0	0.0008618929891809748
CASSPGTSGARRQYF	27.0	0.0003093953040668294	34.0	0.0003855837056862256
CASSPGTSGNTGELFF	2.0	2.2918170671616996e-05	2.0	2.268139445213092e-05
CASSPGTSGPTDTQYF	6.0	6.875451201485098e-05	6.0	6.804418335639275e-05
CASSPGTSGRSYTQYF	4.0	4.583634134323399e-05	5.0	5.670348613032729e-05
CASSPGTSSYNEQFF	25.0	0.0002864771333952124	25.0	0.0002835174306516365
CASSPGTVAKNIQYF	2.0	2.2918170671616996e-05	2.0	2.268139445213092e-05
CASSPGTVLNTEAFF	9.0	0.00010313176802227646	9.0	0.00010206627503458912
CASSPGTYGYTF	28.0	0.0003208543894026379	28.0	0.00031753952232983285
CASSPGVPSYEQYF	13.0	0.00014896810936551046	13.0	0.00014742906393885096
CASSPGVSEQYF	5.0	5.729542667904248e-05	5.0	5.670348613032729e-05
CASSPGVTGELFF	1.0	1.1459085335808496e-05	1.0	1.1340697226065458e-05
CASSPGYGYTF	1.0	1.1459085335808496e-05	1.0	1.1340697226065458e-05
CASSPGYNEQFF	12.0	0.00013750902402970196	12.0	0.0001360883667127855
CASSPGYQETQYF	18.0	0.0002062635360445529	18.0	0.0002041325500691783
CASSPGYRVVEAFF	20.0	0.00022918170671616992	20.0	0.0002268139445213092
CASSPGYYGYTF	1.0	1.1459085335808496e-05	1.0	1.1340697226065458e-05
CASSPHFGRMTRLFF	1.0	1.1459085335808496e-05	1.0	1.1340697226065458e-05
CASSPHRGRSNQPQHF	5.0	5.729542667904248e-05	5.0	5.670348613032729e-05
CASSPHSGRMTRLFF	6.0	6.875451201485098e-05	6.0	6.804418335639275e-05
CASSPHWAGELFF	6.0	6.875451201485098e-05	6.0	6.804418335639275e-05
CASSPIAGGLTGELFF	15.0	0.00017188628003712744	15.0	0.0001701104583909819
CASSPIGRASTTDTQYF	6.0	6.875451201485098e-05	7.0	7.938488058245821e-05
CASSPIPGLAGLSSYNEQFF	34.0	0.0003896089014174888	34.0	0.0003855837056862256
CASSPIQETQYF	31.0	0.0003552316454100633	32.0	0.00036290231123409467
CASSPISQGTGTSGSPLHF	44.0	0.0005041997547755737	52.0	0.0005897162557554038
CASSPKAGSGTEAFF	7.0	8.021359735065947e-05	7.0	7.938488058245821e-05
CASSPKDYNNEQFF	433.0	0.004961783950405	437.0	0.0049558846877906
CASSPKEQNYGYTF	19.0	0.00021772262138036144	19.0	0.0002154732472952437
CASSPKFEDRGQETQYF	6.0	6.875451201485098e-05	6.0	6.804418335639275e-05
CASSPKGGGTEAFF	44.0	0.0005041997547755738	45.0	0.0005103313751729456
CASSPKQFYGYTF	26.0	0.0002979362187310209	26.0	0.0002948581278777019
CASSPKQGAAEYF	2.0	2.2918170671616996e-05	2.0	2.268139445213092e-05
CASSPKQQPQHF	11.0	0.00012604993869389346	11.0	0.00012474766948672005
CASSPKRGRVDEQFF	27.0	0.0003093953040668294	27.0	0.00030619882510376736
CASSPKRPPATQYF	1.0	1.1459085335808496e-05	1.0	1.1340697226065458e-05
CASSPKTGANTEAFF	18.0	0.0002062635360445529	18.0	0.0002041325500691783
CASSPLAGGGQPQHF	6.0	6.875451201485098e-05	6.0	6.804418335639275e-05
CASSPLAGGPTDTQYF	20.0	0.00022918170671616992	20.0	0.00022681394452130917
CASSPLAGGSTDTQYF	52.0	0.0005958724374620417	53.0	0.0006010569529814693
CASSPLAGGYNEQFF	9.0	0.00010313176802227646	9.0	0.00010206627503458912
CASSPLAGSTDTQYF	2.0	2.2918170671616993e-05	2.0	2.2681394452130917e-05
CASSPLAKNTGELFF	1.0	1.1459085335808496e-05	1.0	1.1340697226065458e-05
CASSPLALGNTIYF	10.0	0.00011459085335808496	10.0	0.0001134069722606546
CASSPLASGQPVYFNEQFF	3.0	3.437725600742549e-05	3.0	3.402209167819637e-05
CASSPLASQETQYF	5.0	5.729542667904248e-05	5.0	5.670348613032729e-05
CASSPLETDTQYF	11.0	0.00012604993869389346	12.0	0.0001360883667127855
CASSPLGGASVAFF	28.0	0.0003208543894026379	28.0	0.00031753952232983285
CASSPLGGSRYNEQFF	8.0	9.167268268646796e-05	8.0	9.072557780852368e-05
CASSPLGGSVEQFF	3.0	3.437725600742549e-05	3.0	3.402209167819637e-05
CASSPLGGTDTQYF	9.0	0.00010313176802227646	9.0	0.00010206627503458912
CASSPLGLPFHEQYF	28.0	0.0003208543894026379	28.0	0.00031753952232983285
CASSPLGPPGEQFF	1.0	1.1459085335808496e-05	1.0	1.1340697226065458e-05
CASSPLGQGGNTIYF	5.0	5.729542667904248e-05	5.0	5.670348613032729e-05
CASSPLGQGPYF	29.0	0.00033231347473844635	29.0	0.0003288802195558983
CASSPLGRSTDTQYF	2.0	2.2918170671616996e-05	2.0	2.268139445213092e-05
CASSPLGSRKDTGELFF	55.0	0.0006302496934694672	54.0	0.0006123976502075347
CASSPLGVGEKLFF	7.0	8.021359735065947e-05	7.0	7.938488058245821e-05
CASSPLKGEEKLFF	20.0	0.00022918170671616995	20.0	0.00022681394452130917
CASSPLNEQFF	2.0	2.2918170671616996e-05	2.0	2.268139445213092e-05
CASSPLNGLTGELFF	20.0	0.00022918170671616992	20.0	0.0002268139445213092
CASSPLNGLTGELIF	1.0	1.1459085335808496e-05	1.0	1.1340697226065458e-05
CASSPLQGTTNEKLFF	18.0	0.0002062635360445529	18.0	0.0002041325500691783
CASSPLRETQYF	6.0	6.875451201485098e-05	7.0	7.938488058245821e-05
CASSPLRGAGELFF	5.0	5.729542667904248e-05	5.0	5.670348613032729e-05
CASSPLRNQPQHF	12.0	0.00013750902402970196	12.0	0.0001360883667127855
CASSPLRSPLHF	5.0	5.729542667904248e-05	7.0	7.938488058245821e-05
CASSPLRTDTQYF	1.0	1.1459085335808496e-05	1.0	1.1340697226065458e-05
CASSPLRTGRIMETQYF	8.0	9.167268268646796e-05	9.0	0.00010206627503458912
CASSPLSGGPRPIQYF	2.0	2.2918170671616996e-05	4.0	4.536278890426183e-05
CASSPLSRTSGGQETQYF	2.0	2.2918170671616996e-05	2.0	2.268139445213092e-05
CASSPLSTDTQYF	2.0	2.2918170671616996e-05	2.0	2.268139445213092e-05
CASSPLSTGTGDEKLFF	25.0	0.0002864771333952124	25.0	0.0002835174306516365
CASSPLTGYGYEQYF	12.0	0.00013750902402970196	12.0	0.0001360883667127855
CASSPMAGSYNEQFF	13.0	0.00014896810936551044	13.0	0.00014742906393885096
CASSPMARAETQYF	46.0	0.0005271179254471908	46.0	0.0005216720723990111
CASSPMERRQEQYF	13.0	0.00014896810936551044	13.0	0.00014742906393885096
CASSPMGLMNTEAFF	13.0	0.00014896810936551044	13.0	0.00014742906393885096
CASSPMGLVEAFF	6.0	6.875451201485098e-05	6.0	6.804418335639275e-05
CASSPMTSGGEQFF	4.0	4.583634134323399e-05	4.0	4.536278890426183e-05
CASSPNLDTQYF	3.0	3.437725600742549e-05	3.0	3.402209167819637e-05
CASSPNQETQYF	46.0	0.0005271179254471908	46.0	0.0005216720723990111
CASSPNRHLGEQYF	5.0	5.729542667904248e-05	5.0	5.670348613032729e-05
CASSPNRVSYNEQFF	2.0	2.2918170671616996e-05	2.0	2.268139445213092e-05
CASSPNSGYEQFF	1.0	1.1459085335808496e-05	3.0	3.402209167819637e-05
CASSPNTGPQETQYF	2.0	2.2918170671616996e-05	2.0	2.268139445213092e-05
CASSPNTLVGYF	3.0	3.437725600742549e-05	6.0	6.804418335639275e-05
CASSPPAGAKNIQYF	9.0	0.00010313176802227646	9.0	0.00010206627503458912
CASSPPAGLAGPGELFF	29.0	0.00033231347473844635	29.0	0.0003288802195558983
CASSPPDRGPFYNEQFF	1.0	1.1459085335808496e-05	1.0	1.1340697226065458e-05
CASSPPDRGTGELFF	11.0	0.00012604993869389346	11.0	0.00012474766948672005
CASSPPERGGIEQYF	35.0	0.00040106798675329736	35.0	0.00039692440291229104
CASSPPGDGTEAFF	7.0	8.021359735065947e-05	7.0	7.938488058245821e-05
CASSPPGGANVLTF	29.0	0.00033231347473844635	29.0	0.0003288802195558983
CASSPPGGIGYGYTF	41.0	0.0004698224987681483	41.0	0.0004649685862686838
CASSPPGGQETQYF	1.0	1.1459085335808496e-05	1.0	1.1340697226065458e-05
CASSPPGGSISYNEQFF	28.0	0.0003208543894026379	28.0	0.00031753952232983285
CASSPPGPERLETQYF	8.0	9.167268268646796e-05	8.0	9.072557780852368e-05
CASSPPGQGARSYEQYF	6.0	6.875451201485098e-05	7.0	7.938488058245821e-05
CASSPPGQGAYEQYF	3.0	3.437725600742549e-05	3.0	3.402209167819637e-05
CASSPPGRANNEQFF	11.0	0.00012604993869389346	11.0	0.00012474766948672005
CASSPPGRQNEKLFF	2.0	2.2918170671616996e-05	2.0	2.268139445213092e-05
CASSPPGSSYNEQFF	20.0	0.00022918170671616992	20.0	0.0002268139445213092
CASSPPGSVNYGYTF	43.0	0.0004927406694397653	43.0	0.0004876499807208147
CASSPPGTGASPLHF	4.0	4.583634134323399e-05	5.0	5.670348613032729e-05
CASSPPGTGRLYEQYF	3.0	3.437725600742549e-05	3.0	3.402209167819637e-05
CASSPPGYGYTF	14.0	0.00016042719470131894	14.0	0.00015876976116491645
CASSPPHRSQETQYF	33.0	0.0003781498160816804	33.0	0.0003742430084601601
CASSPPISRDTQYF	5.0	5.729542667904248e-05	5.0	5.670348613032729e-05
CASSPPLGSSGYTF	10.0	0.00011459085335808496	11.0	0.00012474766948672005
CASSPPNRVVGNEQYF	11.0	0.00012604993869389346	12.0	0.00013608836671278552
CASSPPNTGELFF	24.0	0.0002750180480594039	24.0	0.000272176733425571
CASSPPPTGYVGRTDTQYF	5.0	5.729542667904248e-05	5.0	5.670348613032729e-05
CASSPPQRGGDTQYF	7.0	8.021359735065947e-05	7.0	7.938488058245821e-05
CASSPPRKSLSYEQYF	10.0	0.00011459085335808496	10.0	0.0001134069722606546
CASSPPRQLSYNEQFF	10.0	0.00011459085335808496	10.0	0.0001134069722606546
CASSPPRSTSFF	13.0	0.00014896810936551044	13.0	0.00014742906393885096
CASSPPRSYLGNEQFF	2.0	2.2918170671616996e-05	2.0	2.268139445213092e-05
CASSPPSGADTEAFF	5.0	5.729542667904248e-05	5.0	5.670348613032729e-05
CASSPPSGNPQSNEQFF	13.0	0.00014896810936551044	13.0	0.00014742906393885096
CASSPPSGRVYNEQFF	2.0	2.2918170671616996e-05	3.0	3.402209167819637e-05
CASSPPSIRAGSGYTF	4.0	4.583634134323399e-05	4.0	4.536278890426183e-05
CASSPPSYGYTF	1.0	1.1459085335808496e-05	1.0	1.1340697226065458e-05
CASSPPTLGNTIYF	1.0	1.1459085335808496e-05	1.0	1.1340697226065458e-05
CASSPPTRSEQYF	71.0	0.0008135950588424032	71.0	0.0008051895030506476
CASSPPVAPWLGELFF	24.0	0.0002750180480594039	24.0	0.000272176733425571
CASSPPVEARTNEQFF	2.0	2.2918170671616996e-05	2.0	2.268139445213092e-05
CASSPPWLAGNSYNEQFF	5.0	5.729542667904248e-05	5.0	5.670348613032729e-05
CASSPQENTEAFF	48.0	0.0005500360961188078	48.0	0.000544353466851142
CASSPQETQYF	30.0	0.0003437725600742549	33.0	0.0003742430084601601
CASSPQGFFAGYTF	10.0	0.00011459085335808496	10.0	0.0001134069722606546
CASSPQGGPYEQYF	8.0	9.167268268646796e-05	8.0	9.072557780852368e-05
CASSPQGHRTNYGYTF	27.0	0.0003093953040668294	27.0	0.00030619882510376736
CASSPQGLGSPLHF	27.0	0.0003093953040668294	31.0	0.0003515616140080292
CASSPQGMNTEAFF	3.0	3.437725600742549e-05	3.0	3.402209167819637e-05
CASSPQGNTEAFF	6.0	6.875451201485098e-05	6.0	6.804418335639275e-05
CASSPQGRETQYF	10.0	0.00011459085335808496	10.0	0.0001134069722606546
CASSPQGTGVLGEQFF	3.0	3.437725600742549e-05	3.0	3.402209167819637e-05
CASSPQGYSNQPQHF	5.0	5.729542667904248e-05	5.0	5.670348613032729e-05
CASSPQIAGVNEQFF	9.0	0.00010313176802227646	9.0	0.00010206627503458912
CASSPQIGFNQPQHF	7.0	8.021359735065947e-05	7.0	7.938488058245821e-05
CASSPQIQPGTAQFF	1.0	1.1459085335808496e-05	1.0	1.1340697226065458e-05
CASSPQLGDTEAFF	18.0	0.0002062635360445529	18.0	0.0002041325500691783
CASSPQLRGELFF	1.0	1.1459085335808496e-05	1.0	1.1340697226065458e-05
CASSPQLSYEQYF	5.0	5.729542667904248e-05	5.0	5.670348613032729e-05
CASSPQNTGELFF	22.0	0.0002520998773877869	22.0	0.0002494953389734401
CASSPQQGIYTEAFF	19.0	0.00021772262138036144	19.0	0.0002154732472952437
CASSPQRRDGNVLTF	26.0	0.0002979362187310209	28.0	0.00031753952232983285
CASSPQSARRPEAFF	18.0	0.0002062635360445529	18.0	0.0002041325500691783
CASSPQSGIYEQYF	24.0	0.0002750180480594039	24.0	0.000272176733425571
CASSPQSSGANVLTF	1.0	1.1459085335808496e-05	1.0	1.1340697226065458e-05
CASSPQTSGTYEQYF	6.0	6.875451201485098e-05	6.0	6.804418335639275e-05
CASSPQVGTGELFF	20.0	0.00022918170671616992	20.0	0.0002268139445213092
CASSPQVQETQYF	4.0	4.583634134323399e-05	4.0	4.536278890426183e-05
CASSPRAGTDSPLHF	35.0	0.00040106798675329736	35.0	0.00039692440291229104
CASSPRANTGELFF	59.0	0.0006760860348127012	59.0	0.0006691011363378621
CASSPRATSGRDSSYNEQFF	6.0	6.875451201485098e-05	6.0	6.804418335639275e-05
CASSPRAVNYNEQFF	47.0	0.0005385770107829993	47.0	0.0005330127696250766
CASSPRDKPNPYEQYF	3.0	3.437725600742549e-05	3.0	3.402209167819638e-05
CASSPRDRADTQYF	5.0	5.729542667904248e-05	5.0	5.670348613032729e-05
CASSPRDRGNTGELFF	39.0	0.0004469043280965313	39.0	0.0004422871918165529
CASSPRDSYEQYF	10.0	0.00011459085335808496	10.0	0.0001134069722606546
CASSPRDTGELFF	3.0	3.437725600742549e-05	3.0	3.402209167819637e-05
CASSPREEVLFDGYTF	9.0	0.00010313176802227646	10.0	0.0001134069722606546
CASSPREIAGGELFF	15.0	0.00017188628003712744	15.0	0.0001701104583909819
CASSPRERASEQYF	18.0	0.0002062635360445529	19.0	0.0002154732472952437
CASSPRERGNTIYF	10.0	0.00011459085335808496	10.0	0.0001134069722606546
CASSPRGEESYNSPLHF	9.0	0.00010313176802227646	9.0	0.00010206627503458912
CASSPRGGASYEQYF	4.0	4.583634134323399e-05	4.0	4.536278890426183e-05
CASSPRGGETQYF	4.0	4.583634134323399e-05	4.0	4.536278890426183e-05
CASSPRGGGETQYF	11.0	0.00012604993869389346	11.0	0.00012474766948672005
CASSPRGGKNTEAFF	24.0	0.0002750180480594039	24.0	0.000272176733425571
CASSPRGGRVGEQYF	7.0	8.021359735065947e-05	7.0	7.938488058245821e-05
CASSPRGIRHYGYTF	1.0	1.1459085335808496e-05	1.0	1.1340697226065458e-05
CASSPRGLAGEQYF	17.0	0.0001948044507087444	17.0	0.0001927918528431128
CASSPRGLAGETQYF	86.0	0.0009854813388795306	87.0	0.0009866406586676948
CASSPRGNQWETQYF	8.0	9.167268268646796e-05	8.0	9.072557780852368e-05
CASSPRGQDSYEQYF	4.0	4.583634134323399e-05	4.0	4.536278890426183e-05
CASSPRGQLAEAFF	3.0	3.437725600742549e-05	3.0	3.402209167819637e-05
CASSPRGQSPATNEKLFF	15.0	0.00017188628003712744	15.0	0.0001701104583909819
CASSPRGREETQYF	7.0	8.021359735065947e-05	7.0	7.938488058245821e-05
CASSPRGRGEQYF	19.0	0.00021772262138036144	20.0	0.0002268139445213092
CASSPRGRSYNEQFF	3.0	3.437725600742549e-05	3.0	3.402209167819637e-05
CASSPRGSAMYEQYF	3.0	3.437725600742549e-05	3.0	3.402209167819637e-05
CASSPRGSSYEQYF	1.0	1.1459085335808496e-05	1.0	1.1340697226065458e-05
CASSPRIRYGYTF	23.0	0.0002635589627235954	24.0	0.000272176733425571
CASSPRKGLSSGEQYF	1.0	1.1459085335808496e-05	1.0	1.1340697226065458e-05
CASSPRLAGADTQYF	3.0	3.437725600742549e-05	3.0	3.402209167819637e-05
CASSPRLAGEYNEQFF	4.0	4.583634134323399e-05	4.0	4.536278890426183e-05
CASSPRLAGEYNEQFL	1.0	1.1459085335808496e-05	1.0	1.1340697226065458e-05
CASSPRLAGGGGNEQFF	6.0	6.875451201485098e-05	6.0	6.804418335639275e-05
CASSPRLAGTEPQYF	1.0	1.1459085335808496e-05	1.0	1.1340697226065458e-05
CASSPRLAHTYEQYF	5.0	5.729542667904248e-05	5.0	5.670348613032729e-05
CASSPRLGTQYF	5.0	5.729542667904248e-05	6.0	6.804418335639275e-05
CASSPRLSYEQYF	13.0	0.00014896810936551044	13.0	0.00014742906393885096
CASSPRMSPGLAGTYEQYF	11.0	0.00012604993869389346	11.0	0.00012474766948672005
CASSPRPGYNEQFF	16.0	0.00018334536537293597	16.0	0.00018145115561704733
CASSPRPSGRMGEQFF	12.0	0.00013750902402970196	12.0	0.0001360883667127855
CASSPRPTSGSSRDNEQFF	3.0	3.437725600742549e-05	3.0	3.402209167819637e-05
CASSPRQGIFSPLHF	1.0	1.1459085335808496e-05	2.0	2.268139445213092e-05
CASSPRQGPWETQYF	1.0	1.1459085335808496e-05	1.0	1.1340697226065458e-05
CASSPRQGQGAATEAFF	30.0	0.0003437725600742549	30.0	0.00034022091678196373
CASSPRQGSYEQYF	5.0	5.729542667904248e-05	5.0	5.670348613032729e-05
CASSPRQGSYNEQFF	13.0	0.00014896810936551044	13.0	0.00014742906393885096
CASSPRRAAYNEQFF	16.0	0.00018334536537293597	16.0	0.00018145115561704733
CASSPRRERVTEAFF	7.0	8.021359735065947e-05	7.0	7.938488058245821e-05
CASSPRRGHATGYTF	11.0	0.00012604993869389346	11.0	0.00012474766948672005
CASSPRRGLDEQYF	18.0	0.0002062635360445529	18.0	0.0002041325500691783
CASSPRRSTDTQYF	1.0	1.1459085335808496e-05	1.0	1.1340697226065458e-05
CASSPRSADTQYF	10.0	0.00011459085335808496	10.0	0.0001134069722606546
CASSPRSGSSEQYF	8.0	9.167268268646796e-05	9.0	0.00010206627503458912
CASSPRSPGPSLETQYF	8.0	9.167268268646796e-05	8.0	9.072557780852368e-05
CASSPRSRHTQYF	7.0	8.021359735065947e-05	7.0	7.938488058245821e-05
CASSPRSRPPYQETQYF	7.0	8.021359735065947e-05	7.0	7.938488058245821e-05
CASSPRSYLKGGYTF	14.0	0.00016042719470131894	15.0	0.0001701104583909819
CASSPRTDTQYF	22.0	0.00025209987738778687	22.0	0.0002494953389734401
CASSPRTENSNQPQHF	11.0	0.00012604993869389346	11.0	0.00012474766948672005
CASSPRTENYGYTF	3.0	3.437725600742549e-05	3.0	3.402209167819637e-05
CASSPRTGGYEKLFF	11.0	0.00012604993869389346	11.0	0.00012474766948672005
CASSPRTGRQYEQYF	5.0	5.729542667904248e-05	5.0	5.670348613032729e-05
CASSPRTGRVWGYGYTF	5.0	5.729542667904248e-05	5.0	5.670348613032729e-05
CASSPRTGSQYF	3.0	3.437725600742549e-05	7.0	7.938488058245821e-05
CASSPRTGTGVRNEQFF	7.0	8.021359735065947e-05	7.0	7.938488058245821e-05
CASSPRTGTQYF	21.0	0.0002406407920519784	21.0	0.00023815464174737464
CASSPRTGTSSGNTIYF	17.0	0.0001948044507087444	17.0	0.0001927918528431128
CASSPRTLNTEAFF	34.0	0.0003896089014174888	34.0	0.0003855837056862256
CASSPRTLQETQYF	21.0	0.0002406407920519784	21.0	0.00023815464174737464
CASSPRTRKNIQYF	2.0	2.2918170671616996e-05	2.0	2.268139445213092e-05
CASSPRTSGIAGELFF	30.0	0.0003437725600742549	30.0	0.00034022091678196373
CASSPRTSGPYEQYF	4.0	4.583634134323399e-05	4.0	4.536278890426183e-05
CASSPRTSGRVSGDEQFF	3.0	3.437725600742549e-05	3.0	3.402209167819637e-05
CASSPRTSGTYEQYF	9.0	0.00010313176802227646	9.0	0.00010206627503458912
CASSPRTSWTYEQYF	2.0	2.2918170671616996e-05	2.0	2.268139445213092e-05
CASSPRTSYNEQFF	14.0	0.00016042719470131894	15.0	0.0001701104583909819
CASSPRTVANQPQHF	39.0	0.0004469043280965313	39.0	0.0004422871918165529
CASSPRTVEAFF	16.0	0.00018334536537293597	16.0	0.00018145115561704733
CASSPRTVNTEAFF	16.0	0.00018334536537293597	17.0	0.0001927918528431128
CASSPRVGGNTIYF	1.0	1.1459085335808496e-05	1.0	1.1340697226065458e-05
CASSPRVLTEAFF	20.0	0.00022918170671616992	20.0	0.0002268139445213092
CASSPRVPRGSQETQYF	14.0	0.00016042719470131894	14.0	0.00015876976116491645
CASSPRVTGGRKNTGELFF	19.0	0.00021772262138036144	20.0	0.00022681394452130917
CASSPSAGGPGTQYF	11.0	0.00012604993869389346	11.0	0.00012474766948672005
CASSPSGAHSYGYTF	140.0	0.0016042719470131	140.0	0.0015876976116491
CASSPSGGTENYSGANVLTF	5.0	5.729542667904248e-05	5.0	5.670348613032729e-05
CASSPSGLGNQPQHF	12.0	0.00013750902402970196	12.0	0.0001360883667127855
CASSPSGPRTEAFF	9.0	0.00010313176802227646	9.0	0.00010206627503458913
CASSPSGQETQYF	34.0	0.0003896089014174888	34.0	0.0003855837056862256
CASSPSGQGEQYF	19.0	0.00021772262138036144	19.0	0.0002154732472952437
CASSPSGQGETQYF	28.0	0.0003208543894026379	28.0	0.00031753952232983285
CASSPSGRASDEQFF	2.0	2.2918170671616996e-05	2.0	2.268139445213092e-05
CASSPSGRPHYEQYF	1.0	1.1459085335808496e-05	1.0	1.1340697226065458e-05
CASSPSGRRGETQYF	3.0	3.437725600742549e-05	3.0	3.402209167819637e-05
CASSPSGSGNTIYF	22.0	0.0002520998773877869	22.0	0.0002494953389734401
CASSPSGSGTYEQYF	12.0	0.00013750902402970196	12.0	0.0001360883667127855
CASSPSGSSYNEQFF	3.0	3.437725600742549e-05	3.0	3.402209167819638e-05
CASSPSGTDNYGYTF	5.0	5.729542667904248e-05	5.0	5.670348613032729e-05
CASSPSGTGGGYTQYF	1.0	1.1459085335808496e-05	1.0	1.1340697226065458e-05
CASSPSGTGGNEQFF	17.0	0.0001948044507087444	17.0	0.0001927918528431128
CASSPSLNEQFF	28.0	0.0003208543894026379	28.0	0.00031753952232983285
CASSPSNSGANVLTF	4.0	4.583634134323399e-05	4.0	4.536278890426183e-05
CASSPSPRREQYF	55.0	0.0006302496934694672	55.0	0.0006237383474336002
CASSPSRMPGSNYGYTF	28.0	0.0003208543894026379	29.0	0.0003288802195558983
CASSPSRTDTQYF	13.0	0.00014896810936551044	13.0	0.00014742906393885096
CASSPSSGQRFNEQFF	1.0	1.1459085335808496e-05	1.0	1.1340697226065458e-05
CASSPSSPGRSSADTQYF	9.0	0.00010313176802227646	9.0	0.00010206627503458912
CASSPSTDTQYF	13.0	0.00014896810936551044	13.0	0.00014742906393885096
CASSPSTLHNYGYTF	63.0	0.0007219223761559352	63.0	0.0007144639252421238
CASSPSYEQYF	16.0	0.00018334536537293597	16.0	0.00018145115561704733
CASSPTDGKLFF	6.0	6.875451201485098e-05	6.0	6.804418335639275e-05
CASSPTEYNEQFF	15.0	0.00017188628003712744	15.0	0.0001701104583909819
CASSPTGAGANVLTF	22.0	0.00025209987738778687	22.0	0.0002494953389734401
CASSPTGFVYGYTF	10.0	0.00011459085335808496	10.0	0.0001134069722606546
CASSPTGGEGYTF	2.0	2.2918170671616996e-05	2.0	2.268139445213092e-05
CASSPTGGKTYEQYF	11.0	0.00012604993869389346	11.0	0.00012474766948672005
CASSPTGGSYGYTF	3.0	3.437725600742549e-05	3.0	3.402209167819637e-05
CASSPTGGYEQYF	13.0	0.00014896810936551044	13.0	0.00014742906393885096
CASSPTGGYSGANVLTF	30.0	0.0003437725600742549	30.0	0.00034022091678196373
CASSPTGNGETEYF	1.0	1.1459085335808496e-05	1.0	1.1340697226065458e-05
CASSPTGNGETQYF	13.0	0.00014896810936551044	13.0	0.00014742906393885096
CASSPTGQGSSGYTF	10.0	0.00011459085335808496	10.0	0.0001134069722606546
CASSPTGTGEKLFF	7.0	8.021359735065947e-05	8.0	9.072557780852368e-05
CASSPTGTVNTGELFF	15.0	0.00017188628003712744	15.0	0.0001701104583909819
CASSPTHRENTEAFF	29.0	0.00033231347473844635	29.0	0.0003288802195558983
CASSPTHTAGIYYSTDTQYF	4.0	4.583634134323399e-05	4.0	4.536278890426183e-05
CASSPTLAGVSYNEQFF	3.0	3.437725600742549e-05	3.0	3.402209167819637e-05
CASSPTLLAHLAKNIQYF	1.0	1.1459085335808496e-05	1.0	1.1340697226065458e-05
CASSPTQGEQYF	2.0	2.2918170671616996e-05	2.0	2.268139445213092e-05
CASSPTRDPSYEQYF	17.0	0.0001948044507087444	17.0	0.0001927918528431128
CASSPTSGLGEQFF	15.0	0.00017188628003712744	15.0	0.0001701104583909819
CASSPTSGRRQLPDTQYF	2.0	2.2918170671616996e-05	2.0	2.268139445213092e-05
CASSPTSYEQYF	15.0	0.00017188628003712744	15.0	0.0001701104583909819
CASSPTTTDTQYF	1.0	1.1459085335808496e-05	1.0	1.1340697226065458e-05
CASSPTTVNTEAFF	2.0	2.2918170671616996e-05	2.0	2.268139445213092e-05
CASSPTVKPGELFF	4.0	4.583634134323399e-05	4.0	4.536278890426183e-05
CASSPTVVRWREPQHF	4.0	4.583634134323399e-05	4.0	4.536278890426183e-05
CASSPVASTDTQYF	3.0	3.437725600742549e-05	3.0	3.402209167819637e-05
CASSPVASYEQYF	22.0	0.0002520998773877869	22.0	0.0002494953389734401
CASSPVDRGNSPLHF	28.0	0.00032085438940263793	28.0	0.00031753952232983285
CASSPVERRQEQYF	1.0	1.1459085335808496e-05	1.0	1.1340697226065458e-05
CASSPVGGATNYGYSF	1.0	1.1459085335808496e-05	1.0	1.1340697226065458e-05
CASSPVGGATNYGYTF	8.0	9.167268268646796e-05	8.0	9.072557780852368e-05
CASSPVLGQGDEKLFF	6.0	6.875451201485098e-05	6.0	6.804418335639275e-05
CASSPVPGQREAFF	49.0	0.0005614951814546163	49.0	0.0005556941640772075
CASSPVPGSGAGGNTIYF	6.0	6.875451201485098e-05	6.0	6.804418335639275e-05
CASSPVQGLNQPQHF	19.0	0.00021772262138036144	19.0	0.0002154732472952437
CASSPVRGGYTF	12.0	0.00013750902402970196	12.0	0.0001360883667127855
CASSPVSTYYEQYF	55.0	0.0006302496934694672	57.0	0.0006464197418857311
CASSPVTTGELFF	5.0	5.729542667904248e-05	5.0	5.670348613032729e-05
CASSPWGAETQYF	7.0	8.021359735065947e-05	7.0	7.938488058245821e-05
CASSPWGEGQETQYF	9.0	0.00010313176802227646	9.0	0.00010206627503458912
CASSPWGTEAFF	8.0	9.167268268646796e-05	8.0	9.072557780852368e-05
CASSPWTSENTGELFF	14.0	0.00016042719470131894	14.0	0.00015876976116491645
CASSPWTSENTGGLFF	1.0	1.1459085335808496e-05	1.0	1.1340697226065458e-05
CASSPWTSGYLQFF	2.0	2.2918170671616996e-05	3.0	3.402209167819637e-05
CASSPYDRGPYGYTF	6.0	6.875451201485098e-05	6.0	6.804418335639275e-05
CASSPYEIRETTGELFF	1.0	1.1459085335808496e-05	1.0	1.1340697226065458e-05
CASSPYFGGDTGRGGVQETQYF	35.0	0.00040106798675329736	35.0	0.00039692440291229104
CASSPYPQVYEQYF	10.0	0.00011459085335808496	10.0	0.0001134069722606546
CASSPYRTRDEQYF	11.0	0.00012604993869389346	11.0	0.00012474766948672005
CASSPYSLRGEQYF	30.0	0.0003437725600742549	30.0	0.00034022091678196373
CASSPYSQGIHEQFF	6.0	6.875451201485098e-05	7.0	7.938488058245821e-05
CASSPYSRSNEQFF	1.0	1.1459085335808496e-05	1.0	1.1340697226065458e-05
CASSQAASTGELFF	4.0	4.583634134323399e-05	4.0	4.536278890426183e-05
CASSQAATDTQYF	26.0	0.0002979362187310209	26.0	0.0002948581278777019
CASSQAAVSYGYTF	57.0	0.0006531678641410843	58.0	0.0006577604391117966
CASSQAEGEQFF	9.0	0.00010313176802227646	9.0	0.00010206627503458912
CASSQAGAAGELFF	89.0	0.0010198585948869	92.0	0.0010433441447979964
CASSQAGGARVWFF	4.0	4.5836341343233985e-05	4.0	4.536278890426183e-05
CASSQAGGGDYGYTF	32.0	0.0003666907307458719	32.0	0.00036290231123409467
CASSQAGGRRYEQYF	16.0	0.00018334536537293597	17.0	0.0001927918528431128
CASSQAGGRSPLHF	9.0	0.00010313176802227646	10.0	0.0001134069722606546
CASSQAGGRSPLHL	1.0	1.1459085335808496e-05	1.0	1.1340697226065458e-05
CASSQAGGTTPTDTQYF	21.0	0.0002406407920519784	22.0	0.0002494953389734401
CASSQAGIGYNEQFF	3.0	3.437725600742549e-05	3.0	3.402209167819637e-05
CASSQAGLAGGPTDTQYF	4.0	4.583634134323399e-05	6.0	6.804418335639275e-05
CASSQAGPLFF	2.0	2.2918170671616996e-05	2.0	2.268139445213092e-05
CASSQAGSPLYAEAFF	7.0	8.021359735065947e-05	7.0	7.938488058245821e-05
CASSQAGSRVYEQYF	3.0	3.437725600742549e-05	3.0	3.402209167819637e-05
CASSQAGTGLYEQFF	10.0	0.00011459085335808496	12.0	0.0001360883667127855
CASSQAHSGEEAFF	9.0	0.00010313176802227646	9.0	0.00010206627503458912
CASSQAKGHGTTAFF	7.0	8.021359735065947e-05	7.0	7.938488058245821e-05
CASSQAKKQETQYF	19.0	0.00021772262138036144	19.0	0.0002154732472952437
CASSQALAGNEQFF	2.0	2.2918170671616996e-05	2.0	2.268139445213092e-05
CASSQALAVVRNEQFF	4.0	4.583634134323399e-05	4.0	4.536278890426183e-05
CASSQALGGTGELFF	134.0	0.0015355174349983	134.0	0.0015196534282927
CASSQALPLSGSRTGELFF	11.0	0.00012604993869389346	11.0	0.00012474766948672005
CASSQAPKISYEQYF	4.0	4.583634134323399e-05	4.0	4.536278890426183e-05
CASSQAPTGINSPLHF	22.0	0.0002520998773877869	22.0	0.0002494953389734401
CASSQAQTGGREKLFF	1.0	1.1459085335808496e-05	1.0	1.1340697226065458e-05
CASSQAREVNYGYTF	32.0	0.0003666907307458719	32.0	0.00036290231123409467
CASSQARGRRYEQYF	1.0	1.1459085335808496e-05	1.0	1.1340697226065458e-05
CASSQASGGDGYTF	7.0	8.021359735065947e-05	8.0	9.072557780852368e-05
CASSQASSYNEQFF	7.0	8.021359735065947e-05	7.0	7.938488058245821e-05
CASSQATQGRDTQYF	7.0	8.021359735065947e-05	8.0	9.072557780852368e-05
CASSQATTTDTQYF	7.0	8.021359735065947e-05	7.0	7.938488058245821e-05
CASSQAVPGQYNSPLHF	22.0	0.000252099877387787	22.0	0.0002494953389734401
CASSQAVQARQPQHF	4.0	4.5836341343233985e-05	4.0	4.536278890426183e-05
CASSQAWENSPLHF	36.0	0.0004125270720891058	36.0	0.0004082651001383565
CASSQAWISKLFF	6.0	6.875451201485098e-05	6.0	6.804418335639275e-05
CASSQAYEQYF	8.0	9.167268268646796e-05	8.0	9.072557780852368e-05
CASSQDAANQPQHF	22.0	0.0002520998773877869	22.0	0.0002494953389734401
CASSQDAGGSGNEQFF	7.0	8.021359735065947e-05	7.0	7.938488058245821e-05
CASSQDASSGNTIYF	34.0	0.0003896089014174888	34.0	0.0003855837056862256
CASSQDEALPYEQYF	24.0	0.0002750180480594039	24.0	0.000272176733425571
CASSQDEQPYNEQFF	1.0	1.1459085335808496e-05	1.0	1.1340697226065458e-05
CASSQDFLEVNTEAFF	24.0	0.0002750180480594039	24.0	0.000272176733425571
CASSQDFSNNQPQHF	4.0	4.583634134323399e-05	4.0	4.536278890426183e-05
CASSQDGLVRGELFF	24.0	0.0002750180480594039	24.0	0.000272176733425571
CASSQDGQPYNEQFF	10.0	0.00011459085335808496	10.0	0.0001134069722606546
CASSQDGTDTQYF	24.0	0.0002750180480594039	24.0	0.000272176733425571
CASSQDGTVTNEKLFF	6.0	6.875451201485098e-05	6.0	6.804418335639275e-05
CASSQDHEQFF	34.0	0.0003896089014174888	44.0	0.0004989906779468802
CASSQDIRGAGELFF	252.0	0.0028876895046237	253.0	0.0028691963981945
CASSQDKAGGPEETQYF	22.0	0.0002520998773877869	22.0	0.0002494953389734401
CASSQDLAGPYNEQFF	9.0	0.00010313176802227646	9.0	0.00010206627503458912
CASSQDLAGSQYF	9.0	0.00010313176802227646	10.0	0.0001134069722606546
CASSQDLGGAAFF	7.0	8.021359735065947e-05	7.0	7.938488058245821e-05
CASSQDLGGPTNYGYTF	25.0	0.0002864771333952124	25.0	0.0002835174306516365
CASSQDLGHWVTNEKLFF	5.0	5.729542667904248e-05	5.0	5.670348613032729e-05
CASSQDLGQNYGYTF	1.0	1.1459085335808496e-05	1.0	1.1340697226065458e-05
CASSQDLGRAPLHF	17.0	0.00019480445070874444	20.0	0.0002268139445213092
CASSQDLGRGRPQHF	13.0	0.00014896810936551044	13.0	0.00014742906393885096
CASSQDLGTGKNIQYF	3.0	3.437725600742549e-05	8.0	9.072557780852368e-05
CASSQDLHHEQFF	10.0	0.00011459085335808496	10.0	0.0001134069722606546
CASSQDLLDREKLFF	7.0	8.021359735065947e-05	7.0	7.938488058245821e-05
CASSQDLMNTEAFF	18.0	0.0002062635360445529	18.0	0.0002041325500691783
CASSQDLRGNYGYTF	33.0	0.0003781498160816804	33.0	0.0003742430084601601
CASSQDLSQPQHF	13.0	0.00014896810936551044	13.0	0.00014742906393885096
CASSQDLTFNQPQHF	11.0	0.00012604993869389346	11.0	0.00012474766948672005
CASSQDLTGTEIGSPLHF	14.0	0.00016042719470131894	14.0	0.00015876976116491645
CASSQDLTGTYNEQFF	11.0	0.00012604993869389346	11.0	0.00012474766948672005
CASSQDLTQPQHF	3.0	3.437725600742549e-05	3.0	3.402209167819637e-05
CASSQDNLDRVGNTGELFF	20.0	0.00022918170671616992	20.0	0.0002268139445213092
CASSQDNVLLGGPPYEQYF	21.0	0.0002406407920519784	21.0	0.00023815464174737464
CASSQDPGKWAEAFF	25.0	0.0002864771333952124	25.0	0.0002835174306516365
CASSQDPGQGVFHTEAFF	49.0	0.0005614951814546163	49.0	0.0005556941640772075
CASSQDPGSNQPQHF	7.0	8.021359735065948e-05	7.0	7.93848805824582e-05
CASSQDPGYEQFF	136.0	0.0015584356056699	137.0	0.0015536755199709
CASSQDPKGGQQYF	45.0	0.0005156588401113823	46.0	0.0005216720723990111
CASSQDPLGAGEQFF	38.0	0.0004354452427607229	38.0	0.0004309464945904874
CASSQDPMDRAYTDTQYF	2.0	2.2918170671616996e-05	2.0	2.268139445213092e-05
CASSQDPPDEQYF	26.0	0.0002979362187310209	26.0	0.0002948581278777019
CASSQDPQTASYGYTF	25.0	0.0002864771333952124	25.0	0.0002835174306516365
CASSQDPSGGSGANVLTF	4.0	4.583634134323399e-05	4.0	4.536278890426183e-05
CASSQDPWGFYTGELFF	1.0	1.1459085335808496e-05	1.0	1.1340697226065458e-05
CASSQDPWGSYTGELFF	4.0	4.583634134323399e-05	4.0	4.536278890426183e-05
CASSQDQGQNYGYTF	13.0	0.00014896810936551046	13.0	0.00014742906393885096
CASSQDQPSYNEQFF	29.0	0.00033231347473844635	30.0	0.00034022091678196373
CASSQDRAGGGEQFF	10.0	0.00011459085335808496	10.0	0.0001134069722606546
CASSQDRAHYGYTF	8.0	9.167268268646796e-05	7.0	7.938488058245821e-05
CASSQDRAYGYTF	1.0	1.1459085335808496e-05	1.0	1.1340697226065458e-05
CASSQDRGDSPLHF	3.0	3.437725600742549e-05	3.0	3.402209167819637e-05
CASSQDRGSVQYF	2.0	2.2918170671616996e-05	2.0	2.268139445213092e-05
CASSQDRLAGSTDTQYF	6.0	6.875451201485098e-05	6.0	6.804418335639275e-05
CASSQDRPNTEAFF	10.0	0.00011459085335808496	10.0	0.0001134069722606546
CASSQDRRRPPNQPQHF	11.0	0.00012604993869389346	11.0	0.00012474766948672005
CASSQDRRYEQYF	9.0	0.00010313176802227646	9.0	0.00010206627503458912
CASSQDRSGYYEQYF	9.0	0.00010313176802227646	9.0	0.00010206627503458912
CASSQDRTSEQYF	28.0	0.0003208543894026379	28.0	0.00031753952232983285
CASSQDRVQTEAFF	14.0	0.00016042719470131894	14.0	0.00015876976116491645
CASSQDRWLAGRDNEQFF	6.0	6.875451201485098e-05	6.0	6.804418335639275e-05
CASSQDSAGVPTRETQYF	20.0	0.00022918170671616992	20.0	0.0002268139445213092
CASSQDSAGVSYEQYF	174.0	0.0019938808484306	174.0	0.0019732813173353
CASSQDSGNGETQYF	10.0	0.00011459085335808496	10.0	0.0001134069722606546
CASSQDSLGGRGSYNEQFF	1.0	1.1459085335808496e-05	1.0	1.1340697226065458e-05
CASSQDSNNEQFF	12.0	0.00013750902402970196	12.0	0.0001360883667127855
CASSQDSNQPQHF	13.0	0.00014896810936551044	13.0	0.00014742906393885096
CASSQDSYSNQPQHF	4.0	4.583634134323399e-05	4.0	4.536278890426183e-05
CASSQDTGQENYGYTF	20.0	0.00022918170671616992	20.0	0.0002268139445213092
CASSQDTKNIQYF	3.0	3.437725600742549e-05	3.0	3.402209167819637e-05
CASSQDTSGRAGLAKNIRYF	1.0	1.1459085335808496e-05	1.0	1.1340697226065458e-05
CASSQDVTSTDTQYF	1.0	1.1459085335808496e-05	1.0	1.1340697226065458e-05
CASSQDWGPGGEQFF	13.0	0.00014896810936551044	13.0	0.00014742906393885096
CASSQDWGREFPEQYF	6.0	6.875451201485098e-05	6.0	6.804418335639275e-05
CASSQDYLYNEQFF	2.0	2.2918170671616996e-05	2.0	2.268139445213092e-05
CASSQEAGLGRELFF	23.0	0.0002635589627235954	23.0	0.00026083603619950555
CASSQEDRGYEQYF	16.0	0.00018334536537293597	17.0	0.0001927918528431128
CASSQEEGPYNEQFF	2.0	2.2918170671616996e-05	2.0	2.268139445213092e-05
CASSQEFGGRPLTNIQYF	1.0	1.1459085335808496e-05	5.0	5.670348613032729e-05
CASSQEGFSTGSYNEQFF	24.0	0.0002750180480594039	24.0	0.000272176733425571
CASSQEGGSSYNEQFF	2.0	2.2918170671616996e-05	2.0	2.268139445213092e-05
CASSQEGGVGNTIYF	5.0	5.729542667904248e-05	5.0	5.670348613032729e-05
CASSQEGTTGELFF	7.0	8.021359735065947e-05	7.0	7.938488058245821e-05
CASSQEGVGSGELFF	14.0	0.00016042719470131894	14.0	0.00015876976116491645
CASSQEIARELFF	34.0	0.0003896089014174888	34.0	0.0003855837056862256
CASSQELASTDTQYF	4.0	4.583634134323399e-05	4.0	4.536278890426183e-05
CASSQELAVQETQYF	9.0	0.00010313176802227646	9.0	0.00010206627503458912
CASSQELGSYEQYF	13.0	0.00014896810936551044	13.0	0.00014742906393885096
CASSQELLPGLAGGFTDTQYF	10.0	0.00011459085335808496	10.0	0.0001134069722606546
CASSQEQGFHGYTF	25.0	0.0002864771333952124	25.0	0.0002835174306516365
CASSQEQGSEAFF	20.0	0.00022918170671616992	20.0	0.0002268139445213092
CASSQEQGYTEAFF	58.0	0.0006646269494768927	59.0	0.0006691011363378621
CASSQERATDTQYF	4.0	4.583634134323399e-05	4.0	4.536278890426183e-05
CASSQERESPYEQYF	19.0	0.00021772262138036144	19.0	0.0002154732472952437
CASSQERVGEGYEQYF	13.0	0.00014896810936551044	13.0	0.00014742906393885096
CASSQERYQETQYF	22.0	0.0002520998773877869	22.0	0.0002494953389734401
CASSQESGASTEAFF	7.0	8.021359735065947e-05	7.0	7.938488058245821e-05
CASSQESPGANVLTF	7.0	8.021359735065947e-05	7.0	7.938488058245821e-05
CASSQESVSTYEQYF	20.0	0.00022918170671616992	20.0	0.0002268139445213092
CASSQETGKLLTSYEQYF	29.0	0.00033231347473844635	29.0	0.0003288802195558983
CASSQETGSPYNEQFF	10.0	0.00011459085335808496	10.0	0.0001134069722606546
CASSQEVGRVASPLHF	8.0	9.167268268646796e-05	9.0	0.00010206627503458912
CASSQEVRASGNTIYF	13.0	0.00014896810936551044	13.0	0.00014742906393885096
CASSQEVWREGRGANVLTF	12.0	0.00013750902402970196	12.0	0.0001360883667127855
CASSQFDRSNQPQHF	18.0	0.0002062635360445529	18.0	0.0002041325500691783
CASSQFGQSYGYTF	4.0	4.583634134323399e-05	4.0	4.536278890426183e-05
CASSQFSSGANVLTF	7.0	8.021359735065947e-05	7.0	7.938488058245821e-05
CASSQFTGVETQYF	22.0	0.0002520998773877869	23.0	0.00026083603619950555
CASSQGAQNTEAFF	22.0	0.0002520998773877869	22.0	0.0002494953389734401
CASSQGASDRGHEQFF	1.0	1.1459085335808496e-05	1.0	1.1340697226065458e-05
CASSQGAYNSPLHF	11.0	0.00012604993869389346	11.0	0.00012474766948672005
CASSQGDRLKGYTF	4.0	4.583634134323399e-05	4.0	4.536278890426183e-05
CASSQGDVYEKLFF	25.0	0.0002864771333952124	25.0	0.0002835174306516365
CASSQGEGLYEQYF	6.0	6.875451201485098e-05	6.0	6.804418335639275e-05
CASSQGEQETQYF	12.0	0.00013750902402970196	12.0	0.0001360883667127855
CASSQGFTEAFF	39.0	0.0004469043280965313	39.0	0.0004422871918165529
CASSQGGANGYTF	1.0	1.1459085335808496e-05	1.0	1.1340697226065458e-05
CASSQGGASGVYEQYF	24.0	0.0002750180480594039	24.0	0.000272176733425571
CASSQGGAYGYTF	21.0	0.0002406407920519784	21.0	0.00023815464174737464
CASSQGGEKLFF	7.0	8.021359735065947e-05	7.0	7.938488058245821e-05
CASSQGGGGDTGELFF	6.0	6.875451201485098e-05	6.0	6.804418335639275e-05
CASSQGGGTYEQYF	24.0	0.0002750180480594039	24.0	0.000272176733425571
CASSQGGITEAFF	23.0	0.0002635589627235954	23.0	0.00026083603619950555
CASSQGGLAWNEQFF	8.0	9.167268268646796e-05	8.0	9.072557780852368e-05
CASSQGGSGRIYEQYF	3.0	3.437725600742549e-05	3.0	3.402209167819637e-05
CASSQGGSGTPYEQYF	17.0	0.00019480445070874447	17.0	0.0001927918528431128
CASSQGGSIFVGYTF	132.0	0.0015125992643267	136.0	0.0015423348227449
CASSQGGSREKLFF	41.0	0.0004698224987681483	41.0	0.0004649685862686838
CASSQGGTGAYEQYF	11.0	0.00012604993869389346	11.0	0.00012474766948672005
CASSQGGVTEAFF	34.0	0.0003896089014174889	34.0	0.0003855837056862256
CASSQGGYGYTF	15.0	0.00017188628003712744	15.0	0.0001701104583909819
CASSQGGYQPQHF	14.0	0.00016042719470131894	14.0	0.00015876976116491645
CASSQGGYQPRHF	1.0	1.1459085335808496e-05	1.0	1.1340697226065458e-05
CASSQGIGVQFF	4.0	4.583634134323399e-05	4.0	4.536278890426183e-05
CASSQGKNTGELFF	201.0	0.0023032761524975	201.0	0.0022794801424391
CASSQGLAGAAGELFF	19.0	0.00021772262138036144	19.0	0.0002154732472952437
CASSQGLAGPSGANVLTF	1.0	1.1459085335808496e-05	1.0	1.1340697226065458e-05
CASSQGLDYGYTF	25.0	0.0002864771333952124	25.0	0.0002835174306516365
CASSQGLERVNAGELFF	1.0	1.1459085335808496e-05	1.0	1.1340697226065458e-05
CASSQGLERVNTGELFF	10.0	0.00011459085335808496	10.0	0.0001134069722606546
CASSQGLKETQYF	15.0	0.00017188628003712744	15.0	0.0001701104583909819
CASSQGMADTQYF	9.0	0.00010313176802227646	9.0	0.00010206627503458912
CASSQGMDSNQPQHF	6.0	6.875451201485098e-05	6.0	6.804418335639275e-05
CASSQGMSGANVLTF	18.0	0.0002062635360445529	18.0	0.00020413255006917827
CASSQGNPYGYTF	9.0	0.00010313176802227646	9.0	0.00010206627503458912
CASSQGPRGNTEAFF	10.0	0.00011459085335808496	10.0	0.0001134069722606546
CASSQGQDEKLFF	13.0	0.00014896810936551044	13.0	0.00014742906393885096
CASSQGQDNSPLHF	34.0	0.0003896089014174888	34.0	0.0003855837056862256
CASSQGQEVTRGYTF	1.0	1.1459085335808496e-05	1.0	1.1340697226065458e-05
CASSQGQGKETQYF	84.0	0.0009625631682079136	84.0	0.0009526185669894986
CASSQGQGREGDNEQYF	10.0	0.00011459085335808496	10.0	0.0001134069722606546
CASSQGQGTANVLTF	27.0	0.0003093953040668294	27.0	0.00030619882510376736
CASSQGQGYGYTF	29.0	0.00033231347473844635	29.0	0.0003288802195558983
CASSQGQSSGNTIYF	18.0	0.0002062635360445529	18.0	0.0002041325500691783
CASSQGQVQYF	48.0	0.0005500360961188078	61.0	0.000691782530789993
CASSQGRFSSTDTQYF	6.0	6.875451201485098e-05	6.0	6.804418335639275e-05
CASSQGRNSYNEQFF	5.0	5.729542667904248e-05	6.0	6.804418335639275e-05
CASSQGRSGNTIYF	4.0	4.583634134323399e-05	4.0	4.536278890426183e-05
CASSQGRVAGSVQETQYF	8.0	9.167268268646796e-05	9.0	0.00010206627503458912
CASSQGRVNTGELFF	20.0	0.00022918170671616992	20.0	0.0002268139445213092
CASSQGSLGGEQYF	7.0	8.021359735065947e-05	7.0	7.938488058245821e-05
CASSQGTDSYEQYF	14.0	0.00016042719470131894	14.0	0.00015876976116491645
CASSQGTGELFF	18.0	0.0002062635360445529	18.0	0.0002041325500691783
CASSQGTGGNTIYF	11.0	0.00012604993869389346	11.0	0.00012474766948672005
CASSQGTGGQTGELFF	10.0	0.00011459085335808496	10.0	0.0001134069722606546
CASSQGTGVNTGELFF	28.0	0.0003208543894026379	28.0	0.00031753952232983285
CASSQGTGYTNTEAFF	5517.0	0.0632197737976554	5523.0	0.0626346707795595
CASSQGTSDRGHEQFF	3.0	3.437725600742549e-05	3.0	3.402209167819637e-05
CASSQGTSVYNEQFF	1.0	1.1459085335808496e-05	1.0	1.1340697226065458e-05
CASSQGVRRTDTQYF	14.0	0.00016042719470131894	15.0	0.0001701104583909819
CASSQGWASGRETQYF	4.0	4.583634134323399e-05	4.0	4.536278890426183e-05
CASSQGWSEKLFF	30.0	0.0003437725600742549	30.0	0.00034022091678196373
CASSQGYQETQYF	3.0	3.437725600742549e-05	3.0	3.402209167819637e-05
CASSQGYYRGGANVLTF	5.0	5.729542667904248e-05	5.0	5.670348613032729e-05
CASSQIAGVYKYF	9.0	0.00010313176802227646	12.0	0.0001360883667127855
CASSQKKYPGGAEAFF	2.0	2.2918170671616996e-05	2.0	2.268139445213092e-05
CASSQLAGDTDTQYF	2.0	2.2918170671616996e-05	2.0	2.268139445213092e-05
CASSQLAGGRYEQYF	25.0	0.0002864771333952124	25.0	0.0002835174306516365
CASSQLGQGPNGYTF	16.0	0.00018334536537293597	16.0	0.00018145115561704733
CASSQLHNEQYF	1.0	1.1459085335808496e-05	1.0	1.1340697226065458e-05
CASSQLSSGRLNEQFF	12.0	0.00013750902402970196	12.0	0.0001360883667127855
CASSQLSSPAGRTGELFF	14.0	0.00016042719470131894	14.0	0.00015876976116491643
CASSQMGAGVETQYF	5.0	5.729542667904248e-05	5.0	5.670348613032729e-05
CASSQNRGHSGNTIYF	7.0	8.021359735065947e-05	7.0	7.938488058245821e-05
CASSQNRVSYEQYF	13.0	0.00014896810936551044	13.0	0.00014742906393885096
CASSQPGLAGGLGEQYF	15.0	0.00017188628003712744	15.0	0.00017011045839098192
CASSQPGNTIYF	2.0	2.2918170671616996e-05	2.0	2.268139445213092e-05
CASSQPGTGREKLFF	17.0	0.0001948044507087444	17.0	0.0001927918528431128
CASSQPGVSAGYTF	20.0	0.00022918170671616992	22.0	0.0002494953389734401
CASSQPPGQGVFEQFF	16.0	0.00018334536537293597	17.0	0.0001927918528431128
CASSQPPNPSYEQYF	47.0	0.0005385770107829993	48.0	0.000544353466851142
CASSQPRTPRTQYF	8.0	9.167268268646796e-05	8.0	9.072557780852368e-05
CASSQQGHGYTF	22.0	0.0002520998773877869	29.0	0.0003288802195558983
CASSQQGNNEQFF	8.0	9.167268268646796e-05	8.0	9.072557780852368e-05
CASSQQGQVNSPLHF	14.0	0.00016042719470131894	14.0	0.00015876976116491645
CASSQQGSGNTIYF	3.0	3.437725600742549e-05	3.0	3.402209167819637e-05
CASSQRGNTEAFF	17.0	0.0001948044507087444	17.0	0.0001927918528431128
CASSQRGQGYNSPLHF	13.0	0.00014896810936551044	13.0	0.00014742906393885096
CASSQRGSGTPYEQYF	1.0	1.1459085335808496e-05	1.0	1.1340697226065458e-05
CASSQRPTGWSNQPQHF	7.0	8.021359735065947e-05	7.0	7.938488058245821e-05
CASSQRQGGEQYF	32.0	0.0003666907307458719	32.0	0.00036290231123409467
CASSQRSGRGELFF	25.0	0.0002864771333952124	25.0	0.0002835174306516365
CASSQRTGREQYF	23.0	0.0002635589627235954	22.0	0.0002494953389734401
CASSQRTLAYGETQYF	3.0	3.437725600742549e-05	3.0	3.402209167819637e-05
CASSQRVGEQFF	17.0	0.0001948044507087444	17.0	0.0001927918528431128
CASSQRVYNSPLHF	36.0	0.0004125270720891058	36.0	0.0004082651001383565
CASSQSGGYNSPLHF	11.0	0.00012604993869389346	11.0	0.00012474766948672005
CASSQSGLAKQETQYF	17.0	0.0001948044507087444	18.0	0.0002041325500691783
CASSQSGSRGYTF	52.0	0.0005958724374620417	53.0	0.0006010569529814693
CASSQSLITNSPLHF	15.0	0.00017188628003712744	15.0	0.0001701104583909819
CASSQSPGTSGIGGSEQFF	2.0	2.2918170671616996e-05	2.0	2.268139445213092e-05
CASSQSPTGPRNSPLHF	6.0	6.875451201485098e-05	6.0	6.804418335639275e-05
CASSQSQGNYGYTF	7.0	8.021359735065947e-05	7.0	7.938488058245821e-05
CASSQSQGSYGYTF	1.0	1.1459085335808496e-05	1.0	1.1340697226065458e-05
CASSQSSGSSPLHF	38.0	0.0004354452427607229	48.0	0.000544353466851142
CASSQSWRDTEAFF	7.0	8.021359735065947e-05	7.0	7.938488058245821e-05
CASSQSWTDPLTSSYEQYF	88.0	0.0010083995095511	88.0	0.0009979813558937604
CASSQTGGTDTQYF	4.0	4.583634134323399e-05	4.0	4.536278890426183e-05
CASSQTGGVGYTF	17.0	0.0001948044507087444	17.0	0.0001927918528431128
CASSQTGNTGELFF	100.0	0.0011459085335808	100.0	0.0011340697226065
CASSQTGTSGYNEQFF	3.0	3.437725600742549e-05	3.0	3.402209167819637e-05
CASSQTGYYGYTF	5.0	5.729542667904248e-05	5.0	5.670348613032729e-05
CASSQTLGSMNTEAFF	10.0	0.00011459085335808496	10.0	0.0001134069722606546
CASSQTQGAGEAFF	20.0	0.00022918170671616992	20.0	0.0002268139445213092
CASSQTRQGAYEQYF	20.0	0.00022918170671616992	20.0	0.0002268139445213092
CASSQTSGATGELFF	14.0	0.00016042719470131894	14.0	0.00015876976116491645
CASSQTSGQHYNEQFF	2.0	2.2918170671616996e-05	3.0	3.402209167819637e-05
CASSQTSGSYEQYF	6.0	6.875451201485098e-05	7.0	7.938488058245821e-05
CASSQTTRGQYF	2.0	2.2918170671616996e-05	2.0	2.268139445213092e-05
CASSQTVPGPNTIYF	3.0	3.437725600742549e-05	3.0	3.402209167819637e-05
CASSQTWTGGVSETQYF	1.0	1.1459085335808496e-05	1.0	1.1340697226065458e-05
CASSQVADLYNEQFF	14.0	0.00016042719470131894	14.0	0.00015876976116491645
CASSQVADLYNGQFF	1.0	1.1459085335808496e-05	1.0	1.1340697226065458e-05
CASSQVAGDNEQFF	11.0	0.00012604993869389346	11.0	0.00012474766948672005
CASSQVAGRHEQYF	8.0	9.167268268646796e-05	8.0	9.072557780852368e-05
CASSQVDLEDRYEQFF	16.0	0.00018334536537293594	16.0	0.00018145115561704736
CASSQVDRGSRNSPLHF	22.0	0.0002520998773877869	22.0	0.0002494953389734401
CASSQVDTDTQYF	13.0	0.00014896810936551044	13.0	0.00014742906393885096
CASSQVEERTYYNEQFF	9.0	0.00010313176802227646	9.0	0.00010206627503458912
CASSQVEGAMNTEAFF	36.0	0.0004125270720891058	36.0	0.0004082651001383565
CASSQVEGDTQYF	6.0	6.875451201485098e-05	6.0	6.804418335639275e-05
CASSQVGAEETQYF	24.0	0.0002750180480594039	24.0	0.000272176733425571
CASSQVGFGEQYF	20.0	0.00022918170671616992	20.0	0.0002268139445213092
CASSQVGGRGTDTQYF	1.0	1.1459085335808496e-05	1.0	1.1340697226065458e-05
CASSQVGLANEQFF	8.0	9.167268268646796e-05	8.0	9.072557780852368e-05
CASSQVGQEETQYF	163.0	0.0018678309097367	163.0	0.0018485336478486
CASSQVGSYETQYF	7.0	8.021359735065947e-05	7.0	7.938488058245821e-05
CASSQVGTGFEKLFF	1.0	1.1459085335808496e-05	1.0	1.1340697226065458e-05
CASSQVGTGNSNYGYTF	8.0	9.167268268646796e-05	8.0	9.072557780852368e-05
CASSQVLAGGPEFF	12.0	0.00013750902402970196	13.0	0.00014742906393885096
CASSQVLGDTEAFF	5.0	5.729542667904248e-05	5.0	5.670348613032729e-05
CASSQVLGDTEAFL	1.0	1.1459085335808496e-05	1.0	1.1340697226065458e-05
CASSQVLRQELFF	7.0	8.021359735065947e-05	7.0	7.938488058245821e-05
CASSQVLSGRDTQYF	3.0	3.437725600742549e-05	3.0	3.402209167819637e-05
CASSQVLVGGSNQPQHF	63.0	0.0007219223761559352	65.0	0.0007371453196942547
CASSQVNEQFF	4.0	4.583634134323399e-05	4.0	4.536278890426183e-05
CASSQVPGGGNSPLHF	2.0	2.2918170671616996e-05	2.0	2.268139445213092e-05
CASSQVPGHEQYF	9.0	0.00010313176802227646	9.0	0.00010206627503458912
CASSQVPGHERYF	1.0	1.1459085335808496e-05	1.0	1.1340697226065458e-05
CASSQVQATNEKLFF	13.0	0.00014896810936551044	13.0	0.00014742906393885096
CASSQVQGGETQYF	15.0	0.00017188628003712744	15.0	0.0001701104583909819
CASSQVRATNEKLFF	1.0	1.1459085335808496e-05	1.0	1.1340697226065458e-05
CASSQVRKGSTDTQYF	7.0	8.021359735065947e-05	7.0	7.938488058245821e-05
CASSQVRRDDIEQYF	24.0	0.0002750180480594039	24.0	0.000272176733425571
CASSQVSDSGNTIYF	19.0	0.00021772262138036144	19.0	0.0002154732472952437
CASSQVSGSTDTQYF	65.0	0.0007448405468275522	65.0	0.0007371453196942548
CASSQVSQGYQPQHF	12.0	0.00013750902402970196	13.0	0.00014742906393885096
CASSQVSSEKETQYF	37.0	0.0004239861574249144	36.0	0.0004082651001383565
CASSQVTRGSPTQETQYF	7.0	8.021359735065947e-05	7.0	7.938488058245821e-05
CASSQVTSAGETQYF	48.0	0.0005500360961188078	48.0	0.000544353466851142
CASSQVWDSGEQYF	29.0	0.00033231347473844635	29.0	0.0003288802195558983
CASSQWAGGMNTEAFF	52.0	0.0005958724374620417	52.0	0.0005897162557554038
CASSQWDVKETQYF	27.0	0.0003093953040668294	28.0	0.00031753952232983285
CASSQYGKWRVGYNEQFF	11.0	0.00012604993869389346	11.0	0.00012474766948672005
CASSQYPGTLASHSGNTIYF	27.0	0.0003093953040668294	27.0	0.00030619882510376736
CASSQYPPLDIRNYGYTF	11.0	0.00012604993869389346	11.0	0.00012474766948672005
CASSQYPYEQYF	8.0	9.167268268646797e-05	8.0	9.072557780852367e-05
CASSQYQTGVNTEAFF	44.0	0.0005041997547755738	44.0	0.0004989906779468802
CASSQYRGSLYEQYF	5.0	5.729542667904248e-05	5.0	5.670348613032729e-05
CASSQYRRSLYEQYF	1.0	1.1459085335808496e-05	1.0	1.1340697226065458e-05
CASSQYRVGSPLHF	23.0	0.00026355896272359545	25.0	0.0002835174306516365
CASSQYRVPSGNTIYF	1.0	1.1459085335808496e-05	1.0	1.1340697226065458e-05
CASSRAEGGTEAFF	29.0	0.00033231347473844635	29.0	0.0003288802195558983
CASSRAESSGNTIYF	3.0	3.437725600742549e-05	3.0	3.402209167819637e-05
CASSRAFEQYF	1.0	1.1459085335808496e-05	1.0	1.1340697226065458e-05
CASSRAGGGSFYNEQFF	8.0	9.167268268646796e-05	9.0	0.00010206627503458912
CASSRAGHYQETQYF	8.0	9.167268268646796e-05	8.0	9.072557780852368e-05
CASSRAGPRGYGYTF	1.0	1.1459085335808496e-05	1.0	1.1340697226065458e-05
CASSRAGRLPYYEQYF	60.0	0.0006875451201485098	60.0	0.0006804418335639275
CASSRAGTSIPHEQYF	2.0	2.2918170671616996e-05	2.0	2.268139445213092e-05
CASSRAPGHRAPYEQYF	36.0	0.0004125270720891058	36.0	0.0004082651001383565
CASSRASGANVLTF	125.0	0.001432385666976	125.0	0.0014175871532581
CASSRATGETQYF	12.0	0.00013750902402970196	12.0	0.0001360883667127855
CASSRAYGGSPVEQYF	8.0	9.167268268646796e-05	8.0	9.072557780852368e-05
CASSRDDNEQFF	5.0	5.729542667904248e-05	5.0	5.670348613032729e-05
CASSRDGGGFEKLFF	3.0	3.437725600742549e-05	3.0	3.402209167819637e-05
CASSRDGNQPQHF	17.0	0.0001948044507087444	17.0	0.0001927918528431128
CASSRDGSGANVLTF	5.0	5.729542667904248e-05	5.0	5.670348613032729e-05
CASSRDHRSYF	2.0	2.2918170671616996e-05	2.0	2.268139445213092e-05
CASSRDISMNTEAFF	15.0	0.00017188628003712744	15.0	0.0001701104583909819
CASSRDLGVAGELFF	8.0	9.167268268646796e-05	8.0	9.072557780852368e-05
CASSRDQNTEAFF	19.0	0.00021772262138036144	19.0	0.0002154732472952437
CASSRDRADIQYF	1.0	1.1459085335808496e-05	1.0	1.1340697226065458e-05
CASSRDRAYEQYF	5.0	5.729542667904248e-05	5.0	5.670348613032729e-05
CASSRDRAYGQYF	1.0	1.1459085335808496e-05	1.0	1.1340697226065458e-05
CASSRDRSYEQYF	34.0	0.0003896089014174888	34.0	0.0003855837056862256
CASSRDSGTDSPLHF	12.0	0.00013750902402970196	12.0	0.0001360883667127855
CASSRDSPGGYEQYF	15.0	0.00017188628003712744	15.0	0.00017011045839098192
CASSRDSYEQYF	1.0	1.1459085335808496e-05	1.0	1.1340697226065458e-05
CASSRDTGELFF	52.0	0.0005958724374620417	52.0	0.0005897162557554038
CASSRDTGQENYGYTF	1.0	1.1459085335808496e-05	1.0	1.1340697226065458e-05
CASSRDYNPAYEQYF	37.0	0.0004239861574249144	37.0	0.000419605797364422
CASSRDYPSGANVLTF	5.0	5.729542667904248e-05	5.0	5.670348613032729e-05
CASSREAGFSAYEQYF	5.0	5.729542667904248e-05	5.0	5.670348613032729e-05
CASSREDIRTLAFYGYTF	19.0	0.00021772262138036144	19.0	0.0002154732472952437
CASSREERLTDTQYF	8.0	9.167268268646796e-05	8.0	9.072557780852368e-05
CASSREGAGNTEAFF	12.0	0.00013750902402970196	12.0	0.0001360883667127855
CASSREQGSEAFF	1.0	1.1459085335808496e-05	1.0	1.1340697226065458e-05
CASSRFGPYMNTEAFF	2.0	2.2918170671616996e-05	2.0	2.268139445213092e-05
CASSRGAEETQYF	6.0	6.875451201485098e-05	6.0	6.804418335639275e-05
CASSRGAGGSTDTQYF	1.0	1.1459085335808496e-05	1.0	1.1340697226065458e-05
CASSRGATGVGYTF	32.0	0.0003666907307458719	33.0	0.0003742430084601601
CASSRGAWDTEAFF	3.0	3.437725600742549e-05	3.0	3.402209167819637e-05
CASSRGDENIQYF	1.0	1.1459085335808496e-05	5.0	5.670348613032729e-05
CASSRGDGYTF	8.0	9.167268268646796e-05	8.0	9.072557780852368e-05
CASSRGDSSNQPQHF	6.0	6.875451201485098e-05	6.0	6.804418335639275e-05
CASSRGETYEQYF	143.0	0.0016386492030206	142.0	0.0016103790061012
CASSRGFGYTF	4.0	4.583634134323399e-05	4.0	4.536278890426183e-05
CASSRGGDTQYF	3.0	3.437725600742549e-05	3.0	3.402209167819637e-05
CASSRGGFTGLTF	57.0	0.0006531678641410843	59.0	0.0006691011363378621
CASSRGGGAFF	47.0	0.0005385770107829993	48.0	0.000544353466851142
CASSRGGGRTEAFF	1.0	1.1459085335808496e-05	1.0	1.1340697226065458e-05
CASSRGGLQETQYF	8.0	9.167268268646797e-05	8.0	9.072557780852367e-05
CASSRGGTSRITYEQYF	8.0	9.167268268646796e-05	8.0	9.072557780852368e-05
CASSRGLAGANTGELFF	2.0	2.2918170671616996e-05	2.0	2.268139445213092e-05
CASSRGLAGGAGANVLTF	3.0	3.437725600742549e-05	3.0	3.402209167819637e-05
CASSRGLAGGDTQYF	6.0	6.875451201485098e-05	6.0	6.804418335639275e-05
CASSRGLAGGPKDTQYF	3.0	3.437725600742549e-05	3.0	3.402209167819637e-05
CASSRGLAGRTGELFF	47.0	0.0005385770107829993	47.0	0.0005330127696250766
CASSRGLAGSYEQYF	15.0	0.00017188628003712744	15.0	0.0001701104583909819
CASSRGLANYNEQFF	4.0	4.583634134323399e-05	4.0	4.536278890426183e-05
CASSRGLRGDYEQYF	19.0	0.00021772262138036144	19.0	0.0002154732472952437
CASSRGLTYEQYF	12.0	0.00013750902402970196	12.0	0.0001360883667127855
CASSRGPSYYTGELFF	1.0	1.1459085335808496e-05	1.0	1.1340697226065458e-05
CASSRGQDEKLFF	7.0	8.021359735065947e-05	7.0	7.938488058245821e-05
CASSRGQGFDNQPQHF	5.0	5.729542667904248e-05	5.0	5.670348613032729e-05
CASSRGQGGNEKLFF	5.0	5.7295426679042487e-05	5.0	5.670348613032729e-05
CASSRGQGNTEAFF	42.0	0.0004812815841039568	42.0	0.0004763092834947493
CASSRGSPGANVLTF	6.0	6.875451201485098e-05	6.0	6.804418335639275e-05
CASSRGTATDTQYF	9.0	0.00010313176802227646	9.0	0.00010206627503458912
CASSRGTGEEQYF	54.0	0.0006187906081336588	54.0	0.0006123976502075347
CASSRGTGGVYEQYF	34.0	0.0003896089014174888	33.0	0.0003742430084601601
CASSRGTGTSTDTQYF	4.0	4.583634134323399e-05	4.0	4.536278890426183e-05
CASSRGTNSPLHF	3.0	3.437725600742549e-05	3.0	3.402209167819637e-05
CASSRGTSGTYEQYF	50.0	0.0005729542667904248	50.0	0.000567034861303273
CASSRGTSLFLTDTQYF	3.0	3.437725600742549e-05	3.0	3.402209167819637e-05
CASSRGVTGYGTDTQYF	2.0	2.2918170671616996e-05	2.0	2.268139445213092e-05
CASSRGYNQPQHF	4.0	4.583634134323399e-05	4.0	4.536278890426183e-05
CASSRIGGTAFF	17.0	0.0001948044507087444	17.0	0.0001927918528431128
CASSRIKREWILNEQFF	7.0	8.021359735065947e-05	7.0	7.938488058245821e-05
CASSRILATNEKLFF	9.0	0.00010313176802227646	9.0	0.00010206627503458912
CASSRKHEQYF	9.0	0.00010313176802227646	9.0	0.00010206627503458912
CASSRLAGASRELFF	23.0	0.0002635589627235954	23.0	0.00026083603619950555
CASSRLAGFTGELFF	3.0	3.437725600742549e-05	3.0	3.402209167819637e-05
CASSRLAGGPGAEQFF	9.0	0.00010313176802227646	12.0	0.0001360883667127855
CASSRLAGGPGEQFF	7.0	8.021359735065947e-05	7.0	7.938488058245821e-05
CASSRLAGSDEQFF	46.0	0.0005271179254471908	46.0	0.0005216720723990111
CASSRLAGTPTQYF	49.0	0.0005614951814546163	49.0	0.0005556941640772075
CASSRLAGVAETQYF	14.0	0.00016042719470131897	15.0	0.00017011045839098187
CASSRLFTVLNGYTF	8.0	9.167268268646796e-05	8.0	9.072557780852368e-05
CASSRLIPGQGGQPQHF	11.0	0.00012604993869389346	11.0	0.00012474766948672005
CASSRLITLAGHTGELFF	9.0	0.00010313176802227646	9.0	0.00010206627503458912
CASSRLSATSGNNEQFF	2.0	2.2918170671616996e-05	2.0	2.268139445213092e-05
CASSRLWTSGRNEQFF	60.0	0.0006875451201485098	60.0	0.0006804418335639275
CASSRNGGATQYF	3.0	3.437725600742549e-05	4.0	4.536278890426183e-05
CASSRNQGGGGDEQFF	22.0	0.0002520998773877869	22.0	0.0002494953389734401
CASSRNSGRIGSHEQYF	1.0	1.1459085335808496e-05	1.0	1.1340697226065458e-05
CASSRNSGRIGSYEQYF	17.0	0.0001948044507087444	17.0	0.0001927918528431128
CASSRNSGRIGSYKQYF	2.0	2.2918170671616996e-05	2.0	2.268139445213092e-05
CASSRNTGTGYEQYF	12.0	0.00013750902402970196	12.0	0.0001360883667127855
CASSRPDGTGSYNEQFF	11.0	0.00012604993869389346	11.0	0.00012474766948672005
CASSRPGLAKTNEQFF	4.0	4.583634134323399e-05	4.0	4.536278890426183e-05
CASSRPGPGYTF	13.0	0.00014896810936551044	14.0	0.00015876976116491645
CASSRPGQGKQYF	8.0	9.167268268646796e-05	8.0	9.072557780852368e-05
CASSRPGQGPPPYEQYF	8.0	9.167268268646796e-05	8.0	9.072557780852368e-05
CASSRPGTNQPQHF	5.0	5.729542667904248e-05	5.0	5.670348613032729e-05
CASSRPGTPYNEQFF	1.0	1.1459085335808496e-05	1.0	1.1340697226065458e-05
CASSRPGTSQPQHF	1.0	1.1459085335808496e-05	1.0	1.1340697226065458e-05
CASSRPLTDTQYF	3.0	3.437725600742549e-05	3.0	3.402209167819637e-05
CASSRPNSPLHF	18.0	0.0002062635360445529	18.0	0.0002041325500691783
CASSRPTATNEKLFF	18.0	0.0002062635360445529	18.0	0.0002041325500691783
CASSRPTSYEQYF	7.0	8.021359735065947e-05	7.0	7.938488058245821e-05
CASSRQAPTDTQYF	10.0	0.00011459085335808496	10.0	0.0001134069722606546
CASSRQFRDDSYEQYF	93.0	0.0010656949362301	92.0	0.001043344144798
CASSRQGAAGNTIYF	1.0	1.1459085335808496e-05	1.0	1.1340697226065458e-05
CASSRQGAREKLFF	3.0	3.437725600742549e-05	3.0	3.402209167819637e-05
CASSRQGDDEQYF	17.0	0.0001948044507087444	17.0	0.0001927918528431128
CASSRQGDRNEQFF	13.0	0.00014896810936551044	13.0	0.00014742906393885096
CASSRQGGTEAFF	4.0	4.583634134323399e-05	4.0	4.536278890426183e-05
CASSRQGGYEQYF	28.0	0.0003208543894026379	28.0	0.00031753952232983285
CASSRQGQTQYF	16.0	0.00018334536537293597	16.0	0.00018145115561704733
CASSRQGSGAFF	2.0	2.2918170671616996e-05	2.0	2.268139445213092e-05
CASSRQLLKVMNTEAFF	13.0	0.00014896810936551044	13.0	0.00014742906393885096
CASSRQTVDTQYF	11.0	0.00012604993869389346	11.0	0.00012474766948672005
CASSRQWKETQYF	12.0	0.00013750902402970196	12.0	0.0001360883667127855
CASSRRAGEVADTQYF	17.0	0.0001948044507087444	18.0	0.0002041325500691783
CASSRRANTEAFF	5.0	5.729542667904248e-05	5.0	5.670348613032729e-05
CASSRRDYGATFF	3.0	3.437725600742549e-05	3.0	3.402209167819637e-05
CASSRREGGTGELFF	766.0	0.0087776593672293	768.0	0.0087096554696182
CASSRRGAYNSPLHF	1.0	1.1459085335808496e-05	1.0	1.1340697226065458e-05
CASSRRGRGNTEAFF	4.0	4.583634134323399e-05	4.0	4.536278890426183e-05
CASSRRIARHTDTQYF	1.0	1.1459085335808496e-05	1.0	1.1340697226065458e-05
CASSRRIETQYF	1.0	1.1459085335808496e-05	1.0	1.1340697226065458e-05
CASSRRLAGLLTDTQYF	19.0	0.00021772262138036144	20.0	0.0002268139445213092
CASSRRLAGSYEQYF	1.0	1.1459085335808496e-05	1.0	1.1340697226065458e-05
CASSRRLARLLTDTQYF	1.0	1.1459085335808496e-05	1.0	1.1340697226065458e-05
CASSRRLETQYF	11.0	0.00012604993869389346	11.0	0.00012474766948672005
CASSRRPGELFF	19.0	0.00021772262138036144	18.0	0.0002041325500691783
CASSRRPLSGLTF	32.0	0.0003666907307458719	32.0	0.00036290231123409467
CASSRRQGANSEAFF	79.0	0.0009052677415288711	82.0	0.0009299371725373676
CASSRRQGASETQYF	8.0	9.167268268646796e-05	8.0	9.072557780852368e-05
CASSRRQGDTEAFF	5.0	5.729542667904248e-05	5.0	5.670348613032729e-05
CASSRRSMSGRGSEQYF	16.0	0.00018334536537293597	16.0	0.00018145115561704733
CASSRRTQGTDTQYF	29.0	0.00033231347473844635	29.0	0.0003288802195558983
CASSRRVQTTSRYTGELFF	141.0	0.0016157310323489	147.0	0.0016670824922315928
CASSRSAYEQYF	4.0	4.583634134323399e-05	4.0	4.536278890426183e-05
CASSRSGGTEAFF	1.0	1.1459085335808496e-05	1.0	1.1340697226065458e-05
CASSRSGSGNQPQHF	12.0	0.00013750902402970196	12.0	0.0001360883667127855
CASSRSRATDTQYF	5.0	5.729542667904248e-05	5.0	5.670348613032729e-05
CASSRSRGENSPLHF	3.0	3.437725600742549e-05	3.0	3.402209167819637e-05
CASSRSRTNYGYTF	34.0	0.0003896089014174888	35.0	0.00039692440291229104
CASSRSSGSTDTQYF	2.0	2.2918170671616996e-05	2.0	2.268139445213092e-05
CASSRSTDQARETQYF	10.0	0.00011459085335808496	10.0	0.0001134069722606546
CASSRTAFGGNQPQHF	15.0	0.00017188628003712744	15.0	0.0001701104583909819
CASSRTANTGELFF	8.0	9.167268268646797e-05	8.0	9.072557780852367e-05
CASSRTDYGYTF	13.0	0.00014896810936551044	13.0	0.00014742906393885096
CASSRTELVADTQYF	1.0	1.1459085335808496e-05	1.0	1.1340697226065458e-05
CASSRTFLGSYEQYF	2.0	2.2918170671616996e-05	2.0	2.268139445213092e-05
CASSRTGFGEQYF	6.0	6.875451201485098e-05	6.0	6.804418335639275e-05
CASSRTGGANVLTF	2.0	2.2918170671616996e-05	2.0	2.268139445213092e-05
CASSRTGGLNQPQHF	42.0	0.0004812815841039568	42.0	0.0004763092834947493
CASSRTGGNTQYF	2.0	2.2918170671616996e-05	2.0	2.268139445213092e-05
CASSRTGGTVNTDTQYF	1.0	1.1459085335808496e-05	1.0	1.1340697226065458e-05
CASSRTGPGNYGYTF	2.0	2.2918170671616996e-05	2.0	2.268139445213092e-05
CASSRTGPRNYGYTF	15.0	0.00017188628003712744	15.0	0.0001701104583909819
CASSRTGQGYEQYF	6.0	6.875451201485098e-05	6.0	6.804418335639275e-05
CASSRTGRYSNQPQHF	10.0	0.00011459085335808496	10.0	0.0001134069722606546
CASSRTGTRGYNEQFF	12.0	0.00013750902402970196	12.0	0.0001360883667127855
CASSRTGVTDTQYF	2.0	2.2918170671616996e-05	2.0	2.268139445213092e-05
CASSRTHLGTGVQPQHF	2.0	2.2918170671616996e-05	2.0	2.268139445213092e-05
CASSRTKRATTYEQYF	9.0	0.00010313176802227646	9.0	0.00010206627503458912
CASSRTLTSGSTYEQYF	1.0	1.1459085335808496e-05	1.0	1.1340697226065458e-05
CASSRTPSSYEQYF	14.0	0.00016042719470131894	14.0	0.00015876976116491645
CASSRTPSYEQYF	41.0	0.0004698224987681483	41.0	0.0004649685862686838
CASSRTRTTYEQYF	1.0	1.1459085335808496e-05	1.0	1.1340697226065458e-05
CASSRTSAGLGNEQFF	4.0	4.583634134323399e-05	4.0	4.536278890426183e-05
CASSRTSGGGEQFF	4.0	4.583634134323399e-05	5.0	5.670348613032729e-05
CASSRTSGSYEQYF	36.0	0.0004125270720891058	36.0	0.0004082651001383565
CASSRTSWSMAQYF	16.0	0.00018334536537293597	16.0	0.00018145115561704733
CASSRTTFYEQYF	1.0	1.1459085335808496e-05	1.0	1.1340697226065458e-05
CASSRTTKGELFF	13.0	0.00014896810936551044	13.0	0.00014742906393885096
CASSRTTKNYEQYF	6.0	6.875451201485098e-05	6.0	6.804418335639275e-05
CASSRTVNTEAFF	3.0	3.437725600742549e-05	3.0	3.402209167819637e-05
CASSRTVYTDTQYF	2.0	2.2918170671616996e-05	2.0	2.268139445213092e-05
CASSRVGGLTDTQYF	5.0	5.729542667904248e-05	6.0	6.804418335639275e-05
CASSRVGGVNTEAFF	44.0	0.0005041997547755738	44.0	0.0004989906779468802
CASSRVINEKLFF	5.0	5.729542667904248e-05	5.0	5.670348613032729e-05
CASSRVNTEAFF	3.0	3.437725600742549e-05	3.0	3.402209167819637e-05
CASSRVRDEQFF	22.0	0.0002520998773877869	23.0	0.00026083603619950555
CASSRWADPQETQYF	3.0	3.437725600742549e-05	3.0	3.402209167819638e-05
CASSRWDFGGELFF	1.0	1.1459085335808496e-05	1.0	1.1340697226065458e-05
CASSRWDTTNTGELFF	49.0	0.0005614951814546163	49.0	0.0005556941640772075
CASSRYDRGVNNEQFF	1.0	1.1459085335808496e-05	1.0	1.1340697226065458e-05
CASSRYNTEAFF	45.0	0.0005156588401113823	45.0	0.0005103313751729456
CASSRYRAGQGAGSAFF	7.0	8.021359735065947e-05	7.0	7.938488058245821e-05
CASSSAAGGWTEAFF	1.0	1.1459085335808496e-05	1.0	1.1340697226065458e-05
CASSSAANTGELFF	23.0	0.0002635589627235954	23.0	0.00026083603619950555
CASSSAFLYEQYF	6.0	6.875451201485098e-05	6.0	6.804418335639275e-05
CASSSAGGTYNEQFF	8.0	9.167268268646796e-05	8.0	9.072557780852368e-05
CASSSAGLSYNEQFF	1.0	1.1459085335808496e-05	1.0	1.1340697226065458e-05
CASSSALLGSTEAFF	1.0	1.1459085335808496e-05	1.0	1.1340697226065458e-05
CASSSANTGELFF	22.0	0.0002520998773877869	23.0	0.00026083603619950555
CASSSAQGAKGYTF	16.0	0.00018334536537293597	17.0	0.0001927918528431128
CASSSARNNSPLHF	12.0	0.00013750902402970196	12.0	0.0001360883667127855
CASSSARTGGGGYTF	14.0	0.00016042719470131894	14.0	0.00015876976116491645
CASSSASSYNSPLHF	22.0	0.0002520998773877869	22.0	0.0002494953389734401
CASSSAYTQYF	1.0	1.1459085335808496e-05	2.0	2.268139445213092e-05
CASSSDIHSYEQYF	10.0	0.00011459085335808496	10.0	0.0001134069722606546
CASSSDRGNQETQYF	1.0	1.1459085335808496e-05	1.0	1.1340697226065458e-05
CASSSDRGQRDEQYF	6.0	6.875451201485098e-05	6.0	6.804418335639275e-05
CASSSDRVDTQYF	3.0	3.437725600742549e-05	3.0	3.402209167819637e-05
CASSSDRVLGNQPQHF	5.0	5.729542667904248e-05	5.0	5.670348613032729e-05
CASSSEGLAGVGETQYF	1.0	1.1459085335808496e-05	1.0	1.1340697226065458e-05
CASSSERGAFF	40.0	0.00045836341343233984	40.0	0.0004536278890426184
CASSSERGGDSPLHF	1.0	1.1459085335808496e-05	1.0	1.1340697226065458e-05
CASSSERGLAGVGSYNEQFF	13.0	0.00014896810936551044	13.0	0.00014742906393885096
CASSSETRKNIQYF	1.0	1.1459085335808496e-05	1.0	1.1340697226065458e-05
CASSSFGSSGNTIYF	3.0	3.437725600742549e-05	3.0	3.402209167819637e-05
CASSSFGSSGNTVYF	1.0	1.1459085335808496e-05	1.0	1.1340697226065458e-05
CASSSFHRLAGSYEQYF	33.0	0.0003781498160816804	33.0	0.0003742430084601601
CASSSFLAGGPNGELFF	17.0	0.0001948044507087444	17.0	0.0001927918528431128
CASSSFRTEFQETQYF	1.0	1.1459085335808496e-05	1.0	1.1340697226065458e-05
CASSSFSGGSKVNEQFF	3.0	3.437725600742549e-05	3.0	3.402209167819637e-05
CASSSFSGLHHYEQYF	35.0	0.00040106798675329736	35.0	0.00039692440291229104
CASSSFTGTGESGYTF	10.0	0.00011459085335808496	10.0	0.0001134069722606546
CASSSGAGVGYDEQFF	14.0	0.00016042719470131894	14.0	0.00015876976116491645
CASSSGANTGELFF	2.0	2.2918170671616996e-05	2.0	2.268139445213092e-05
CASSSGDTYGAGELFF	1.0	1.1459085335808496e-05	1.0	1.1340697226065458e-05
CASSSGESNQPQHF	33.0	0.0003781498160816804	33.0	0.0003742430084601601
CASSSGGHNSPLHF	46.0	0.0005271179254471908	46.0	0.0005216720723990111
CASSSGGPGYEQYF	3.0	3.437725600742549e-05	3.0	3.402209167819637e-05
CASSSGGPPYEQYF	18.0	0.0002062635360445529	18.0	0.0002041325500691783
CASSSGGSGGNEQYF	11.0	0.00012604993869389346	11.0	0.00012474766948672005
CASSSGGSGSTEQYF	2.0	2.2918170671616996e-05	2.0	2.268139445213092e-05
CASSSGGSSYNEQFF	6.0	6.875451201485098e-05	6.0	6.804418335639275e-05
CASSSGHNYEQYF	29.0	0.00033231347473844635	29.0	0.0003288802195558983
CASSSGIQETQYF	31.0	0.0003552316454100633	31.0	0.0003515616140080292
CASSSGISPLHF	1.0	1.1459085335808496e-05	1.0	1.1340697226065458e-05
CASSSGLAGAGELFF	1.0	1.1459085335808496e-05	1.0	1.1340697226065458e-05
CASSSGLAGGDIQYF	3.0	3.437725600742549e-05	10.0	0.0001134069722606546
CASSSGLAGKEQFF	3.0	3.437725600742549e-05	3.0	3.402209167819637e-05
CASSSGLAGLSYEQYF	1.0	1.1459085335808496e-05	1.0	1.1340697226065458e-05
CASSSGLAGTGELFF	7.0	8.021359735065947e-05	7.0	7.938488058245821e-05
CASSSGLAYEQYF	1.0	1.1459085335808496e-05	1.0	1.1340697226065458e-05
CASSSGLGDEQFF	3.0	3.437725600742549e-05	3.0	3.402209167819637e-05
CASSSGLSNQPQHF	40.0	0.00045836341343233984	41.0	0.0004649685862686838
CASSSGLVETQYF	3.0	3.437725600742549e-05	3.0	3.402209167819637e-05
CASSSGLVGSYNEQFF	1.0	1.1459085335808496e-05	1.0	1.1340697226065458e-05
CASSSGPTAYEQYF	21.0	0.0002406407920519784	21.0	0.00023815464174737464
CASSSGPYLDNSPLHF	2.0	2.2918170671616996e-05	2.0	2.268139445213092e-05
CASSSGPYLGTQYF	16.0	0.00018334536537293597	17.0	0.0001927918528431128
CASSSGPYNSPLHF	38.0	0.0004354452427607229	38.0	0.0004309464945904874
CASSSGQAYNQPQHF	3.0	3.437725600742549e-05	3.0	3.402209167819637e-05
CASSSGQAYPNQPQHF	9.0	0.00010313176802227646	9.0	0.00010206627503458912
CASSSGQGFSGELFF	3.0	3.437725600742549e-05	3.0	3.402209167819637e-05
CASSSGQGNSNQPQHF	1.0	1.1459085335808496e-05	1.0	1.1340697226065458e-05
CASSSGQGNSNQPRHF	1.0	1.1459085335808496e-05	1.0	1.1340697226065458e-05
CASSSGQGSYEQYF	3.0	3.437725600742549e-05	3.0	3.402209167819637e-05
CASSSGQGVIDEQFF	6.0	6.875451201485098e-05	6.0	6.804418335639275e-05
CASSSGQPNTEAFF	37.0	0.0004239861574249144	37.0	0.000419605797364422
CASSSGQQPDGYTF	12.0	0.00013750902402970196	12.0	0.0001360883667127855
CASSSGRINQPQHF	16.0	0.00018334536537293597	16.0	0.00018145115561704733
CASSSGRLAGNTGELFF	99.0	0.001134449448245	99.0	0.0011227290253804
CASSSGSAGAFF	3.0	3.437725600742549e-05	3.0	3.402209167819637e-05
CASSSGSYEQYF	27.0	0.0003093953040668294	27.0	0.0003061988251037674
CASSSGTGARDYGYTF	278.0	0.0031856257233547	281.0	0.0031867359205243
CASSSGTGATEAFF	29.0	0.00033231347473844635	29.0	0.0003288802195558983
CASSSGTGAYNEQFF	11.0	0.00012604993869389346	11.0	0.00012474766948672005
CASSSGTGGRGEKLFF	19.0	0.00021772262138036144	19.0	0.0002154732472952437
CASSSGTGNQPQHF	2.0	2.2918170671616996e-05	2.0	2.268139445213092e-05
CASSSGTRIPNTQYF	3.0	3.437725600742549e-05	3.0	3.402209167819637e-05
CASSSGTRTEAFF	6.0	6.875451201485098e-05	6.0	6.804418335639275e-05
CASSSGTSGKETQYF	6.0	6.875451201485098e-05	6.0	6.804418335639275e-05
CASSSGTSPGTGELFF	9.0	0.00010313176802227646	9.0	0.00010206627503458912
CASSSGVDTQYF	2.0	2.2918170671616996e-05	2.0	2.268139445213092e-05
CASSSGVGTGELFF	14.0	0.00016042719470131894	14.0	0.00015876976116491645
CASSSGYGNQPQHF	9.0	0.00010313176802227646	9.0	0.00010206627503458912
CASSSHGGTGELFF	3.0	3.437725600742549e-05	3.0	3.402209167819637e-05
CASSSHKTGELFF	1.0	1.1459085335808496e-05	1.0	1.1340697226065458e-05
CASSSHRGPTGELFF	13.0	0.00014896810936551044	13.0	0.00014742906393885096
CASSSKASPRPGNTIYF	6.0	6.875451201485098e-05	6.0	6.804418335639275e-05
CASSSKGPTNHGYTF	6.0	6.875451201485098e-05	7.0	7.938488058245821e-05
CASSSKGQFRNYGYTF	4.0	4.583634134323399e-05	4.0	4.536278890426183e-05
CASSSKRRFGRADNEQFF	3.0	3.437725600742549e-05	3.0	3.402209167819637e-05
CASSSLAGATYEQYF	4.0	4.583634134323399e-05	4.0	4.536278890426183e-05
CASSSLAGAYNEQFF	11.0	0.00012604993869389346	11.0	0.00012474766948672005
CASSSLAGGGYNEQFF	2.0	2.2918170671616996e-05	2.0	2.268139445213092e-05
CASSSLALSTDTQYF	1.0	1.1459085335808496e-05	1.0	1.1340697226065458e-05
CASSSLAPDLQETQYF	5.0	5.729542667904248e-05	5.0	5.670348613032729e-05
CASSSLAPSTDTQYF	17.0	0.0001948044507087444	17.0	0.0001927918528431128
CASSSLGDSLEQYF	9.0	0.00010313176802227646	9.0	0.00010206627503458912
CASSSLGDTQYF	4.0	4.583634134323399e-05	6.0	6.804418335639275e-05
CASSSLGGQSLLEQYF	2.0	2.2918170671616996e-05	2.0	2.268139445213092e-05
CASSSLGQSTDTQYF	1.0	1.1459085335808496e-05	1.0	1.1340697226065458e-05
CASSSLGRDPTTEAFF	3.0	3.437725600742549e-05	3.0	3.402209167819637e-05
CASSSLPPDSNQPQHF	47.0	0.0005385770107829993	48.0	0.000544353466851142
CASSSLSGSRNTGELFF	5.0	5.729542667904248e-05	5.0	5.670348613032729e-05
CASSSLSSSDTQYF	4.0	4.583634134323399e-05	4.0	4.536278890426183e-05
CASSSLTGGNTEAFF	7.0	8.021359735065948e-05	7.0	7.93848805824582e-05
CASSSLTGIYEQYF	8.0	9.167268268646796e-05	9.0	0.00010206627503458912
CASSSLVGEQYF	9.0	0.00010313176802227646	9.0	0.00010206627503458912
CASSSMDRRTKQYF	4.0	4.583634134323399e-05	4.0	4.536278890426183e-05
CASSSNGGLEQFF	1.0	1.1459085335808496e-05	2.0	2.268139445213092e-05
CASSSNTPRGYTF	16.0	0.00018334536537293597	16.0	0.00018145115561704733
CASSSPASGVGRSETQYF	12.0	0.00013750902402970196	12.0	0.0001360883667127855
CASSSPDRALYEQYF	5.0	5.729542667904248e-05	5.0	5.670348613032729e-05
CASSSPEDVFRRGEQYF	30.0	0.0003437725600742549	30.0	0.00034022091678196373
CASSSPGEWGTEAFF	3.0	3.437725600742549e-05	3.0	3.402209167819637e-05
CASSSPGGSPNEKLFF	39.0	0.0004469043280965313	40.0	0.0004536278890426184
CASSSPGLAGGVYNEQFF	3.0	3.437725600742549e-05	3.0	3.402209167819637e-05
CASSSPGVAGGREQYF	52.0	0.0005958724374620417	52.0	0.0005897162557554038
CASSSPLAGTETQYF	8.0	9.167268268646796e-05	8.0	9.072557780852368e-05
CASSSPPGPNYGYTF	8.0	9.167268268646796e-05	8.0	9.072557780852368e-05
CASSSPPVETQYF	28.0	0.0003208543894026379	29.0	0.0003288802195558983
CASSSPRATQYF	1.0	1.1459085335808496e-05	1.0	1.1340697226065458e-05
CASSSPRGTGWTDTQYF	7.0	8.021359735065947e-05	7.0	7.938488058245821e-05
CASSSPRTTQYF	1.0	1.1459085335808496e-05	1.0	1.1340697226065458e-05
CASSSPTGPRGRNTIYF	3.0	3.437725600742549e-05	3.0	3.402209167819637e-05
CASSSQKDYEQYF	35.0	0.00040106798675329736	35.0	0.00039692440291229104
CASSSQSSEDSYEQYF	12.0	0.00013750902402970196	12.0	0.0001360883667127855
CASSSQSSGVALEQYF	7.0	8.021359735065947e-05	7.0	7.938488058245821e-05
CASSSQSSGVVLEQYF	1.0	1.1459085335808496e-05	1.0	1.1340697226065458e-05
CASSSQVSSGANVLTF	4.0	4.583634134323399e-05	4.0	4.536278890426183e-05
CASSSRADTQYF	4.0	4.583634134323399e-05	4.0	4.536278890426183e-05
CASSSRAGANVLTF	2.0	2.2918170671616996e-05	2.0	2.268139445213092e-05
CASSSRDRGAHRNTEAFF	10.0	0.00011459085335808496	10.0	0.0001134069722606546
CASSSRDRLVMSNQPQHF	3.0	3.437725600742549e-05	3.0	3.402209167819637e-05
CASSSRGGEQFF	2.0	2.2918170671616996e-05	2.0	2.268139445213092e-05
CASSSRGGYNEQFF	7.0	8.021359735065947e-05	7.0	7.938488058245821e-05
CASSSRGMNTEAFF	34.0	0.0003896089014174888	34.0	0.0003855837056862256
CASSSRGPDEAFF	1.0	1.1459085335808496e-05	1.0	1.1340697226065458e-05
CASSSRGPGELFF	8.0	9.167268268646796e-05	8.0	9.072557780852368e-05
CASSSRGSDEAFF	5.0	5.729542667904248e-05	5.0	5.670348613032729e-05
CASSSRGSGNTIYF	3.0	3.437725600742549e-05	3.0	3.402209167819637e-05
CASSSRKGDLSGANVLTF	14.0	0.00016042719470131894	14.0	0.00015876976116491645
CASSSRKVADTQYF	5.0	5.7295426679042487e-05	5.0	5.670348613032729e-05
CASSSRLAGGPGNEQFF	6.0	6.875451201485098e-05	6.0	6.804418335639275e-05
CASSSRLAGSPYEQYF	5.0	5.729542667904248e-05	5.0	5.670348613032729e-05
CASSSRNRGPYEQYF	9.0	0.00010313176802227646	9.0	0.00010206627503458912
CASSSRPNYGYTF	28.0	0.0003208543894026379	28.0	0.00031753952232983285
CASSSRQGAIRSAKPQHF	12.0	0.00013750902402970196	12.0	0.0001360883667127855
CASSSRQNPYEQYF	1.0	1.1459085335808496e-05	1.0	1.1340697226065458e-05
CASSSRRGWNTGELFF	3.0	3.437725600742549e-05	3.0	3.402209167819637e-05
CASSSRRTVEGSSYEQYF	10.0	0.00011459085335808496	10.0	0.0001134069722606546
CASSSRRVGDTQYF	1.0	1.1459085335808496e-05	1.0	1.1340697226065458e-05
CASSSRTSGYNEQFF	4.0	4.583634134323399e-05	4.0	4.536278890426183e-05
CASSSRVAGANVLTF	6.0	6.875451201485098e-05	6.0	6.804418335639275e-05
CASSSSAGPYNEQFF	9.0	0.00010313176802227646	9.0	0.00010206627503458912
CASSSSDAATNEKLFF	2.0	2.2918170671616996e-05	2.0	2.268139445213092e-05
CASSSSFETQYF	9.0	0.00010313176802227646	9.0	0.00010206627503458912
CASSSSGFTDTQYF	2.0	2.2918170671616996e-05	2.0	2.268139445213092e-05
CASSSSGGQETQYF	3.0	3.437725600742549e-05	3.0	3.402209167819637e-05
CASSSSGLGIQYF	1.0	1.1459085335808496e-05	1.0	1.1340697226065458e-05
CASSSSGLTDTQYF	2.0	2.2918170671616996e-05	2.0	2.268139445213092e-05
CASSSSGTGRCGNPGELFF	2.0	2.2918170671616996e-05	2.0	2.268139445213092e-05
CASSSSGTPYEQYF	14.0	0.00016042719470131894	14.0	0.00015876976116491645
CASSSSGTSGYTF	19.0	0.00021772262138036144	23.0	0.00026083603619950555
CASSSSGVGTEAFF	16.0	0.00018334536537293597	16.0	0.00018145115561704733
CASSSSIRDRYNQPQHF	7.0	8.021359735065947e-05	7.0	7.938488058245821e-05
CASSSSPDRGHQPQHF	3.0	3.437725600742549e-05	3.0	3.402209167819637e-05
CASSSSPTDSQETQYF	5.0	5.729542667904248e-05	5.0	5.670348613032729e-05
CASSSSQRNEQFF	1.0	1.1459085335808496e-05	1.0	1.1340697226065458e-05
CASSSSREAHF	2.0	2.2918170671616996e-05	2.0	2.268139445213092e-05
CASSSSSGVNEQFF	3.0	3.437725600742549e-05	3.0	3.402209167819637e-05
CASSSSSYEQYF	29.0	0.00033231347473844635	29.0	0.0003288802195558983
CASSSSTAEQFF	13.0	0.00014896810936551046	14.0	0.00015876976116491643
CASSSTAGSSGANVLTF	5.0	5.729542667904248e-05	5.0	5.670348613032729e-05
CASSSTEGYGYTF	7.0	8.021359735065947e-05	7.0	7.938488058245821e-05
CASSSTFQETQYF	4.0	4.583634134323399e-05	4.0	4.536278890426183e-05
CASSSTGAYGYTF	2.0	2.2918170671616996e-05	2.0	2.268139445213092e-05
CASSSTGGYEQYF	5.0	5.729542667904248e-05	5.0	5.670348613032729e-05
CASSSTGHNTDTQYF	4.0	4.583634134323399e-05	4.0	4.536278890426183e-05
CASSSTGIYGYTF	4.0	4.583634134323399e-05	4.0	4.536278890426183e-05
CASSSTGTSGRVSTDTQYF	2.0	2.2918170671616996e-05	2.0	2.268139445213092e-05
CASSSTGTSTDTQYF	6.0	6.875451201485098e-05	6.0	6.804418335639275e-05
CASSSTLGGSYEQYF	16.0	0.00018334536537293594	16.0	0.00018145115561704736
CASSSTPNTEAFF	10.0	0.00011459085335808496	10.0	0.0001134069722606546
CASSSTRTGAWSEQYF	3.0	3.437725600742549e-05	3.0	3.402209167819637e-05
CASSSTSGSTDTQYF	5.0	5.729542667904248e-05	5.0	5.670348613032729e-05
CASSSTSRSSYEQYF	3.0	3.437725600742549e-05	3.0	3.402209167819637e-05
CASSSTSSGAHNEQFF	1.0	1.1459085335808496e-05	1.0	1.1340697226065458e-05
CASSSTSSIQYF	1.0	1.1459085335808496e-05	4.0	4.536278890426183e-05
CASSSTTDNQPQHF	1.0	1.1459085335808496e-05	1.0	1.1340697226065458e-05
CASSSTTGGDSEAFF	49.0	0.0005614951814546163	49.0	0.0005556941640772075
CASSSTTGGYGYTF	115.0	0.0013177948136179	115.0	0.0013041801809975
CASSSTTGLGELFF	12.0	0.00013750902402970196	12.0	0.0001360883667127855
CASSSTTGNQPQHF	19.0	0.00021772262138036144	19.0	0.0002154732472952437
CASSSVAGGEQYF	16.0	0.00018334536537293594	16.0	0.00018145115561704736
CASSSVGDTQYF	2.0	2.2918170671616996e-05	2.0	2.268139445213092e-05
CASSSVNPTQYF	5.0	5.729542667904248e-05	7.0	7.938488058245821e-05
CASSSWDTPNEKLFF	5.0	5.729542667904248e-05	5.0	5.670348613032729e-05
CASSSYFGGSYEQYF	2.0	2.2918170671616996e-05	2.0	2.268139445213092e-05
CASSSYGRAQNEQFF	6.0	6.875451201485098e-05	6.0	6.804418335639275e-05
CASSSYRDREGLGEQFF	3.0	3.437725600742549e-05	3.0	3.402209167819637e-05
CASSTAGTSLGYEQYF	1.0	1.1459085335808496e-05	1.0	1.1340697226065458e-05
CASSTAGTSLRYEQYF	3.0	3.437725600742549e-05	3.0	3.402209167819637e-05
CASSTALYNSPLHF	1.0	1.1459085335808496e-05	1.0	1.1340697226065458e-05
CASSTASGSFPGELFF	16.0	0.00018334536537293597	16.0	0.00018145115561704733
CASSTASGSTDTQYF	7.0	8.021359735065947e-05	7.0	7.938488058245821e-05
CASSTDHRTGRAETQYF	11.0	0.00012604993869389346	11.0	0.00012474766948672005
CASSTDKVNQPQHF	1.0	1.1459085335808496e-05	1.0	1.1340697226065458e-05
CASSTDRNSPLHF	9.0	0.00010313176802227646	9.0	0.00010206627503458912
CASSTDSSGNTIYF	3.0	3.437725600742549e-05	3.0	3.402209167819637e-05
CASSTFRGGTLTGELFF	5.0	5.729542667904248e-05	5.0	5.670348613032729e-05
CASSTGAMNTEAFF	28.0	0.0003208543894026379	28.0	0.00031753952232983285
CASSTGDTQYF	2.0	2.2918170671616996e-05	2.0	2.268139445213092e-05
CASSTGGARYAQYF	55.0	0.0006302496934694672	56.0	0.0006350790446596657
CASSTGLAAGELFF	4.0	4.583634134323399e-05	4.0	4.536278890426183e-05
CASSTGLAGVNEQFF	2.0	2.2918170671616996e-05	2.0	2.268139445213092e-05
CASSTGLGYEQYF	6.0	6.875451201485098e-05	6.0	6.804418335639275e-05
CASSTGNEQFF	1.0	1.1459085335808496e-05	1.0	1.1340697226065458e-05
CASSTGQAQPQHF	20.0	0.00022918170671616992	20.0	0.0002268139445213092
CASSTGRDGAYNEQFF	1.0	1.1459085335808496e-05	1.0	1.1340697226065458e-05
CASSTGRNKETQYF	14.0	0.00016042719470131894	14.0	0.00015876976116491645
CASSTGSSYEQYF	4.0	4.583634134323399e-05	4.0	4.536278890426183e-05
CASSTGSVRTYNEQFF	2.0	2.2918170671616996e-05	2.0	2.268139445213092e-05
CASSTGTFYGYTF	11.0	0.00012604993869389346	11.0	0.00012474766948672005
CASSTGTGMDGYTF	13.0	0.00014896810936551044	13.0	0.00014742906393885096
CASSTGTGVPNEQFF	12.0	0.00013750902402970196	13.0	0.00014742906393885096
CASSTGTSGRRHNEQFF	17.0	0.0001948044507087444	17.0	0.0001927918528431128
CASSTGTSYEQYF	11.0	0.00012604993869389346	11.0	0.00012474766948672005
CASSTHRGRGLVMGTDTQYF	2.0	2.2918170671616996e-05	2.0	2.268139445213092e-05
CASSTHRGRNEQFF	12.0	0.00013750902402970196	12.0	0.0001360883667127855
CASSTKGQGTEKLFF	34.0	0.0003896089014174888	34.0	0.0003855837056862256
CASSTLGGPVMKVLFF	6.0	6.875451201485098e-05	6.0	6.804418335639275e-05
CASSTLPVVHEQFF	28.0	0.0003208543894026379	32.0	0.00036290231123409467
CASSTLQVSGNSPLHF	203.0	0.0023261943231691166	203.0	0.0023021615368912
CASSTLRETGQPQHF	21.0	0.0002406407920519784	21.0	0.00023815464174737464
CASSTLSGTQFF	1.0	1.1459085335808496e-05	1.0	1.1340697226065458e-05
CASSTPGLHYGYTF	6.0	6.875451201485098e-05	6.0	6.804418335639275e-05
CASSTQFSGTVGSYNEQFF	2.0	2.2918170671616996e-05	2.0	2.268139445213092e-05
CASSTQNQPQHF	3.0	3.437725600742549e-05	3.0	3.402209167819637e-05
CASSTQQGSYNEQFF	10.0	0.00011459085335808496	10.0	0.00011340697226065457
CASSTQTGNTIYF	1.0	1.1459085335808496e-05	1.0	1.1340697226065458e-05
CASSTQTQYF	12.0	0.00013750902402970196	12.0	0.0001360883667127855
CASSTRDRGNFGYTF	1.0	1.1459085335808496e-05	1.0	1.1340697226065458e-05
CASSTRDRGNYGYTF	4.0	4.583634134323399e-05	4.0	4.536278890426183e-05
CASSTRGQDEHRGAVF	1.0	1.1459085335808496e-05	1.0	1.1340697226065458e-05
CASSTRQGANTQYF	2.0	2.2918170671616996e-05	2.0	2.268139445213092e-05
CASSTRQGSRERYTF	8.0	9.167268268646796e-05	8.0	9.072557780852368e-05
CASSTRQGVMETQYF	15.0	0.00017188628003712744	15.0	0.0001701104583909819
CASSTRQTGRTYNEQFF	20.0	0.00022918170671616992	21.0	0.00023815464174737464
CASSTRRHLNSPLHF	5.0	5.729542667904248e-05	5.0	5.670348613032729e-05
CASSTRVPDTQYF	1.0	1.1459085335808496e-05	1.0	1.1340697226065458e-05
CASSTSGISYNEQFF	11.0	0.00012604993869389346	11.0	0.00012474766948672005
CASSTSGTSAYNEQFF	4.0	4.5836341343233985e-05	5.0	5.670348613032729e-05
CASSTSGTSDYEQYF	2.0	2.2918170671616996e-05	2.0	2.268139445213092e-05
CASSTTGGGQPQHF	1.0	1.1459085335808496e-05	1.0	1.1340697226065458e-05
CASSTTGGNGNTIYF	2.0	2.2918170671616996e-05	2.0	2.268139445213092e-05
CASSTTQGPVDNSPLHF	18.0	0.0002062635360445529	18.0	0.0002041325500691783
CASSTTTTGYGAYNEQFF	9.0	0.00010313176802227646	9.0	0.00010206627503458912
CASSTVGGYEQYF	3.0	3.437725600742549e-05	3.0	3.402209167819637e-05
CASSTVLYNSPLHF	4.0	4.583634134323399e-05	4.0	4.536278890426183e-05
CASSTVPGQGLPQHF	11.0	0.00012604993869389346	11.0	0.00012474766948672005
CASSTWTGGSGANVLTF	30.0	0.0003437725600742549	30.0	0.00034022091678196373
CASSTYSNQPQHF	1.0	1.1459085335808496e-05	1.0	1.1340697226065458e-05
CASSVAELDVNEQFF	3.0	3.437725600742549e-05	3.0	3.402209167819637e-05
CASSVAGEHEQFF	144.0	0.0016501082883564	146.0	0.0016557417950055
CASSVALLAGGTQYF	5.0	5.729542667904248e-05	5.0	5.670348613032729e-05
CASSVALTSGTDTQYF	2.0	2.2918170671616996e-05	2.0	2.268139445213092e-05
CASSVANEKLFF	4.0	4.583634134323399e-05	4.0	4.536278890426183e-05
CASSVAQGTDTQYF	1.0	1.1459085335808496e-05	1.0	1.1340697226065458e-05
CASSVARTSGRGELFF	3.0	3.437725600742549e-05	3.0	3.402209167819637e-05
CASSVASGTYNEQFF	3.0	3.437725600742549e-05	3.0	3.402209167819637e-05
CASSVASGVNTGELFF	5.0	5.729542667904248e-05	5.0	5.670348613032729e-05
CASSVATGLAGARGELFF	13.0	0.00014896810936551044	13.0	0.00014742906393885096
CASSVDDGGSYNEQFF	1.0	1.1459085335808496e-05	1.0	1.1340697226065458e-05
CASSVDGGPIYEQYF	6.0	6.875451201485098e-05	6.0	6.804418335639275e-05
CASSVDGREDNEQFF	1.0	1.1459085335808496e-05	1.0	1.1340697226065458e-05
CASSVDGRSYEQYF	22.0	0.0002520998773877869	22.0	0.0002494953389734401
CASSVDGVSYNEQFF	1.0	1.1459085335808496e-05	1.0	1.1340697226065458e-05
CASSVDGYEQYF	9.0	0.00010313176802227646	9.0	0.00010206627503458912
CASSVDLGLAGEEQYF	11.0	0.00012604993869389346	11.0	0.00012474766948672005
CASSVDPQETQYF	2.0	2.2918170671616996e-05	2.0	2.268139445213092e-05
CASSVDREYGYTF	2.0	2.2918170671616996e-05	2.0	2.268139445213092e-05
CASSVDRGETQYF	4.0	4.583634134323399e-05	4.0	4.536278890426183e-05
CASSVDRNYGYTF	15.0	0.00017188628003712744	15.0	0.0001701104583909819
CASSVDSAQGETQYF	1.0	1.1459085335808496e-05	1.0	1.1340697226065458e-05
CASSVDSGGPYEQYF	7.0	8.021359735065947e-05	7.0	7.938488058245821e-05
CASSVDVTGELFF	6.0	6.875451201485098e-05	6.0	6.804418335639275e-05
CASSVEARGETQYF	4.0	4.583634134323399e-05	4.0	4.536278890426183e-05
CASSVEDRLRNTQYF	2.0	2.2918170671616996e-05	2.0	2.268139445213092e-05
CASSVEGGGETQYF	7.0	8.021359735065947e-05	7.0	7.938488058245821e-05
CASSVEGGNQPQHF	2.0	2.2918170671616996e-05	2.0	2.268139445213092e-05
CASSVEGGNYNEQFF	3.0	3.437725600742549e-05	3.0	3.402209167819637e-05
CASSVEGSTNEKLFF	5.0	5.729542667904248e-05	5.0	5.670348613032729e-05
CASSVEGVGETQYF	16.0	0.00018334536537293597	16.0	0.00018145115561704733
CASSVERGQDEQYF	1.0	1.1459085335808496e-05	1.0	1.1340697226065458e-05
CASSVETGLQETQYF	2.0	2.2918170671616996e-05	2.0	2.268139445213092e-05
CASSVEVGLYNEQFF	1.0	1.1459085335808496e-05	1.0	1.1340697226065458e-05
CASSVFGRKEQYF	5.0	5.729542667904248e-05	5.0	5.670348613032729e-05
CASSVFYGGPYNEQFF	1.0	1.1459085335808496e-05	1.0	1.1340697226065458e-05
CASSVFYKVEKLFF	11.0	0.00012604993869389346	11.0	0.00012474766948672005
CASSVGAGAREQYF	81.0	0.0009281859122004882	81.0	0.0009185964753113022
CASSVGASDEQYF	3.0	3.437725600742549e-05	3.0	3.402209167819637e-05
CASSVGASGLETQYF	6.0	6.875451201485098e-05	6.0	6.804418335639275e-05
CASSVGDRALPFSGNTIYF	1.0	1.1459085335808496e-05	1.0	1.1340697226065458e-05
CASSVGDRRTYEQYF	4.0	4.583634134323399e-05	4.0	4.536278890426183e-05
CASSVGGEAFF	12.0	0.00013750902402970196	12.0	0.0001360883667127855
CASSVGGGPAHDTQYF	3.0	3.437725600742549e-05	3.0	3.402209167819637e-05
CASSVGGGRLGNTIYF	1.0	1.1459085335808496e-05	1.0	1.1340697226065458e-05
CASSVGGRADTDTQYF	1.0	1.1459085335808496e-05	1.0	1.1340697226065458e-05
CASSVGGRAGPSGELFF	7.0	8.021359735065947e-05	7.0	7.938488058245821e-05
CASSVGGRGTGELFF	1.0	1.1459085335808496e-05	1.0	1.1340697226065458e-05
CASSVGGRLSPYNEQFF	2.0	2.2918170671616996e-05	2.0	2.268139445213092e-05
CASSVGGSAGELFF	1.0	1.1459085335808496e-05	1.0	1.1340697226065458e-05
CASSVGGSSYEQYF	2.0	2.2918170671616996e-05	2.0	2.268139445213092e-05
CASSVGGTPSYEQYF	5.0	5.729542667904248e-05	5.0	5.670348613032729e-05
CASSVGITNTGELFF	3.0	3.437725600742549e-05	3.0	3.402209167819637e-05
CASSVGLAGAWEQYF	5.0	5.729542667904248e-05	5.0	5.670348613032729e-05
CASSVGLAGGNEQFF	4.0	4.583634134323399e-05	4.0	4.536278890426183e-05
CASSVGLAGVLDTQYF	5.0	5.729542667904248e-05	5.0	5.670348613032729e-05
CASSVGLTLAGKDEQFF	4.0	4.583634134323399e-05	4.0	4.536278890426183e-05
CASSVGMGQGFYEQYF	4.0	4.583634134323399e-05	4.0	4.536278890426183e-05
CASSVGPESYEQYF	4.0	4.583634134323399e-05	4.0	4.536278890426183e-05
CASSVGPSGDEQFF	2.0	2.2918170671616996e-05	2.0	2.268139445213092e-05
CASSVGPWQSSGNTIYF	7.0	8.021359735065947e-05	7.0	7.938488058245821e-05
CASSVGQDNSPLHF	30.0	0.0003437725600742548	30.0	0.00034022091678196373
CASSVGQETQYF	19.0	0.00021772262138036144	19.0	0.0002154732472952437
CASSVGQGNQPQHF	3.0	3.437725600742549e-05	3.0	3.402209167819637e-05
CASSVGQGNRPQHF	1.0	1.1459085335808496e-05	1.0	1.1340697226065458e-05
CASSVGQSSYNEQFF	4.0	4.583634134323399e-05	4.0	4.536278890426183e-05
CASSVGRETQYF	1.0	1.1459085335808496e-05	1.0	1.1340697226065458e-05
CASSVGRGPYNEQFF	3.0	3.437725600742549e-05	3.0	3.402209167819638e-05
CASSVGRSTDTQYF	1.0	1.1459085335808496e-05	1.0	1.1340697226065458e-05
CASSVGRVGGETQYF	6.0	6.875451201485098e-05	6.0	6.804418335639275e-05
CASSVGSHNSPLHF	1.0	1.1459085335808496e-05	1.0	1.1340697226065458e-05
CASSVGSNQPQHF	1.0	1.1459085335808496e-05	1.0	1.1340697226065458e-05
CASSVGSSVNEKLFF	1.0	1.1459085335808496e-05	1.0	1.1340697226065458e-05
CASSVGTATDTQYF	1.0	1.1459085335808496e-05	1.0	1.1340697226065458e-05
CASSVGTGLQETQYF	1.0	1.1459085335808496e-05	1.0	1.1340697226065458e-05
CASSVGTNGRADTQYF	1.0	1.1459085335808496e-05	1.0	1.1340697226065458e-05
CASSVGTQGRQAFF	5.0	5.729542667904248e-05	5.0	5.670348613032729e-05
CASSVGTSGEKSYNEQFF	2.0	2.2918170671616996e-05	2.0	2.268139445213092e-05
CASSVGTSGRADTQYF	14.0	0.00016042719470131894	14.0	0.00015876976116491645
CASSVGTTRTDTQYF	1.0	1.1459085335808496e-05	1.0	1.1340697226065458e-05
CASSVGVAGGTDTQYF	3.0	3.437725600742549e-05	3.0	3.402209167819637e-05
CASSVGWELGEQYF	6.0	6.875451201485098e-05	6.0	6.804418335639275e-05
CASSVHYRGYEQYF	1.0	1.1459085335808496e-05	1.0	1.1340697226065458e-05
CASSVISTDTQYF	2.0	2.2918170671616996e-05	2.0	2.268139445213092e-05
CASSVLAGGGNEQFF	1.0	1.1459085335808496e-05	1.0	1.1340697226065458e-05
CASSVLAWPYEQYF	1.0	1.1459085335808496e-05	1.0	1.1340697226065458e-05
CASSVLKNTEAFF	8.0	9.167268268646796e-05	8.0	9.072557780852368e-05
CASSVLPGANVLTF	1.0	1.1459085335808496e-05	1.0	1.1340697226065458e-05
CASSVLPGLSYEQYF	6.0	6.875451201485098e-05	6.0	6.804418335639275e-05
CASSVLSSYEQYF	6.0	6.875451201485098e-05	6.0	6.804418335639275e-05
CASSVLTGTGNEQYF	7.0	8.021359735065947e-05	7.0	7.938488058245821e-05
CASSVNPDGSPLHF	37.0	0.00042398615742491436	39.0	0.0004422871918165529
CASSVPGKRDGYTF	36.0	0.0004125270720891058	36.0	0.0004082651001383565
CASSVQEVSGYTF	19.0	0.00021772262138036144	24.0	0.000272176733425571
CASSVQGWTEAFF	10.0	0.00011459085335808496	10.0	0.0001134069722606546
CASSVQQGAGDTQYF	1.0	1.1459085335808496e-05	1.0	1.1340697226065458e-05
CASSVQTNTEAFF	15.0	0.00017188628003712744	15.0	0.0001701104583909819
CASSVRDQETQYF	28.0	0.0003208543894026379	28.0	0.00031753952232983285
CASSVRDRAGNEQFF	2.0	2.2918170671616996e-05	3.0	3.402209167819637e-05
CASSVRDRRNTGELFF	2.0	2.2918170671616996e-05	2.0	2.268139445213092e-05
CASSVRDTATNEKLFF	3.0	3.437725600742549e-05	3.0	3.402209167819637e-05
CASSVRGRSPRELFF	11.0	0.00012604993869389346	11.0	0.00012474766948672005
CASSVRLAGVDTQYF	1.0	1.1459085335808496e-05	1.0	1.1340697226065458e-05
CASSVRPANTGELFF	9.0	0.00010313176802227646	9.0	0.00010206627503458912
CASSVRSGGNTGELFF	21.0	0.0002406407920519784	21.0	0.00023815464174737464
CASSVRSGSGVNTGELFF	2.0	2.2918170671616996e-05	2.0	2.268139445213092e-05
CASSVRTATNEKLFF	28.0	0.0003208543894026379	28.0	0.00031753952232983285
CASSVSAASSYNEQFF	16.0	0.00018334536537293597	16.0	0.00018145115561704733
CASSVSAATSYNEQFF	1.0	1.1459085335808496e-05	1.0	1.1340697226065458e-05
CASSVSGAGYTF	9.0	0.00010313176802227646	9.0	0.00010206627503458912
CASSVSGRADTDTQYF	1.0	1.1459085335808496e-05	1.0	1.1340697226065458e-05
CASSVSGTSIRGTEYF	1.0	1.1459085335808496e-05	1.0	1.1340697226065458e-05
CASSVSGTSIRGTQYF	21.0	0.00024064079205197842	21.0	0.00023815464174737467
CASSVSGTSKTGELFF	4.0	4.583634134323399e-05	4.0	4.536278890426183e-05
CASSVSKKYEQYF	3.0	3.437725600742549e-05	3.0	3.402209167819637e-05
CASSVSRANYGYTF	7.0	8.021359735065947e-05	7.0	7.938488058245821e-05
CASSVSSGRTDTQYF	4.0	4.583634134323399e-05	4.0	4.536278890426183e-05
CASSVSSYEQYF	1.0	1.1459085335808496e-05	1.0	1.1340697226065458e-05
CASSVSTGELFF	1.0	1.1459085335808496e-05	1.0	1.1340697226065458e-05
CASSVSTGVNEKLFF	5.0	5.729542667904248e-05	5.0	5.670348613032729e-05
CASSVTEGYQPQHF	9.0	0.00010313176802227646	9.0	0.00010206627503458912
CASSVTFFSYEQYF	6.0	6.875451201485098e-05	6.0	6.804418335639275e-05
CASSVTGAQETQYF	27.0	0.0003093953040668294	29.0	0.0003288802195558983
CASSVTGASYGYTF	3.0	3.437725600742549e-05	3.0	3.402209167819637e-05
CASSVTGGAFHEQFF	2.0	2.2918170671616996e-05	3.0	3.402209167819637e-05
CASSVTGTSGLSSYNEQFF	1.0	1.1459085335808496e-05	1.0	1.1340697226065458e-05
CASSVTLGNTIYF	1.0	1.1459085335808496e-05	1.0	1.1340697226065458e-05
CASSVTPHRAEAFF	3.0	3.437725600742549e-05	3.0	3.402209167819637e-05
CASSVTSGRATDTQYF	7.0	8.021359735065947e-05	7.0	7.938488058245821e-05
CASSVTSGRSEQYF	9.0	0.00010313176802227646	9.0	0.00010206627503458912
CASSVTSQATDTQYF	1.0	1.1459085335808496e-05	1.0	1.1340697226065458e-05
CASSVTSQVTDTQYF	14.0	0.00016042719470131894	14.0	0.00015876976116491645
CASSVVASGSTDTQYF	5.0	5.729542667904248e-05	5.0	5.670348613032729e-05
CASSVVDTEAFF	36.0	0.0004125270720891058	37.0	0.000419605797364422
CASSVVGSTDTQYF	6.0	6.875451201485098e-05	6.0	6.804418335639275e-05
CASSVVPPGQASYEQYF	17.0	0.0001948044507087444	17.0	0.0001927918528431128
CASSVVSEGEAFF	2.0	2.2918170671616996e-05	2.0	2.268139445213092e-05
CASSVVVGRSNYGYTF	3.0	3.437725600742549e-05	3.0	3.402209167819637e-05
CASSVYNEQFF	6.0	6.875451201485098e-05	6.0	6.804418335639275e-05
CASSVYRDGGYTF	33.0	0.0003781498160816804	34.0	0.0003855837056862256
CASSWADRGFDEQYF	3.0	3.437725600742549e-05	3.0	3.402209167819637e-05
CASSWAGSQETQYF	12.0	0.00013750902402970196	12.0	0.0001360883667127855
CASSWAVSRNQPQHF	78.0	0.0008938086561930626	78.0	0.0008845743836331058
CASSWDFTYEQYF	10.0	0.00011459085335808496	10.0	0.0001134069722606546
CASSWDNLYEQYF	9.0	0.00010313176802227646	9.0	0.00010206627503458912
CASSWDRVGTEAFF	17.0	0.0001948044507087444	17.0	0.0001927918528431128
CASSWEGLGTDTQYF	6.0	6.875451201485098e-05	6.0	6.804418335639275e-05
CASSWGAEQETQYF	5.0	5.729542667904248e-05	5.0	5.670348613032729e-05
CASSWGFTEAFF	9.0	0.00010313176802227646	9.0	0.00010206627503458912
CASSWGGDRDEKLFF	64.0	0.0007333814614917438	64.0	0.0007258046224681893
CASSWGGGEAFF	2.0	2.2918170671616996e-05	2.0	2.268139445213092e-05
CASSWGGGEKLFF	68.0	0.0007792178028349777	68.0	0.0007711674113724512
CASSWGGKSEKLFF	5.0	5.729542667904248e-05	5.0	5.670348613032729e-05
CASSWGHRTSGRLTGELFF	24.0	0.0002750180480594039	24.0	0.000272176733425571
CASSWGLAGGETQYF	4.0	4.583634134323399e-05	4.0	4.536278890426183e-05
CASSWGLARGTGELFF	1.0	1.1459085335808496e-05	1.0	1.1340697226065458e-05
CASSWGNEQFF	3.0	3.437725600742549e-05	3.0	3.402209167819637e-05
CASSWGQGIRTDTQYF	2.0	2.2918170671616996e-05	2.0	2.268139445213092e-05
CASSWGQYGYTF	2.0	2.2918170671616996e-05	2.0	2.268139445213092e-05
CASSWGTGGAYEQYF	11.0	0.00012604993869389346	11.0	0.00012474766948672005
CASSWGTGGSVKTQYF	5.0	5.729542667904248e-05	5.0	5.670348613032729e-05
CASSWGTNSPLHF	17.0	0.00019480445070874447	17.0	0.0001927918528431128
CASSWGVSGANVLTF	20.0	0.00022918170671616992	20.0	0.0002268139445213092
CASSWIGLGRGKETQYF	15.0	0.00017188628003712744	15.0	0.0001701104583909819
CASSWLYEQYF	23.0	0.0002635589627235954	23.0	0.00026083603619950555
CASSWQGPSNEQFF	3.0	3.437725600742549e-05	3.0	3.402209167819637e-05
CASSWRAPTDTQYF	28.0	0.0003208543894026379	28.0	0.00031753952232983285
CASSWRASGSDTQYF	9.0	0.00010313176802227646	9.0	0.00010206627503458912
CASSWRLADNEQFF	3.0	3.437725600742549e-05	3.0	3.402209167819637e-05
CASSWRPSDTQYF	1.0	1.1459085335808496e-05	2.0	2.268139445213092e-05
CASSWRTSGSDTQYF	1.0	1.1459085335808496e-05	1.0	1.1340697226065458e-05
CASSWSGEDGYTF	39.0	0.0004469043280965313	39.0	0.0004422871918165529
CASSWTETHYNEQFF	5.0	5.729542667904248e-05	5.0	5.670348613032729e-05
CASSWTGSNQPQHF	6.0	6.875451201485098e-05	6.0	6.804418335639275e-05
CASSWTRAGGAYGYTF	17.0	0.00019480445070874447	18.0	0.00020413255006917827
CASSWTRVGGAYGYTF	2.0	2.2918170671616996e-05	2.0	2.268139445213092e-05
CASSWTSGSNEQFF	1.0	1.1459085335808496e-05	2.0	2.268139445213092e-05
CASSWTSTNEQYF	7.0	8.021359735065947e-05	7.0	7.938488058245821e-05
CASSWTTSQETQYF	19.0	0.00021772262138036144	19.0	0.0002154732472952437
CASSWTVNQPQHF	11.0	0.00012604993869389346	11.0	0.00012474766948672005
CASSYAGARTEAFF	2.0	2.2918170671616996e-05	2.0	2.268139445213092e-05
CASSYAGGGRDYEQYF	11.0	0.00012604993869389346	11.0	0.00012474766948672005
CASSYAGGPSYEQYF	9.0	0.00010313176802227646	9.0	0.00010206627503458912
CASSYAGNRLWTQHF	2.0	2.2918170671616996e-05	2.0	2.268139445213092e-05
CASSYAHGVSYEKLFF	2.0	2.2918170671616996e-05	2.0	2.268139445213092e-05
CASSYANGNTEAFF	19.0	0.00021772262138036144	19.0	0.0002154732472952437
CASSYAPSYNEQFF	2.0	2.2918170671616996e-05	2.0	2.268139445213092e-05
CASSYARAPGYGHTF	1.0	1.1459085335808496e-05	1.0	1.1340697226065458e-05
CASSYARAPGYGYTF	19.0	0.00021772262138036144	20.0	0.0002268139445213092
CASSYARTIQVSHGSGYTF	24.0	0.0002750180480594039	26.0	0.0002948581278777019
CASSYARWNEQFF	4.0	4.583634134323399e-05	4.0	4.536278890426183e-05
CASSYASGRLNTEAFF	10.0	0.00011459085335808496	10.0	0.0001134069722606546
CASSYATWDEQFF	41.0	0.0004698224987681483	45.0	0.0005103313751729456
CASSYDPGVAKNIQYF	6.0	6.875451201485098e-05	6.0	6.804418335639275e-05
CASSYDRAYEQYF	4.0	4.583634134323399e-05	4.0	4.536278890426183e-05
CASSYDRDVEQYF	25.0	0.0002864771333952124	25.0	0.0002835174306516365
CASSYDRDVGFTF	15.0	0.00017188628003712744	15.0	0.0001701104583909819
CASSYDRGSYEQYF	13.0	0.00014896810936551046	13.0	0.00014742906393885096
CASSYDRVGTQYF	5.0	5.729542667904248e-05	5.0	5.670348613032729e-05
CASSYEDSFGEVLFF	7.0	8.021359735065947e-05	7.0	7.938488058245821e-05
CASSYEDSPWGGEQFF	76.0	0.0008708904855214457	79.0	0.0008959150808591712
CASSYEGLGQRNTEAFF	17.0	0.0001948044507087444	17.0	0.0001927918528431128
CASSYERPYNEQFF	13.0	0.00014896810936551044	13.0	0.00014742906393885096
CASSYESRFYSGANVLTF	6.0	6.875451201485098e-05	6.0	6.804418335639275e-05
CASSYFGDRPNEQFF	2.0	2.2918170671616996e-05	2.0	2.268139445213092e-05
CASSYFRDRGTDTQYF	4.0	4.583634134323399e-05	4.0	4.536278890426183e-05
CASSYFRGGQGRNTEAFF	3.0	3.437725600742549e-05	3.0	3.402209167819637e-05
CASSYFRNTGELFF	9.0	0.00010313176802227646	9.0	0.00010206627503458912
CASSYFSGTTSYEQYF	3.0	3.437725600742549e-05	3.0	3.402209167819637e-05
CASSYGAEQYF	4.0	4.583634134323399e-05	4.0	4.536278890426183e-05
CASSYGAGRETQYF	9.0	0.00010313176802227646	9.0	0.00010206627503458912
CASSYGARGFSYEQYF	1.0	1.1459085335808496e-05	1.0	1.1340697226065458e-05
CASSYGASGFSYEQYF	5.0	5.729542667904248e-05	5.0	5.670348613032729e-05
CASSYGEGSGGYTF	10.0	0.00011459085335808496	11.0	0.00012474766948672005
CASSYGGELFF	3.0	3.437725600742549e-05	3.0	3.402209167819637e-05
CASSYGGGNQPQHF	23.0	0.0002635589627235954	22.0	0.0002494953389734401
CASSYGGNQPQHF	10.0	0.00011459085335808496	10.0	0.0001134069722606546
CASSYGGREADTQYF	1.0	1.1459085335808496e-05	1.0	1.1340697226065458e-05
CASSYGHRQPQHF	5.0	5.729542667904248e-05	5.0	5.670348613032729e-05
CASSYGLAFSYEQYF	5.0	5.729542667904248e-05	5.0	5.670348613032729e-05
CASSYGLAGDEQYF	13.0	0.00014896810936551044	13.0	0.00014742906393885096
CASSYGLAGEGFHEQYF	5.0	5.729542667904248e-05	5.0	5.670348613032729e-05
CASSYGLATDTQYF	1.0	1.1459085335808496e-05	1.0	1.1340697226065458e-05
CASSYGLWQYF	2.0	2.2918170671616996e-05	4.0	4.536278890426183e-05
CASSYGPGETQYF	1.0	1.1459085335808496e-05	1.0	1.1340697226065458e-05
CASSYGPRETQYF	6.0	6.875451201485098e-05	6.0	6.804418335639275e-05
CASSYGQGEQYF	12.0	0.00013750902402970196	12.0	0.0001360883667127855
CASSYGQGQYF	3.0	3.437725600742549e-05	3.0	3.402209167819637e-05
CASSYGQGVNEQFF	36.0	0.0004125270720891058	36.0	0.0004082651001383565
CASSYGQYSYNSPLHF	7.0	8.021359735065947e-05	7.0	7.938488058245821e-05
CASSYGREGPHTQYF	1.0	1.1459085335808496e-05	1.0	1.1340697226065458e-05
CASSYGSLSNQPQHF	8.0	9.167268268646796e-05	8.0	9.072557780852368e-05
CASSYGTSGFEQYF	9.0	0.00010313176802227646	9.0	0.00010206627503458912
CASSYGTSGLEQYF	1.0	1.1459085335808496e-05	1.0	1.1340697226065458e-05
CASSYGTVNSPLHF	9.0	0.00010313176802227646	9.0	0.00010206627503458912
CASSYGTYEQYF	2.0	2.2918170671616996e-05	2.0	2.268139445213092e-05
CASSYIPRGGNSPLHF	9.0	0.00010313176802227646	9.0	0.00010206627503458912
CASSYIPRGGNSPPHF	1.0	1.1459085335808496e-05	1.0	1.1340697226065458e-05
CASSYLAPTGELFF	4.0	4.583634134323399e-05	5.0	5.670348613032729e-05
CASSYLGGPRETQYF	7.0	8.021359735065947e-05	7.0	7.938488058245821e-05
CASSYLGGTEAFF	27.0	0.0003093953040668294	27.0	0.00030619882510376736
CASSYLGLAGGPSSYNEQFF	3.0	3.437725600742549e-05	3.0	3.402209167819637e-05
CASSYLGLAGGPSSYNEQYF	1.0	1.1459085335808496e-05	1.0	1.1340697226065458e-05
CASSYLGLAGGQFF	2.0	2.2918170671616996e-05	3.0	3.402209167819637e-05
CASSYLGQSRSPLHF	12.0	0.00013750902402970196	13.0	0.00014742906393885096
CASSYLGQTNQPQHF	1.0	1.1459085335808496e-05	1.0	1.1340697226065458e-05
CASSYLGTPSTPQHF	10.0	0.00011459085335808496	10.0	0.0001134069722606546
CASSYLPAGVGNEQFF	8.0	9.167268268646796e-05	8.0	9.072557780852368e-05
CASSYLPGQGGLASSYNEQFF	1.0	1.1459085335808496e-05	1.0	1.1340697226065458e-05
CASSYLPRGKNIQYF	3.0	3.437725600742549e-05	6.0	6.804418335639275e-05
CASSYLQYEQYF	4.0	4.583634134323399e-05	4.0	4.536278890426183e-05
CASSYLRQSPAGTQYF	5.0	5.729542667904248e-05	6.0	6.804418335639275e-05
CASSYLTRNEQYF	3.0	3.437725600742549e-05	3.0	3.402209167819637e-05
CASSYMGALFF	2.0	2.2918170671616996e-05	2.0	2.268139445213092e-05
CASSYNGRASDTQYF	5.0	5.729542667904248e-05	7.0	7.938488058245821e-05
CASSYNSGGYTF	7.0	8.021359735065947e-05	8.0	9.072557780852368e-05
CASSYNTLKRGEQFF	7.0	8.021359735065947e-05	7.0	7.938488058245821e-05
CASSYPGDFQETQYF	18.0	0.0002062635360445529	18.0	0.0002041325500691783
CASSYPGPRPQPQHF	2.0	2.2918170671616996e-05	2.0	2.268139445213092e-05
CASSYPGQPWETQYF	12.0	0.00013750902402970196	12.0	0.0001360883667127855
CASSYPGRPYEQYF	3.0	3.437725600742549e-05	3.0	3.402209167819637e-05
CASSYPGTNQPQHF	2.0	2.2918170671616996e-05	2.0	2.268139445213092e-05
CASSYPQGGGSQYF	11.0	0.00012604993869389346	12.0	0.0001360883667127855
CASSYPQHGNTIYF	3.0	3.437725600742549e-05	3.0	3.402209167819637e-05
CASSYPQTGINEQYF	4.0	4.583634134323399e-05	4.0	4.536278890426183e-05
CASSYPRGSSTEAFF	12.0	0.00013750902402970196	12.0	0.0001360883667127855
CASSYPRPLYNEQFF	3.0	3.437725600742549e-05	3.0	3.402209167819637e-05
CASSYPRWAGSSYEQYF	11.0	0.00012604993869389346	11.0	0.00012474766948672005
CASSYPRWASSSYEQYF	1.0	1.1459085335808496e-05	1.0	1.1340697226065458e-05
CASSYPTGSGNTIYF	1.0	1.1459085335808496e-05	1.0	1.1340697226065458e-05
CASSYQAGRGEKLFF	14.0	0.00016042719470131894	14.0	0.00015876976116491645
CASSYQGAATEAFF	7.0	8.021359735065947e-05	7.0	7.938488058245821e-05
CASSYQGAGTGELFF	3.0	3.437725600742549e-05	3.0	3.402209167819637e-05
CASSYQSYEQYF	7.0	8.021359735065947e-05	7.0	7.938488058245821e-05
CASSYQTRNEQYF	1.0	1.1459085335808496e-05	1.0	1.1340697226065458e-05
CASSYRAEQYF	5.0	5.729542667904248e-05	5.0	5.670348613032729e-05
CASSYRAGAYNEQFF	5.0	5.7295426679042487e-05	5.0	5.670348613032729e-05
CASSYRAIEYHGYTF	2.0	2.2918170671616996e-05	2.0	2.268139445213092e-05
CASSYRDRGYEQYF	2.0	2.2918170671616996e-05	2.0	2.268139445213092e-05
CASSYRGAGANVLTF	8.0	9.167268268646796e-05	8.0	9.072557780852368e-05
CASSYRGAQGEQFF	5.0	5.729542667904248e-05	5.0	5.670348613032729e-05
CASSYRGNEQFF	12.0	0.00013750902402970196	12.0	0.0001360883667127855
CASSYRGRLNEQFF	8.0	9.167268268646796e-05	8.0	9.072557780852368e-05
CASSYRGTGETQYF	2.0	2.2918170671616996e-05	2.0	2.268139445213092e-05
CASSYRLGRTYEQYF	21.0	0.0002406407920519784	21.0	0.00023815464174737464
CASSYRLRENTGELFF	7.0	8.021359735065947e-05	7.0	7.938488058245821e-05
CASSYRPGFNSPLHF	10.0	0.00011459085335808496	10.0	0.0001134069722606546
CASSYRPGLVKYNEQFF	1.0	1.1459085335808496e-05	1.0	1.1340697226065458e-05
CASSYRPGSGNTIYF	4.0	4.583634134323399e-05	4.0	4.536278890426183e-05
CASSYRPMKETQYF	3.0	3.437725600742549e-05	3.0	3.402209167819637e-05
CASSYRPSGMKQFF	47.0	0.0005385770107829993	49.0	0.0005556941640772075
CASSYRQGVIETQYF	9.0	0.00010313176802227646	9.0	0.00010206627503458912
CASSYRRDYNSPLHF	10.0	0.00011459085335808496	10.0	0.0001134069722606546
CASSYRRLYEQYF	2.0	2.2918170671616996e-05	2.0	2.268139445213092e-05
CASSYRRMGSDEQYF	10.0	0.00011459085335808496	10.0	0.0001134069722606546
CASSYRRNTGELFF	9.0	0.00010313176802227646	9.0	0.00010206627503458912
CASSYRSGYEQYF	4.0	4.5836341343233985e-05	4.0	4.536278890426183e-05
CASSYRSNEQYF	9.0	0.00010313176802227646	9.0	0.00010206627503458912
CASSYRTGSNEQFF	9.0	0.00010313176802227646	10.0	0.0001134069722606546
CASSYRTWDEQFF	1.0	1.1459085335808496e-05	1.0	1.1340697226065458e-05
CASSYRVAKNIQYF	6.0	6.875451201485098e-05	6.0	6.804418335639275e-05
CASSYRVLSSYEQYF	5.0	5.729542667904248e-05	5.0	5.670348613032729e-05
CASSYRVWREGASSYNEQFF	3.0	3.437725600742549e-05	3.0	3.402209167819637e-05
CASSYSAGTTNEKLFF	8.0	9.167268268646796e-05	8.0	9.072557780852368e-05
CASSYSAILYEQYF	3.0	3.437725600742549e-05	3.0	3.402209167819637e-05
CASSYSASLEQFF	3.0	3.437725600742549e-05	3.0	3.402209167819637e-05
CASSYSDRANTIYF	6.0	6.875451201485098e-05	6.0	6.804418335639275e-05
CASSYSEAGGATQYF	3.0	3.437725600742549e-05	3.0	3.402209167819637e-05
CASSYSFSPGRSFQGQYF	10.0	0.00011459085335808496	12.0	0.0001360883667127855
CASSYSGANVLTF	12.0	0.00013750902402970196	12.0	0.0001360883667127855
CASSYSGFATEAFF	20.0	0.00022918170671616992	20.0	0.0002268139445213092
CASSYSGGESYEQYF	11.0	0.00012604993869389346	11.0	0.00012474766948672005
CASSYSGGNQPQHF	11.0	0.00012604993869389346	11.0	0.00012474766948672005
CASSYSGGTTNEKLFF	4.0	4.583634134323399e-05	4.0	4.536278890426183e-05
CASSYSGNTGELFF	4.0	4.583634134323399e-05	4.0	4.536278890426183e-05
CASSYSGQGNEKLFF	6.0	6.875451201485098e-05	6.0	6.804418335639275e-05
CASSYSGQTNQPQHF	2.0	2.2918170671616996e-05	2.0	2.268139445213092e-05
CASSYSGRGGGETQYF	7.0	8.021359735065947e-05	7.0	7.938488058245821e-05
CASSYSGRTYEQYF	24.0	0.0002750180480594039	24.0	0.000272176733425571
CASSYSGRVAPYEQYF	1.0	1.1459085335808496e-05	1.0	1.1340697226065458e-05
CASSYSGTGAYGYTF	11.0	0.00012604993869389346	11.0	0.00012474766948672005
CASSYSGTGSGANVLTF	6.0	6.875451201485098e-05	6.0	6.804418335639275e-05
CASSYSGTQETQYF	1.0	1.1459085335808496e-05	1.0	1.1340697226065458e-05
CASSYSGTSVRLVDNEQFF	1.0	1.1459085335808496e-05	1.0	1.1340697226065458e-05
CASSYSGVDTQYF	4.0	4.583634134323399e-05	5.0	5.670348613032729e-05
CASSYSHWGTYEQYF	12.0	0.00013750902402970196	12.0	0.0001360883667127855
CASSYSIEELAGGGAKNIQYF	1.0	1.1459085335808496e-05	2.0	2.268139445213092e-05
CASSYSIGGQARF	8.0	9.167268268646796e-05	8.0	9.072557780852368e-05
CASSYSIGSYNEQFF	6.0	6.875451201485098e-05	6.0	6.804418335639275e-05
CASSYSILQPQHF	7.0	8.021359735065947e-05	7.0	7.938488058245821e-05
CASSYSIPGPRGEKLFF	5.0	5.729542667904248e-05	5.0	5.670348613032729e-05
CASSYSITSGSGQETQYF	12.0	0.00013750902402970196	12.0	0.0001360883667127855
CASSYSIYEGVYEQYF	3.0	3.437725600742549e-05	3.0	3.402209167819637e-05
CASSYSLGYSKTDTQYF	3.0	3.437725600742549e-05	3.0	3.402209167819637e-05
CASSYSMDRTYEQYF	9.0	0.00010313176802227646	9.0	0.00010206627503458912
CASSYSMGTPSYGYTF	7.0	8.021359735065947e-05	7.0	7.938488058245821e-05
CASSYSMPRNTGELFF	5.0	5.729542667904248e-05	5.0	5.670348613032729e-05
CASSYSMWGFTGELFF	2.0	2.2918170671616996e-05	2.0	2.268139445213092e-05
CASSYSPGSGELFF	5.0	5.729542667904248e-05	5.0	5.670348613032729e-05
CASSYSPMAGGNTGELFF	8.0	9.167268268646796e-05	8.0	9.072557780852368e-05
CASSYSPNTEAFF	2.0	2.2918170671616996e-05	2.0	2.268139445213092e-05
CASSYSPPTSGIYNEQFF	2.0	2.2918170671616996e-05	2.0	2.268139445213092e-05
CASSYSPRLYNSPLHF	7.0	8.021359735065947e-05	7.0	7.938488058245821e-05
CASSYSPRSYNSPLHF	13.0	0.00014896810936551044	13.0	0.00014742906393885096
CASSYSQGRGNTEAFF	7.0	8.021359735065947e-05	7.0	7.938488058245821e-05
CASSYSRAREAFF	5.0	5.729542667904248e-05	5.0	5.670348613032729e-05
CASSYSRGEYSETQYF	7.0	8.021359735065947e-05	7.0	7.938488058245821e-05
CASSYSRGPLGYGYTF	4.0	4.583634134323399e-05	4.0	4.536278890426183e-05
CASSYSRNSFSYEQYF	5.0	5.729542667904248e-05	5.0	5.670348613032729e-05
CASSYSRRGTETQYF	24.0	0.0002750180480594039	24.0	0.000272176733425571
CASSYSRVGPFAATPLHF	5.0	5.729542667904248e-05	6.0	6.804418335639275e-05
CASSYSSFPSGRREAQYF	1.0	1.1459085335808496e-05	1.0	1.1340697226065458e-05
CASSYSSFPSGRRETQYF	18.0	0.0002062635360445529	18.0	0.0002041325500691783
CASSYSSGAEPQHF	1.0	1.1459085335808496e-05	1.0	1.1340697226065458e-05
CASSYSSGVEPQHF	11.0	0.00012604993869389346	11.0	0.00012474766948672005
CASSYSSGWNTEAFF	13.0	0.00014896810936551044	13.0	0.00014742906393885096
CASSYSSPGTSKDTQYF	4.0	4.583634134323399e-05	4.0	4.536278890426183e-05
CASSYSSSGEQYF	10.0	0.00011459085335808496	11.0	0.00012474766948672005
CASSYSTALPGGVGVNSPLHF	11.0	0.00012604993869389346	11.0	0.00012474766948672005
CASSYSTDTQYF	5.0	5.729542667904248e-05	5.0	5.670348613032729e-05
CASSYSTGLDTQYF	2.0	2.2918170671616996e-05	2.0	2.268139445213092e-05
CASSYSTGSYNEQFF	10.0	0.00011459085335808496	10.0	0.0001134069722606546
CASSYSTYEQYF	10.0	0.00011459085335808496	10.0	0.0001134069722606546
CASSYSVGGYRDNEQFF	1.0	1.1459085335808496e-05	1.0	1.1340697226065458e-05
CASSYSVGLAGGPGYEQYF	86.0	0.0009854813388795306	85.0	0.000963959264215564
CASSYSVNIPSTDTQYF	1.0	1.1459085335808496e-05	1.0	1.1340697226065458e-05
CASSYSVVGNTIYF	4.0	4.583634134323399e-05	4.0	4.536278890426183e-05
CASSYSWYEQYF	13.0	0.00014896810936551044	13.0	0.00014742906393885096
CASSYSYEQYF	13.0	0.00014896810936551044	13.0	0.00014742906393885096
CASSYTDGGKNIQYF	12.0	0.00013750902402970196	20.0	0.0002268139445213092
CASSYTFGEKLFF	7.0	8.021359735065947e-05	7.0	7.938488058245821e-05
CASSYTGDGSPLHF	9.0	0.00010313176802227646	13.0	0.00014742906393885096
CASSYTGPWGAQYF	4.0	4.583634134323399e-05	4.0	4.536278890426183e-05
CASSYTPAGSSYNEQFF	9.0	0.00010313176802227646	9.0	0.00010206627503458912
CASSYTRASGVNTEAFF	7.0	8.021359735065947e-05	7.0	7.938488058245821e-05
CASSYVATQEKLFF	4.0	4.583634134323399e-05	4.0	4.536278890426183e-05
CASSYVDYKTDTQYF	1.0	1.1459085335808496e-05	1.0	1.1340697226065458e-05
CASSYVGSEQYF	2.0	2.2918170671616996e-05	2.0	2.268139445213092e-05
CASSYVGVGYTF	9.0	0.00010313176802227646	9.0	0.00010206627503458912
CASSYVVNTEAFF	6.0	6.875451201485098e-05	6.0	6.804418335639275e-05
CASSYWDSNSPLHF	10.0	0.00011459085335808496	10.0	0.0001134069722606546
CASSYWTVSPLHF	17.0	0.00019480445070874444	20.0	0.0002268139445213092
CASSYWVAGTYEQYF	6.0	6.875451201485098e-05	6.0	6.804418335639275e-05
CASSYYGHRSSLYSNQPQHF	9.0	0.00010313176802227646	9.0	0.00010206627503458912
CASSYYPQPQHF	5.0	5.729542667904248e-05	5.0	5.670348613032729e-05
CASTAAGGYGYTF	5.0	5.729542667904248e-05	5.0	5.670348613032729e-05
CASTATGGGDEQYF	3.0	3.437725600742549e-05	3.0	3.402209167819637e-05
CASTATGGGNEQYF	25.0	0.0002864771333952124	25.0	0.0002835174306516365
CASTDRVGYGYTF	5.0	5.729542667904248e-05	6.0	6.804418335639275e-05
CASTDSSGANVLTF	6.0	6.875451201485098e-05	6.0	6.804418335639275e-05
CASTEGMKGQPQHF	9.0	0.00010313176802227646	9.0	0.00010206627503458912
CASTFLRAATEAFF	17.0	0.0001948044507087444	17.0	0.0001927918528431128
CASTGDGKLFF	19.0	0.00021772262138036144	19.0	0.0002154732472952437
CASTGEQYF	13.0	0.00014896810936551044	13.0	0.00014742906393885096
CASTGHGTGTLAEQYF	11.0	0.00012604993869389346	11.0	0.00012474766948672005
CASTGKNTGELFF	4.0	4.583634134323399e-05	4.0	4.536278890426183e-05
CASTGPNTGRETQYF	1.0	1.1459085335808496e-05	1.0	1.1340697226065458e-05
CASTGQGHNSPLHF	19.0	0.0002177226213803614	19.0	0.0002154732472952437
CASTGRTSGSGNEQFF	1.0	1.1459085335808496e-05	1.0	1.1340697226065458e-05
CASTGRVGYGYTF	1.0	1.1459085335808496e-05	1.0	1.1340697226065458e-05
CASTGSYNSPLHF	117.0	0.001340712984289517	118.0	0.0013382022726757
CASTGTGANYGYTF	2.0	2.2918170671616996e-05	2.0	2.268139445213092e-05
CASTGTPNTGELFF	15.0	0.00017188628003712744	15.0	0.0001701104583909819
CASTGTPVQGQYF	5.0	5.729542667904248e-05	5.0	5.670348613032729e-05
CASTGYEQYF	9.0	0.00010313176802227646	9.0	0.00010206627503458912
CASTHGAGTYEQYF	17.0	0.0001948044507087444	17.0	0.0001927918528431128
CASTHTPGSGNTIYF	12.0	0.00013750902402970196	12.0	0.0001360883667127855
CASTIASNQPQHF	5.0	5.729542667904248e-05	5.0	5.670348613032729e-05
CASTILPGPTYEQYF	11.0	0.00012604993869389346	11.0	0.00012474766948672005
CASTKLGGLLNEQFF	1.0	1.1459085335808496e-05	1.0	1.1340697226065458e-05
CASTKNRGRGYTF	12.0	0.00013750902402970196	13.0	0.00014742906393885096
CASTKVDSYNEQFF	1.0	1.1459085335808496e-05	1.0	1.1340697226065458e-05
CASTLAGASHQSEQFF	2.0	2.2918170671616996e-05	2.0	2.268139445213092e-05
CASTLDRGRNEQYF	6.0	6.875451201485098e-05	6.0	6.804418335639275e-05
CASTLGDFTGELFF	19.0	0.00021772262138036144	19.0	0.0002154732472952437
CASTLGGAVDTQYF	1.0	1.1459085335808496e-05	1.0	1.1340697226065458e-05
CASTLGGFPFYEQYF	1.0	1.1459085335808496e-05	1.0	1.1340697226065458e-05
CASTLHESNTEAFF	17.0	0.0001948044507087444	17.0	0.0001927918528431128
CASTLHPGGHYEQYF	4.0	4.583634134323399e-05	4.0	4.536278890426183e-05
CASTLNYWGEDGYTF	12.0	0.00013750902402970196	12.0	0.0001360883667127855
CASTLRGLGRNEQFF	5.0	5.729542667904248e-05	5.0	5.670348613032729e-05
CASTLSGKPPF	1.0	1.1459085335808496e-05	1.0	1.1340697226065458e-05
CASTLSHLGIYEQYF	7.0	8.021359735065947e-05	7.0	7.938488058245821e-05
CASTLSLGGYEQYF	77.0	0.0008823495708572542	77.0	0.0008732336864070403
CASTLTGNAEAFF	33.0	0.0003781498160816804	33.0	0.0003742430084601601
CASTLTMQGVTEAFF	11.0	0.00012604993869389346	11.0	0.00012474766948672005
CASTLTRDSYYNEQFF	39.0	0.0004469043280965313	39.0	0.0004422871918165529
CASTMDIGRPSYEQYF	3.0	3.437725600742549e-05	3.0	3.402209167819637e-05
CASTMSLRETQYF	8.0	9.167268268646796e-05	8.0	9.072557780852368e-05
CASTMTSGTYNEQFF	6.0	6.875451201485098e-05	6.0	6.804418335639275e-05
CASTNGRTSGAYEQYF	11.0	0.00012604993869389346	11.0	0.00012474766948672005
CASTNGRTSGAYGQYF	1.0	1.1459085335808496e-05	1.0	1.1340697226065458e-05
CASTNPRGRTGELFF	4.0	4.583634134323399e-05	5.0	5.670348613032729e-05
CASTNQGLGANVLTF	70.0	0.0008021359735065947	70.0	0.0007938488058245821
CASTNRGVGNTIYF	2.0	2.2918170671616996e-05	2.0	2.268139445213092e-05
CASTPGFTNTGELFF	2.0	2.2918170671616996e-05	2.0	2.268139445213092e-05
CASTPGPRNSPLHF	5.0	5.729542667904248e-05	5.0	5.670348613032729e-05
CASTPGRIRGGYGYTF	4.0	4.5836341343233985e-05	4.0	4.536278890426183e-05
CASTPLPGSGSVETQYF	4.0	4.583634134323399e-05	4.0	4.536278890426183e-05
CASTPPANTGELFF	2.0	2.2918170671616996e-05	2.0	2.268139445213092e-05
CASTPPVYNEQFF	5.0	5.729542667904248e-05	5.0	5.670348613032729e-05
CASTPRRRGDEQFF	17.0	0.00019480445070874447	17.0	0.0001927918528431128
CASTPSGGSYEQYF	2.0	2.2918170671616996e-05	2.0	2.268139445213092e-05
CASTPSGRATPFF	4.0	4.583634134323399e-05	4.0	4.536278890426183e-05
CASTPSSGRRDTQYF	53.0	0.0006073315227978503	54.0	0.0006123976502075347
CASTPSSSLVWGRVGPADTGELFF	11.0	0.00012604993869389346	11.0	0.00012474766948672005
CASTPTGERNGYTF	16.0	0.00018334536537293597	16.0	0.00018145115561704733
CASTPTRVSSVSNEQFF	21.0	0.0002406407920519784	21.0	0.00023815464174737464
CASTQGDSPLHF	5.0	5.7295426679042487e-05	5.0	5.670348613032729e-05
CASTRAAYEQYF	3.0	3.437725600742549e-05	3.0	3.402209167819637e-05
CASTRAGEGYTF	9.0	0.00010313176802227646	9.0	0.00010206627503458912
CASTRDIHYEQYF	1.0	1.1459085335808496e-05	1.0	1.1340697226065458e-05
CASTRGGDIWYQPQHF	1.0	1.1459085335808496e-05	1.0	1.1340697226065458e-05
CASTRGLGTEAFF	37.0	0.00042398615742491425	37.0	0.000419605797364422
CASTRLAGPTDTQYF	7.0	8.021359735065947e-05	7.0	7.938488058245821e-05
CASTRPGGGYGYTF	10.0	0.00011459085335808496	10.0	0.0001134069722606546
CASTRRGRLYGYTF	5.0	5.729542667904248e-05	5.0	5.670348613032729e-05
CASTRRPSLNYNEQFF	4.0	4.583634134323399e-05	4.0	4.536278890426183e-05
CASTRTSGGYNEQFF	4.0	4.583634134323399e-05	4.0	4.536278890426183e-05
CASTRVGGVYGYTF	18.0	0.0002062635360445529	18.0	0.0002041325500691783
CASTSFNSPLHF	1.0	1.1459085335808496e-05	1.0	1.1340697226065458e-05
CASTSGLNYEQYF	4.0	4.583634134323399e-05	4.0	4.536278890426183e-05
CASTSGTGRSFGTEAFF	9.0	0.00010313176802227646	9.0	0.00010206627503458912
CASTSGTGRSFGTEDFF	1.0	1.1459085335808496e-05	1.0	1.1340697226065458e-05
CASTSKEREQYF	1.0	1.1459085335808496e-05	1.0	1.1340697226065458e-05
CASTSKGTINQPQHF	4.0	4.583634134323399e-05	4.0	4.536278890426183e-05
CASTSPLNTEAFF	4.0	4.583634134323399e-05	4.0	4.536278890426183e-05
CASTSRGFNTEAFF	1.0	1.1459085335808496e-05	1.0	1.1340697226065458e-05
CASTSSGRRYEQYF	5.0	5.729542667904248e-05	5.0	5.670348613032729e-05
CASTSSTNEKLFF	12.0	0.00013750902402970196	12.0	0.0001360883667127855
CASTSTETMNTEAFF	1.0	1.1459085335808496e-05	1.0	1.1340697226065458e-05
CASTTDGGPGNTIYF	2.0	2.2918170671616996e-05	2.0	2.268139445213092e-05
CASTTVADPTDTQYF	10.0	0.00011459085335808496	10.0	0.0001134069722606546
CASTTWTVYNSPLHF	9.0	0.00010313176802227646	9.0	0.00010206627503458912
CASTVAGGEKYF	4.0	4.583634134323399e-05	4.0	4.536278890426183e-05
CASTVQSPYEQYF	1.0	1.1459085335808496e-05	1.0	1.1340697226065458e-05
CASTVQSSYEQYF	6.0	6.875451201485098e-05	6.0	6.804418335639275e-05
CASTWDGSGANVLTF	6.0	6.875451201485098e-05	6.0	6.804418335639275e-05
CASTWGVETQYF	2.0	2.2918170671616996e-05	2.0	2.268139445213092e-05
CASTWSGANVLTF	124.0	0.0014209265816402	124.0	0.0014062464560321
CASTWTSGSYEQYF	68.0	0.0007792178028349777	70.0	0.0007938488058245821
CASTYRFRYTF	3.0	3.437725600742549e-05	3.0	3.402209167819638e-05
CASVDVPGGYTF	17.0	0.0001948044507087444	18.0	0.0002041325500691783
CASVTDNYGYTF	7.0	8.021359735065947e-05	7.0	7.938488058245821e-05
CASVTGANVLTF	1.0	1.1459085335808496e-05	1.0	1.1340697226065458e-05
CASWDSSFFGNTIYF	2.0	2.2918170671616996e-05	2.0	2.268139445213092e-05
CASWGPASYEQYF	5.0	5.729542667904248e-05	5.0	5.670348613032729e-05
CASWMDTTTDTQYF	7.0	8.021359735065947e-05	7.0	7.938488058245821e-05
CASWTGYGANVLTF	6.0	6.875451201485098e-05	6.0	6.804418335639275e-05
CATAAAGTSGSRWDNEQFF	5.0	5.729542667904248e-05	5.0	5.670348613032729e-05
CATAAGTLIGTEAFF	11.0	0.00012604993869389346	11.0	0.00012474766948672005
CATAATTEAFF	25.0	0.0002864771333952124	25.0	0.0002835174306516365
CATADLSGANVLTF	14.0	0.00016042719470131894	14.0	0.00015876976116491645
CATAGAPTYEQYF	2.0	2.2918170671616996e-05	2.0	2.268139445213092e-05
CATAGTGGYNEQFF	10.0	0.00011459085335808496	10.0	0.0001134069722606546
CATAGYADTQYF	12.0	0.00013750902402970196	13.0	0.00014742906393885096
CATARGMGGYTF	48.0	0.0005500360961188078	63.0	0.0007144639252421238
CATDLAGGRSYNEQFF	4.0	4.583634134323399e-05	4.0	4.536278890426183e-05
CATEDRLSYEQYF	5.0	5.729542667904248e-05	5.0	5.670348613032729e-05
CATEGFSYEQYF	3.0	3.437725600742549e-05	3.0	3.402209167819637e-05
CATGDRRSQPQHF	23.0	0.0002635589627235954	22.0	0.0002494953389734401
CATGFGPLSPNEQFF	13.0	0.00014896810936551044	13.0	0.00014742906393885096
CATGGGQNTEAFF	13.0	0.00014896810936551044	13.0	0.00014742906393885096
CATGGQENTEAFF	11.0	0.00012604993869389346	11.0	0.00012474766948672005
CATGLAGSNTGELFF	22.0	0.0002520998773877869	22.0	0.0002494953389734401
CATGNTANTGELFF	1.0	1.1459085335808496e-05	1.0	1.1340697226065458e-05
CATGSREVYGYTF	1.0	1.1459085335808496e-05	1.0	1.1340697226065458e-05
CATGTGPRARNNEQFF	5.0	5.729542667904248e-05	5.0	5.670348613032729e-05
CATGTNYGYTF	20.0	0.00022918170671616992	20.0	0.0002268139445213092
CATGTSGTRGETQYF	3.0	3.437725600742549e-05	3.0	3.402209167819637e-05
CATGTSSASGRAYEQFF	5.0	5.729542667904248e-05	5.0	5.670348613032729e-05
CATHDRAGELFF	5.0	5.729542667904248e-05	5.0	5.670348613032729e-05
CATHRTGANVLTF	26.0	0.0002979362187310209	26.0	0.0002948581278777019
CATIARGLHNEQFF	4.0	4.5836341343233985e-05	5.0	5.670348613032729e-05
CATIKNSGDYEQYF	47.0	0.0005385770107829993	47.0	0.0005330127696250766
CATKRTGGTDYGYTF	11.0	0.00012604993869389346	11.0	0.00012474766948672005
CATKSDILSYEQYF	3.0	3.437725600742549e-05	3.0	3.402209167819637e-05
CATLPGTDGYTF	3.0	3.437725600742549e-05	3.0	3.402209167819637e-05
CATLRTPGRITEAFF	16.0	0.00018334536537293597	16.0	0.00018145115561704733
CATNAKLFF	3.0	3.437725600742549e-05	3.0	3.402209167819637e-05
CATNQSTDTQYF	1.0	1.1459085335808496e-05	1.0	1.1340697226065458e-05
CATNTKTRDNTEAFF	16.0	0.00018334536537293597	16.0	0.00018145115561704733
CATQEHNTGELFF	2.0	2.2918170671616996e-05	2.0	2.268139445213092e-05
CATQELAGFQETQYF	19.0	0.00021772262138036144	21.0	0.00023815464174737464
CATQSIGQGQETQYF	4.0	4.583634134323399e-05	4.0	4.536278890426183e-05
CATQSPPGGGQPQHF	3.0	3.437725600742549e-05	3.0	3.402209167819637e-05
CATQSRGYSYNEQFF	8.0	9.167268268646797e-05	8.0	9.072557780852367e-05
CATQTGSYTIYF	7.0	8.021359735065947e-05	7.0	7.938488058245821e-05
CATRARERYGYTF	1.0	1.1459085335808496e-05	1.0	1.1340697226065458e-05
CATRAREWYGYTF	9.0	0.00010313176802227646	9.0	0.00010206627503458912
CATRARYNEQFF	41.0	0.0004698224987681483	42.0	0.0004763092834947493
CATRGGSNTGELFF	7.0	8.021359735065947e-05	7.0	7.938488058245821e-05
CATRGQLAKNIQYF	1.0	1.1459085335808496e-05	1.0	1.1340697226065458e-05
CATRGSGNQPQHF	15.0	0.00017188628003712744	15.0	0.0001701104583909819
CATRKESSNQPQHF	4.0	4.583634134323399e-05	4.0	4.536278890426183e-05
CATRKPTGELFF	8.0	9.167268268646796e-05	8.0	9.072557780852368e-05
CATRLAGGLDTQYF	3.0	3.437725600742549e-05	3.0	3.402209167819637e-05
CATRNQGANGANVLTF	42.0	0.0004812815841039568	42.0	0.0004763092834947493
CATRNTANTGELFF	10.0	0.00011459085335808496	10.0	0.0001134069722606546
CATRPGPLNTEAFF	34.0	0.0003896089014174888	34.0	0.0003855837056862256
CATRPGTGTKETQYF	5.0	5.729542667904248e-05	5.0	5.670348613032729e-05
CATRPLAGANTDTQYF	1.0	1.1459085335808496e-05	1.0	1.1340697226065458e-05
CATRQGVGQPQHF	6.0	6.875451201485098e-05	6.0	6.804418335639275e-05
CATRQRRGGGQETQYF	1.0	1.1459085335808496e-05	1.0	1.1340697226065458e-05
CATRQVLYGYTF	19.0	0.00021772262138036144	19.0	0.0002154732472952437
CATRSGRPSTDTQYF	3.0	3.437725600742549e-05	3.0	3.402209167819637e-05
CATRTATNEKLFF	4.0	4.583634134323399e-05	4.0	4.536278890426183e-05
CATRTIGANVLTF	3.0	3.437725600742549e-05	3.0	3.402209167819637e-05
CATRTIGTNVLTF	1.0	1.1459085335808496e-05	1.0	1.1340697226065458e-05
CATSAGTGELFF	3.0	3.437725600742549e-05	3.0	3.402209167819637e-05
CATSALPRGLAEETQYF	3.0	3.437725600742549e-05	3.0	3.402209167819637e-05
CATSARGPPRDTEAFF	6.0	6.875451201485098e-05	6.0	6.804418335639275e-05
CATSARTGVDGAFF	2.0	2.2918170671616996e-05	2.0	2.268139445213092e-05
CATSAWEQETQYF	1.0	1.1459085335808496e-05	1.0	1.1340697226065458e-05
CATSAWGQETQYF	7.0	8.021359735065947e-05	7.0	7.938488058245821e-05
CATSDAYGYTF	9.0	0.00010313176802227646	9.0	0.00010206627503458912
CATSDFPHKTGDNNEQFF	3.0	3.437725600742549e-05	3.0	3.402209167819637e-05
CATSDGQNVANALTF	1.0	1.1459085335808496e-05	1.0	1.1340697226065458e-05
CATSDGQNVANVLTF	9.0	0.00010313176802227646	9.0	0.00010206627503458912
CATSDGRSDTQYF	4.0	4.583634134323399e-05	4.0	4.536278890426183e-05
CATSDGYEQYF	2.0	2.2918170671616996e-05	2.0	2.268139445213092e-05
CATSDHGAPDGYTF	19.0	0.00021772262138036144	20.0	0.0002268139445213092
CATSDLEGGEQYF	3.0	3.437725600742549e-05	3.0	3.402209167819637e-05
CATSDLGTSGSSYNEQFF	1.0	1.1459085335808496e-05	1.0	1.1340697226065458e-05
CATSDLGVPETQYF	12.0	0.00013750902402970196	12.0	0.0001360883667127855
CATSDLPYEQYF	6.0	6.875451201485098e-05	6.0	6.804418335639275e-05
CATSDPGRPLETQYF	1.0	1.1459085335808496e-05	1.0	1.1340697226065458e-05
CATSDPGRTQYF	1.0	1.1459085335808496e-05	1.0	1.1340697226065458e-05
CATSDPRAAHEQFF	5.0	5.729542667904248e-05	5.0	5.670348613032729e-05
CATSDPRPGLAGADTQYF	4.0	4.583634134323399e-05	4.0	4.536278890426183e-05
CATSDQGGGYTF	1.0	1.1459085335808496e-05	1.0	1.1340697226065458e-05
CATSDSGTSGSFTDTQYF	2.0	2.2918170671616996e-05	2.0	2.268139445213092e-05
CATSDSSLADLYKTQYF	10.0	0.00011459085335808496	10.0	0.0001134069722606546
CATSDSTGLKETQYF	8.0	9.167268268646796e-05	8.0	9.072557780852368e-05
CATSDSTRYNSEQFF	1.0	1.1459085335808496e-05	1.0	1.1340697226065458e-05
CATSDTPDHRNLHEQFF	7.0	8.021359735065947e-05	7.0	7.938488058245821e-05
CATSDVTDTQYF	4.0	4.583634134323399e-05	4.0	4.536278890426183e-05
CATSDWGTGGHEQYF	6.0	6.875451201485098e-05	6.0	6.804418335639275e-05
CATSDYTGELFF	2.0	2.2918170671616996e-05	2.0	2.268139445213092e-05
CATSEAHGGIETQYF	28.0	0.0003208543894026379	29.0	0.0003288802195558983
CATSEGQGRQYF	5.0	5.729542667904248e-05	5.0	5.670348613032729e-05
CATSEGRGLNTEAFF	4.0	4.583634134323399e-05	4.0	4.536278890426183e-05
CATSEKTGGNNQPQHF	3.0	3.437725600742549e-05	3.0	3.402209167819637e-05
CATSENNEQFF	5.0	5.729542667904248e-05	5.0	5.670348613032729e-05
CATSERVNTEAFF	8.0	9.167268268646796e-05	8.0	9.072557780852368e-05
CATSETSVRNEQFF	17.0	0.0001948044507087444	24.0	0.000272176733425571
CATSFRAQQDGYTF	43.0	0.0004927406694397653	43.0	0.0004876499807208147
CATSGALLYEQYF	31.0	0.0003552316454100633	32.0	0.00036290231123409467
CATSGGTGTQGYTF	34.0	0.0003896089014174888	34.0	0.0003855837056862256
CATSGPWVRTGELFF	32.0	0.0003666907307458719	32.0	0.00036290231123409467
CATSGSGSETQYF	2.0	2.2918170671616996e-05	2.0	2.268139445213092e-05
CATSGWEISGSNEQFF	7.0	8.021359735065947e-05	7.0	7.938488058245821e-05
CATSGWTSGIHEQYF	3.0	3.437725600742549e-05	3.0	3.402209167819637e-05
CATSKDSLGQPNYGYTF	50.0	0.0005729542667904248	50.0	0.000567034861303273
CATSKEGAGANVLTF	6.0	6.875451201485098e-05	6.0	6.804418335639275e-05
CATSKGDSTDTQYF	4.0	4.583634134323399e-05	4.0	4.536278890426183e-05
CATSKGGRGTDTQYF	6.0	6.875451201485098e-05	7.0	7.938488058245821e-05
CATSKGLAGRDEQFF	17.0	0.0001948044507087444	26.0	0.0002948581278777019
CATSKRTSGNGYEQYF	39.0	0.0004469043280965313	39.0	0.0004422871918165529
CATSLAGGPNEQFF	2.0	2.2918170671616996e-05	2.0	2.268139445213092e-05
CATSLGQGAGAFF	76.0	0.0008708904855214457	76.0	0.0008618929891809748
CATSLTGNTEAFF	47.0	0.0005385770107829993	47.0	0.0005330127696250766
CATSNPAIRALGTEAFF	421.0	0.0048242749263753	425.0	0.0048197963210778
CATSNPSGTGLTGELFF	30.0	0.0003437725600742549	29.0	0.0003288802195558983
CATSPGQGFTDTQYF	1.0	1.1459085335808496e-05	1.0	1.1340697226065458e-05
CATSPHGLNQPQHF	40.0	0.00045836341343233984	40.0	0.0004536278890426184
CATSPRAAGSGTEAFF	42.0	0.0004812815841039568	43.0	0.0004876499807208147
CATSPTLAGHIQYF	2.0	2.2918170671616996e-05	5.0	5.670348613032729e-05
CATSPYITGLNTEAFF	22.0	0.0002520998773877869	22.0	0.0002494953389734401
CATSQVFASTSGVFGHEQYF	47.0	0.0005385770107829993	47.0	0.0005330127696250766
CATSRAGTGLGEQFF	28.0	0.0003208543894026379	28.0	0.00031753952232983285
CATSRARELGYNEQFF	107.0	0.0012261221309315	107.0	0.001213454603189
CATSRARSSYNEQFF	61.0	0.0006990042054843183	61.0	0.000691782530789993
CATSRDGGLAGFNEQFF	5.0	5.729542667904248e-05	5.0	5.670348613032729e-05
CATSRDKGLASSGANVLTF	34.0	0.0003896089014174888	34.0	0.0003855837056862256
CATSRDLNSREAFF	1.0	1.1459085335808496e-05	1.0	1.1340697226065458e-05
CATSRDLVGPQHF	57.0	0.0006531678641410843	57.0	0.0006464197418857311
CATSRDPHSTDTQYF	9.0	0.00010313176802227646	9.0	0.00010206627503458912
CATSRDPTGQETQYF	36.0	0.0004125270720891058	36.0	0.0004082651001383565
CATSRDQDTQYF	10.0	0.00011459085335808496	10.0	0.0001134069722606546
CATSRDQSEQYF	9.0	0.00010313176802227646	9.0	0.00010206627503458912
CATSRDRGKGEQFF	15.0	0.00017188628003712744	18.0	0.0002041325500691783
CATSRDRYRGIQETQYF	24.0	0.0002750180480594039	24.0	0.000272176733425571
CATSRDVKGEQFF	12.0	0.00013750902402970196	12.0	0.0001360883667127855
CATSRDYAENEKLFF	38.0	0.0004354452427607229	38.0	0.0004309464945904874
CATSREGGSYNEQFF	81.0	0.0009281859122004882	80.0	0.0009072557780852368
CATSREGGTSYEQYF	26.0	0.0002979362187310209	26.0	0.0002948581278777019
CATSREGRGYTF	107.0	0.0012261221309315	108.0	0.001224795300415
CATSRERQTNTEAFF	38.0	0.0004354452427607229	38.0	0.0004309464945904874
CATSRERRTTGNEQFF	62.0	0.0007104632908201267	62.0	0.0007031232280160585
CATSRERRTTGNEQLF	1.0	1.1459085335808496e-05	1.0	1.1340697226065458e-05
CATSRESQQETQYF	33.0	0.0003781498160816804	33.0	0.0003742430084601601
CATSRGARDNEQFF	11.0	0.00012604993869389346	11.0	0.00012474766948672005
CATSRGASGTYEQYF	57.0	0.0006531678641410843	57.0	0.0006464197418857311
CATSRGGLAEATGELFF	57.0	0.0006531678641410843	57.0	0.0006464197418857311
CATSRGGLARNEQFF	19.0	0.00021772262138036144	19.0	0.0002154732472952437
CATSRGGLGSPLHF	56.0	0.0006417087788052758	56.0	0.0006350790446596656
CATSRGGLSAKNIQYF	15.0	0.00017188628003712744	16.0	0.00018145115561704733
CATSRGGSMNTEAFF	36.0	0.0004125270720891058	36.0	0.0004082651001383565
CATSRGITSGVVTQYF	5.0	5.729542667904248e-05	5.0	5.670348613032729e-05
CATSRGLAGGPFNEQFF	14.0	0.00016042719470131894	14.0	0.00015876976116491645
CATSRGLALQYF	16.0	0.00018334536537293594	17.0	0.0001927918528431128
CATSRGLEAEQFF	4.0	4.583634134323399e-05	4.0	4.536278890426183e-05
CATSRGLGEPQHF	83.0	0.0009511040828721052	83.0	0.0009412778697634332
CATSRGLNEQFF	25.0	0.0002864771333952124	26.0	0.0002948581278777019
CATSRGQGDYGYTF	53.0	0.0006073315227978503	53.0	0.0006010569529814693
CATSRGRDYEQYF	47.0	0.0005385770107829993	47.0	0.0005330127696250766
CATSRGSASWGPFF	29.0	0.00033231347473844635	29.0	0.0003288802195558983
CATSRGTGGLREAFF	3.0	3.437725600742549e-05	3.0	3.402209167819637e-05
CATSRLNNEQFF	22.0	0.0002520998773877869	22.0	0.0002494953389734401
CATSRLPGQGGQNTGELFF	44.0	0.0005041997547755738	44.0	0.0004989906779468802
CATSRPEQASDEQFF	195.0	0.0022345216404826	195.0	0.0022114359590827
CATSRQGGQETQYF	1.0	1.1459085335808496e-05	1.0	1.1340697226065458e-05
CATSRRFQGPPYEQYF	27.0	0.0003093953040668294	27.0	0.00030619882510376736
CATSRRQGSGYTF	46.0	0.0005271179254471908	46.0	0.0005216720723990111
CATSRRRKKTNEQFF	19.0	0.00021772262138036144	20.0	0.0002268139445213092
CATSRRRKKTNEQLF	1.0	1.1459085335808496e-05	1.0	1.1340697226065458e-05
CATSRRVGVRTTNEKLFF	16.0	0.00018334536537293594	16.0	0.00018145115561704736
CATSRTSGRAYNEQFF	44.0	0.0005041997547755738	44.0	0.0004989906779468802
CATSRVEAEKLFF	11.0	0.00012604993869389346	11.0	0.00012474766948672005
CATSRVLAENNEQFF	9.0	0.00010313176802227646	10.0	0.0001134069722606546
CATSRVPTYEQYF	35.0	0.00040106798675329736	35.0	0.00039692440291229104
CATSRVVRIDTEAFF	50.0	0.0005729542667904248	50.0	0.000567034861303273
CATSSAPPYEQYF	34.0	0.0003896089014174888	34.0	0.0003855837056862256
CATSSDTYGYTF	45.0	0.0005156588401113823	45.0	0.0005103313751729456
CATSSGIPKDTQYF	2.0	2.2918170671616996e-05	2.0	2.268139445213092e-05
CATSSHPSLAGGWGEQFF	50.0	0.0005729542667904248	50.0	0.000567034861303273
CATSSHQIGELFF	13.0	0.00014896810936551044	13.0	0.00014742906393885096
CATSSRAGDSEQFF	21.0	0.0002406407920519784	21.0	0.00023815464174737464
CATSSREVYGYTF	12.0	0.00013750902402970196	12.0	0.0001360883667127855
CATSTFSAGLNEQFF	6.0	6.875451201485098e-05	6.0	6.804418335639275e-05
CATSTGPYNEQFF	1.0	1.1459085335808496e-05	1.0	1.1340697226065458e-05
CATSTRQGTDTQYF	5.0	5.729542667904248e-05	6.0	6.804418335639275e-05
CATSTTSGIRETQYF	2.0	2.2918170671616996e-05	2.0	2.268139445213092e-05
CATSTYLAGGEQYF	25.0	0.0002864771333952124	25.0	0.0002835174306516365
CATSVDRSDPLHF	159.0	0.001821994568393489	165.0	0.0018712150423008
CATSVGGPGELFF	3.0	3.437725600742549e-05	3.0	3.402209167819637e-05
CATTATGELFF	16.0	0.00018334536537293597	16.0	0.00018145115561704733
CATTGTGVGYTF	1.0	1.1459085335808496e-05	1.0	1.1340697226065458e-05
CATTKQGDEKLFF	35.0	0.00040106798675329736	35.0	0.00039692440291229104
CATTRGGGGNQPQHF	24.0	0.0002750180480594039	24.0	0.000272176733425571
CATTRTGGINTEAFF	5.0	5.729542667904248e-05	5.0	5.670348613032729e-05
CATTVNYGYTF	10.0	0.00011459085335808496	10.0	0.0001134069722606546
CATVLDRGPGNTIYF	2.0	2.2918170671616996e-05	2.0	2.268139445213092e-05
CAVAGTSTGELFF	15.0	0.00017188628003712744	15.0	0.0001701104583909819
CAVQGTSGNTIYF	2.0	2.2918170671616996e-05	2.0	2.268139445213092e-05
CAVSRVSTDTQYF	4.0	4.583634134323399e-05	5.0	5.670348613032729e-05
CAWGMGPLSSYEQYF	3.0	3.437725600742549e-05	3.0	3.402209167819637e-05
CAWIMQQGIYGYTF	5.0	5.729542667904248e-05	5.0	5.670348613032729e-05
CAWKTAATDTQYF	1.0	1.1459085335808496e-05	1.0	1.1340697226065458e-05
CAWKWGPMNTEAFF	45.0	0.0005156588401113823	45.0	0.0005103313751729456
CAWNGQGYGYTF	4.0	4.583634134323399e-05	4.0	4.536278890426183e-05
CAWRAYNEQFF	4.0	4.583634134323399e-05	4.0	4.536278890426183e-05
CAWRDSLNEKLFF	17.0	0.0001948044507087444	17.0	0.0001927918528431128
CAWREYEQYF	9.0	0.00010313176802227646	9.0	0.00010206627503458912
CAWRGIGDNSPLHF	12.0	0.00013750902402970196	12.0	0.0001360883667127855
CAWRLFSGNTIYF	3.0	3.437725600742549e-05	3.0	3.402209167819638e-05
CAWRLGTSGRAEQFF	1.0	1.1459085335808496e-05	1.0	1.1340697226065458e-05
CAWRMVAGGPVQYF	1.0	1.1459085335808496e-05	3.0	3.402209167819637e-05
CAWRTGQGDYNEQFF	9.0	0.00010313176802227646	9.0	0.00010206627503458912
CAWRVKGAYGYTF	17.0	0.0001948044507087444	17.0	0.0001927918528431128
CAWSADRVGTEAFF	4.0	4.5836341343233985e-05	4.0	4.536278890426183e-05
CAWSAGTDNQPQHF	1.0	1.1459085335808496e-05	1.0	1.1340697226065458e-05
CAWSALAGVNEQFF	6.0	6.875451201485098e-05	6.0	6.804418335639275e-05
CAWSALGTGGYSNQPQHF	2.0	2.2918170671616996e-05	2.0	2.268139445213092e-05
CAWSALQGRRLFF	5.0	5.729542667904248e-05	5.0	5.670348613032729e-05
CAWSALSGGYGYTF	10.0	0.00011459085335808496	10.0	0.00011340697226065457
CAWSAQGARTDTQYF	14.0	0.00016042719470131894	14.0	0.00015876976116491645
CAWSDRTSGSNGYNEQFF	52.0	0.0005958724374620417	52.0	0.0005897162557554038
CAWSGDTYGYTF	3.0	3.437725600742549e-05	3.0	3.402209167819637e-05
CAWSGELQVNTEAFF	3.0	3.437725600742549e-05	3.0	3.402209167819637e-05
CAWSGGLSGANVLTF	7.0	8.021359735065947e-05	8.0	9.072557780852368e-05
CAWSGGSDEQYF	3.0	3.437725600742549e-05	3.0	3.402209167819637e-05
CAWSGGSDVQYF	1.0	1.1459085335808496e-05	1.0	1.1340697226065458e-05
CAWSGQVGNTIYF	2.0	2.2918170671616996e-05	2.0	2.268139445213092e-05
CAWSGSGNTIYF	1.0	1.1459085335808496e-05	1.0	1.1340697226065458e-05
CAWSHKPTGTSQETQYF	6.0	6.875451201485098e-05	6.0	6.804418335639275e-05
CAWSIGGPSYEQYF	5.0	5.729542667904248e-05	5.0	5.670348613032729e-05
CAWSIGVGKSLETQYF	1.0	1.1459085335808496e-05	1.0	1.1340697226065458e-05
CAWSKTGGYTF	2.0	2.2918170671616996e-05	2.0	2.268139445213092e-05
CAWSLFSRHNEQFF	3.0	3.437725600742549e-05	3.0	3.402209167819637e-05
CAWSLSYNEQFF	3.0	3.437725600742549e-05	3.0	3.402209167819637e-05
CAWSPAVYPYNEQFF	2.0	2.2918170671616996e-05	3.0	3.402209167819637e-05
CAWSPDSNQPQHF	15.0	0.00017188628003712744	15.0	0.0001701104583909819
CAWSPFGTFEGRGYTF	5.0	5.729542667904248e-05	5.0	5.670348613032729e-05
CAWSPGQPNTEAFF	29.0	0.00033231347473844635	29.0	0.0003288802195558983
CAWSPLGGGGTEAFF	6.0	6.875451201485098e-05	6.0	6.804418335639275e-05
CAWSPLSGNNEQFF	9.0	0.00010313176802227646	9.0	0.00010206627503458912
CAWSPNKNSYEQYF	11.0	0.00012604993869389346	11.0	0.00012474766948672005
CAWSPPGANHQPQHF	4.0	4.583634134323399e-05	4.0	4.536278890426183e-05
CAWSRDTVVYF	1.0	1.1459085335808496e-05	2.0	2.268139445213092e-05
CAWSRENTEAFF	2.0	2.2918170671616996e-05	2.0	2.268139445213092e-05
CAWSRQTILHESSYNSPLHF	12.0	0.00013750902402970196	12.0	0.0001360883667127855
CAWSRRGNQPQHF	5.0	5.729542667904248e-05	5.0	5.670348613032729e-05
CAWSRTGTNTEAFF	14.0	0.00016042719470131894	14.0	0.00015876976116491645
CAWSVAGTGELFF	10.0	0.00011459085335808496	10.0	0.0001134069722606546
CAWSVAVNQPQHF	2.0	2.2918170671616996e-05	2.0	2.268139445213092e-05
CAWSVEGGQPQHF	3.0	3.437725600742549e-05	3.0	3.402209167819637e-05
CAWSVGGPSSEQYF	8.0	9.167268268646796e-05	8.0	9.072557780852368e-05
CAWSVGGRAIRETQYF	6.0	6.875451201485098e-05	6.0	6.804418335639275e-05
CAWSVGGSYEQYF	5.0	5.729542667904248e-05	5.0	5.670348613032729e-05
CAWSVGGVRTEAFF	7.0	8.021359735065947e-05	7.0	7.938488058245821e-05
CAWSVGSGNNQPQHF	4.0	4.583634134323399e-05	4.0	4.536278890426183e-05
CAWSVGTGRIGEKLFF	13.0	0.00014896810936551044	13.0	0.00014742906393885096
CAWSVGTLSGQETQYF	6.0	6.875451201485098e-05	6.0	6.804418335639275e-05
CAWSVGVRVRETQYF	7.0	8.021359735065947e-05	7.0	7.938488058245821e-05
CAWSVHGAQGYTF	9.0	0.00010313176802227646	9.0	0.00010206627503458912
CAWSVLGDSPLHF	2.0	2.2918170671616993e-05	2.0	2.268139445213092e-05
CAWSVLGGYNEQFF	1.0	1.1459085335808496e-05	1.0	1.1340697226065458e-05
CAWSVLSGNTEAFF	5.0	5.729542667904248e-05	5.0	5.670348613032729e-05
CAWSVLTGVHEQYF	1.0	1.1459085335808496e-05	1.0	1.1340697226065458e-05
CAWSVMGIIEPQHF	2.0	2.2918170671616996e-05	2.0	2.268139445213092e-05
CAWSVPGAGTDTQYF	1.0	1.1459085335808496e-05	1.0	1.1340697226065458e-05
CAWSVPRARGFYEQYF	9.0	0.00010313176802227646	9.0	0.00010206627503458912
CAWSVRAEAFF	7.0	8.021359735065947e-05	7.0	7.938488058245821e-05
CAWSVRGGGNQPQHF	87.0	0.000996940424215339	87.0	0.0009866406586676948
CAWSVRGTARYGYTF	5.0	5.729542667904248e-05	5.0	5.670348613032729e-05
CAWSVSSSGANVLTF	2.0	2.2918170671616996e-05	2.0	2.268139445213092e-05
CAWSVSTDTQYF	2.0	2.2918170671616996e-05	2.0	2.268139445213092e-05
CAWSVTQNGYTF	3.0	3.437725600742549e-05	3.0	3.402209167819637e-05
CAWSVTSGSTEQFF	5.0	5.729542667904248e-05	5.0	5.670348613032729e-05
CAWSVTVWEQYF	3.0	3.437725600742549e-05	4.0	4.536278890426183e-05
CAWSYTGELFF	4.0	4.583634134323399e-05	4.0	4.536278890426183e-05
CAWTPQNRGNTEAFF	1.0	1.1459085335808496e-05	1.0	1.1340697226065458e-05
CAWTQGKTEAFF	38.0	0.0004354452427607229	38.0	0.0004309464945904874
CAWTREPETTIYF	3.0	3.437725600742549e-05	3.0	3.402209167819637e-05
CAWTSGETYNEQFF	5.0	5.729542667904248e-05	5.0	5.670348613032729e-05
CAWTSQNRGNTEAFF	16.0	0.00018334536537293597	16.0	0.00018145115561704733
CAWTSSIGGRNTEAFF	3.0	3.437725600742549e-05	3.0	3.402209167819637e-05
CDSTLSIGGYEQYF	1.0	1.1459085335808496e-05	1.0	1.1340697226065458e-05
CGSSYGLAGEGFHEQYF	1.0	1.1459085335808496e-05	1.0	1.1340697226065458e-05
CLGTGNPDTQYF	1.0	1.1459085335808496e-05	1.0	1.1340697226065458e-05
CLSSESRGTPLHF	1.0	1.1459085335808496e-05	1.0	1.1340697226065458e-05
CNARELPGQSFEAFF	1.0	1.1459085335808496e-05	1.0	1.1340697226065458e-05
CNVRSAGGPYEQYF	1.0	1.1459085335808496e-05	1.0	1.1340697226065458e-05
CPSSRGGLQETQYF	1.0	1.1459085335808496e-05	1.0	1.1340697226065458e-05
CRRKGGTDTQYF	3.0	3.437725600742549e-05	3.0	3.402209167819637e-05
CSAAFFGEQYF	1.0	1.1459085335808496e-05	1.0	1.1340697226065458e-05
CSAAGGGKSHFF	1.0	1.1459085335808496e-05	2.0	2.268139445213092e-05
CSAAGGVANEKLFF	2.0	2.2918170671616996e-05	2.0	2.268139445213092e-05
CSAAGLAGGPHEQYF	14.0	0.00016042719470131894	14.0	0.00015876976116491645
CSAAGNNYGYTF	5.0	5.729542667904248e-05	5.0	5.670348613032729e-05
CSAAGTSVYNEQFF	2.0	2.2918170671616996e-05	2.0	2.268139445213092e-05
CSAALGVWGTEAFF	5.0	5.729542667904248e-05	5.0	5.670348613032729e-05
CSAALMANTEAFF	6.0	6.875451201485098e-05	6.0	6.804418335639275e-05
CSAALRTGNSEQYF	10.0	0.00011459085335808496	10.0	0.0001134069722606546
CSAANPQPPKLFF	17.0	0.00019480445070874447	17.0	0.0001927918528431128
CSAAPAAGVGKTQYF	12.0	0.00013750902402970196	12.0	0.0001360883667127855
CSAAPAGVNTGELFF	6.0	6.875451201485098e-05	6.0	6.804418335639275e-05
CSAAPFF	7.0	8.021359735065947e-05	8.0	9.072557780852368e-05
CSAAPPDTQYF	1.0	1.1459085335808496e-05	1.0	1.1340697226065458e-05
CSAAPSDTQYF	4.0	4.583634134323399e-05	4.0	4.536278890426183e-05
CSAARDGTDTQYF	5.0	5.729542667904248e-05	5.0	5.670348613032729e-05
CSAARSGYEQYF	11.0	0.00012604993869389346	11.0	0.00012474766948672005
CSAASGGKSHFF	1.0	1.1459085335808496e-05	1.0	1.1340697226065458e-05
CSAASGPTYEQYF	9.0	0.00010313176802227646	9.0	0.00010206627503458912
CSADGSGRHNYEQYF	5.0	5.729542667904248e-05	5.0	5.670348613032729e-05
CSADLAGGSTDTQYF	1.0	1.1459085335808496e-05	1.0	1.1340697226065458e-05
CSADMPGTSLYNEQFF	4.0	4.583634134323399e-05	4.0	4.536278890426183e-05
CSADQGASNQPQHF	8.0	9.167268268646796e-05	8.0	9.072557780852368e-05
CSADSSGSYEQYF	10.0	0.00011459085335808496	10.0	0.0001134069722606546
CSADTGRGTEAFF	18.0	0.0002062635360445529	18.0	0.0002041325500691783
CSAEEYF	4.0	4.583634134323399e-05	4.0	4.536278890426183e-05
CSAEGGLSQYF	1.0	1.1459085335808496e-05	1.0	1.1340697226065458e-05
CSAEGVKGVSYEQYF	3.0	3.437725600742549e-05	3.0	3.402209167819637e-05
CSAEKGKVDEQYF	12.0	0.00013750902402970196	12.0	0.0001360883667127855
CSAELGGTHEKLFF	10.0	0.00011459085335808496	10.0	0.0001134069722606546
CSAENRVGIQYF	6.0	6.875451201485098e-05	15.0	0.0001701104583909819
CSAEPAVNSYEQYF	5.0	5.729542667904248e-05	5.0	5.670348613032729e-05
CSAEPTGNSYEQYF	18.0	0.0002062635360445529	18.0	0.0002041325500691783
CSAESSANSYEQYF	5.0	5.729542667904248e-05	5.0	5.670348613032729e-05
CSAEVGDSYEQYF	6.0	6.875451201485098e-05	6.0	6.804418335639275e-05
CSAFGGRGRSYEQYF	47.0	0.0005385770107829993	47.0	0.0005330127696250766
CSAFRNRRNTEAFF	23.0	0.0002635589627235954	23.0	0.00026083603619950555
CSAGDGTYEQYF	24.0	0.0002750180480594039	24.0	0.000272176733425571
CSAGDLTGTGVGGELFF	1.0	1.1459085335808496e-05	1.0	1.1340697226065458e-05
CSAGFSLAGSGANVLTF	3.0	3.437725600742549e-05	3.0	3.402209167819637e-05
CSAGGGGADTQYF	1.0	1.1459085335808496e-05	1.0	1.1340697226065458e-05
CSAGGLAGRKYEQFF	1.0	1.1459085335808496e-05	1.0	1.1340697226065458e-05
CSAGGLAGRTYEQFF	5.0	5.729542667904248e-05	5.0	5.670348613032729e-05
CSAGGNQPQHF	12.0	0.00013750902402970196	12.0	0.0001360883667127855
CSAGHKTYEQYF	3.0	3.437725600742549e-05	3.0	3.402209167819637e-05
CSAGIGTTNTEAFF	10.0	0.00011459085335808496	10.0	0.0001134069722606546
CSAGLAGGRETQYF	6.0	6.875451201485098e-05	6.0	6.804418335639275e-05
CSAGLISPFEAFF	16.0	0.00018334536537293597	16.0	0.00018145115561704733
CSAGPGTGKGEQYF	6.0	6.875451201485098e-05	6.0	6.804418335639275e-05
CSAGPLGSYEQYF	5.0	5.729542667904248e-05	5.0	5.670348613032729e-05
CSAGQYF	21.0	0.0002406407920519784	21.0	0.00023815464174737464
CSAGRAGYETQYF	11.0	0.00012604993869389346	11.0	0.00012474766948672005
CSAGRDSYGYTF	21.0	0.0002406407920519784	21.0	0.00023815464174737464
CSAGRVGDTIYF	17.0	0.0001948044507087444	17.0	0.0001927918528431128
CSAGTPKSSYEQYF	64.0	0.0007333814614917438	65.0	0.0007371453196942548
CSAGTRNTQYF	6.0	6.875451201485098e-05	6.0	6.804418335639275e-05
CSAGTSGSREQFF	2.0	2.2918170671616996e-05	3.0	3.402209167819637e-05
CSAGTSGVSYEQYF	11.0	0.00012604993869389346	11.0	0.00012474766948672005
CSAGVGSGYNEQFF	2.0	2.2918170671616996e-05	2.0	2.268139445213092e-05
CSAGVGVVSVGDTQYF	4.0	4.583634134323399e-05	5.0	5.670348613032729e-05
CSAIAGVSYNEQFF	3.0	3.437725600742549e-05	3.0	3.402209167819637e-05
CSAIGGTHQETQYF	1.0	1.1459085335808496e-05	1.0	1.1340697226065458e-05
CSAIGGTYQETQYF	10.0	0.00011459085335808496	10.0	0.0001134069722606546
CSAIGLAGSSYEQYF	47.0	0.0005385770107829993	47.0	0.0005330127696250766
CSAIGQGALRDIQYF	1.0	1.1459085335808496e-05	1.0	1.1340697226065458e-05
CSAILAGVTDTQYF	1.0	1.1459085335808496e-05	1.0	1.1340697226065458e-05
CSAILARFKSTDTQYF	3.0	3.437725600742549e-05	3.0	3.402209167819637e-05
CSAINQDRGTETQYF	16.0	0.00018334536537293597	17.0	0.0001927918528431128
CSAIPPGPTGGIAKNIQYF	3.0	3.437725600742549e-05	3.0	3.402209167819637e-05
CSAIQHGRGNEQFF	1.0	1.1459085335808496e-05	1.0	1.1340697226065458e-05
CSAIRKTSGSYNEQFF	11.0	0.00012604993869389346	11.0	0.00012474766948672005
CSAIWPGRNEQFF	7.0	8.021359735065947e-05	7.0	7.938488058245821e-05
CSAKADISSPLHF	14.0	0.00016042719470131897	16.0	0.00018145115561704733
CSAKADISSRLHF	1.0	1.1459085335808496e-05	1.0	1.1340697226065458e-05
CSAKDPFMNTEAFF	17.0	0.0001948044507087444	17.0	0.0001927918528431128
CSAKEREGLYNEQFF	29.0	0.00033231347473844635	29.0	0.0003288802195558983
CSAKFGTSGSGTQYF	1.0	1.1459085335808496e-05	1.0	1.1340697226065458e-05
CSAKGLAGRVDTQYF	4.0	4.583634134323399e-05	4.0	4.536278890426183e-05
CSAKKGTAQETQYF	5.0	5.729542667904248e-05	5.0	5.670348613032729e-05
CSAKKPLRGEQYF	15.0	0.00017188628003712744	15.0	0.0001701104583909819
CSAKPGTGANEQFF	9.0	0.00010313176802227646	9.0	0.00010206627503458912
CSAKQGKGQFF	5.0	5.729542667904248e-05	6.0	6.804418335639275e-05
CSAKQSGVNTEAFF	6.0	6.875451201485098e-05	6.0	6.804418335639275e-05
CSAKRGEQYF	3.0	3.437725600742549e-05	3.0	3.402209167819637e-05
CSAKRGGGADTQYF	6.0	6.875451201485098e-05	6.0	6.804418335639275e-05
CSAKRGLTDTQYF	5.0	5.729542667904248e-05	5.0	5.670348613032729e-05
CSAKRTAQGDTQYF	1.0	1.1459085335808496e-05	1.0	1.1340697226065458e-05
CSAKRTARGDTQYF	6.0	6.875451201485098e-05	6.0	6.804418335639275e-05
CSAKSGRRYNEQFF	10.0	0.00011459085335808496	13.0	0.00014742906393885096
CSAKSQGPETQYF	7.0	8.021359735065947e-05	7.0	7.938488058245821e-05
CSAKTGGVYEQYF	18.0	0.0002062635360445529	18.0	0.0002041325500691783
CSAKVLGSGQMNTEAFF	13.0	0.00014896810936551044	13.0	0.00014742906393885096
CSALAANTGELFF	6.0	6.875451201485098e-05	6.0	6.804418335639275e-05
CSALAGLAVTQYF	18.0	0.0002062635360445529	18.0	0.0002041325500691783
CSALDAGTGNQETQYF	2.0	2.2918170671616996e-05	2.0	2.268139445213092e-05
CSALDSPYNEQFF	33.0	0.0003781498160816804	33.0	0.0003742430084601601
CSALENMGQFF	3.0	3.437725600742549e-05	6.0	6.804418335639275e-05
CSALGLAGGGLTDTQYF	2.0	2.2918170671616996e-05	2.0	2.268139445213092e-05
CSALHGLAGGPKDTGELFF	5.0	5.729542667904248e-05	5.0	5.670348613032729e-05
CSALKLREGVNTEAFF	8.0	9.167268268646796e-05	8.0	9.072557780852368e-05
CSALLGNEQFF	7.0	8.021359735065947e-05	7.0	7.938488058245821e-05
CSALQGSKFNQPQHF	2.0	2.2918170671616996e-05	2.0	2.268139445213092e-05
CSALQGVMNTEAFF	19.0	0.00021772262138036144	19.0	0.0002154732472952437
CSALTGAGNQPQHF	24.0	0.0002750180480594039	24.0	0.000272176733425571
CSALTTSGSTHEQFF	17.0	0.0001948044507087444	17.0	0.0001927918528431128
CSALWGDQPQHF	8.0	9.167268268646796e-05	8.0	9.072557780852368e-05
CSAMAGLAGLYEQYF	5.0	5.729542667904248e-05	5.0	5.670348613032729e-05
CSAMGGSSYEQYF	4.0	4.583634134323399e-05	4.0	4.536278890426183e-05
CSAMGLTVQETQYF	2.0	2.2918170671616996e-05	2.0	2.268139445213092e-05
CSAMRGYEQYF	2.0	2.2918170671616996e-05	2.0	2.268139445213092e-05
CSANGNNYEQYF	11.0	0.00012604993869389346	11.0	0.00012474766948672005
CSANQQKAKNIQYF	1.0	1.1459085335808496e-05	1.0	1.1340697226065458e-05
CSANREGLLRNADTQYF	4.0	4.583634134323399e-05	4.0	4.536278890426183e-05
CSAPAPGQGYEQYF	1.0	1.1459085335808496e-05	1.0	1.1340697226065458e-05
CSAPAPLEAFF	14.0	0.00016042719470131894	14.0	0.00015876976116491645
CSAPGASGVGEQFF	1.0	1.1459085335808496e-05	1.0	1.1340697226065458e-05
CSAPGQGDYEQYF	16.0	0.00018334536537293597	16.0	0.00018145115561704733
CSAPGTGSEKLFF	8.0	9.167268268646796e-05	8.0	9.072557780852368e-05
CSAPGTSGRANEQFF	1.0	1.1459085335808496e-05	1.0	1.1340697226065458e-05
CSAPGTSGVGEQFF	5.0	5.729542667904248e-05	5.0	5.670348613032729e-05
CSAPPGSTDTQYF	5.0	5.729542667904248e-05	5.0	5.670348613032729e-05
CSAPPLTSDAGEQYF	1.0	1.1459085335808496e-05	1.0	1.1340697226065458e-05
CSAPPPGGREMKTQYF	5.0	5.729542667904248e-05	5.0	5.670348613032729e-05
CSAPQGAVSEQYF	13.0	0.00014896810936551044	13.0	0.00014742906393885096
CSAPQQGPKYGYTF	21.0	0.0002406407920519784	21.0	0.00023815464174737464
CSAPRDTNSYEQYF	16.0	0.00018334536537293597	16.0	0.00018145115561704733
CSAPRQGARQPQHF	5.0	5.729542667904248e-05	5.0	5.670348613032729e-05
CSAPTHGFTDTQYF	2.0	2.2918170671616996e-05	2.0	2.268139445213092e-05
CSAQDRAWSYEQYF	10.0	0.00011459085335808496	10.0	0.0001134069722606546
CSAQDRGYEQYF	12.0	0.00013750902402970196	12.0	0.0001360883667127855
CSAQGLAGSSYEQYF	1.0	1.1459085335808496e-05	1.0	1.1340697226065458e-05
CSAQNLRLAGEGEQFF	3.0	3.437725600742549e-05	3.0	3.402209167819637e-05
CSAQPTSGRIAYNEQFF	3.0	3.437725600742549e-05	3.0	3.402209167819637e-05
CSAQTEGRGYNSPLHF	96.0	0.001100072192237517	96.0	0.0010887069337022
CSAQWIGVDEKLFF	7.0	8.021359735065947e-05	7.0	7.938488058245821e-05
CSARAATSNQPQHF	12.0	0.00013750902402970196	12.0	0.0001360883667127855
CSARAAYLKRERSTVTQYF	1.0	1.1459085335808496e-05	2.0	2.268139445213092e-05
CSARAGALNTEAFF	9.0	0.00010313176802227646	9.0	0.00010206627503458912
CSARAGGGADTQYF	3.0	3.437725600742549e-05	4.0	4.536278890426183e-05
CSARAGGNTGELFF	30.0	0.0003437725600742549	30.0	0.00034022091678196373
CSARAGGSYNSPLHF	10.0	0.00011459085335808496	10.0	0.0001134069722606546
CSARALDRGEVGYTF	1.0	1.1459085335808496e-05	1.0	1.1340697226065458e-05
CSARALLASTYEQYF	9.0	0.00010313176802227646	9.0	0.00010206627503458912
CSARAPERAEQYF	9.0	0.00010313176802227646	9.0	0.00010206627503458912
CSARAPPDTQYF	6.0	6.875451201485098e-05	6.0	6.804418335639275e-05
CSARAPPGGGFTGELFF	5.0	5.729542667904248e-05	5.0	5.670348613032729e-05
CSARAQRDSSWHGYTF	59.0	0.0006760860348127012	60.0	0.0006804418335639275
CSARASADTQYF	1.0	1.1459085335808496e-05	1.0	1.1340697226065458e-05
CSARASALLYNEQFF	7.0	8.021359735065947e-05	7.0	7.938488058245821e-05
CSARASGNEQFF	4.0	4.583634134323399e-05	4.0	4.536278890426183e-05
CSARASNQPQHF	2.0	2.2918170671616996e-05	2.0	2.268139445213092e-05
CSARASRNSYEQYF	20.0	0.00022918170671616992	20.0	0.0002268139445213092
CSARATNEKLFF	15.0	0.00017188628003712744	15.0	0.0001701104583909819
CSARDDFVVGNIQYF	1.0	1.1459085335808496e-05	1.0	1.1340697226065458e-05
CSARDDINYGYTF	1.0	1.1459085335808496e-05	1.0	1.1340697226065458e-05
CSARDDRGSETQYF	5.0	5.729542667904248e-05	5.0	5.670348613032729e-05
CSARDFAAYNEQFF	4.0	4.583634134323399e-05	4.0	4.536278890426183e-05
CSARDFAQQFF	6.0	6.875451201485098e-05	6.0	6.804418335639275e-05
CSARDFPNEQFF	3.0	3.437725600742549e-05	3.0	3.402209167819637e-05
CSARDGDGRLYEQYF	6.0	6.875451201485098e-05	6.0	6.804418335639275e-05
CSARDGGRSRGGDTQYF	4.0	4.583634134323399e-05	4.0	4.536278890426183e-05
CSARDGNQPQHF	37.0	0.0004239861574249144	37.0	0.000419605797364422
CSARDGQGGTGELFF	59.0	0.0006760860348127012	59.0	0.0006691011363378621
CSARDGREGQYF	9.0	0.00010313176802227646	17.0	0.0001927918528431128
CSARDGRSSYNSPLHF	6.0	6.875451201485098e-05	6.0	6.804418335639275e-05
CSARDHAGTGNTGELFF	11.0	0.00012604993869389346	11.0	0.00012474766948672005
CSARDISYEQYF	17.0	0.0001948044507087444	17.0	0.0001927918528431128
CSARDKGQGRAKNIQYF	3.0	3.437725600742549e-05	3.0	3.402209167819637e-05
CSARDKLAGPYEQYF	9.0	0.00010313176802227646	9.0	0.00010206627503458912
CSARDLADRGDGGYTF	10.0	0.00011459085335808496	10.0	0.0001134069722606546
CSARDLAGDYNEQFF	7.0	8.021359735065947e-05	7.0	7.938488058245821e-05
CSARDLAGGDTQYF	1.0	1.1459085335808496e-05	1.0	1.1340697226065458e-05
CSARDLAGSTPEQYF	2.0	2.2918170671616996e-05	2.0	2.268139445213092e-05
CSARDLDVNNEQFF	18.0	0.0002062635360445529	19.0	0.0002154732472952437
CSARDLEGISYEQYF	6.0	6.875451201485098e-05	6.0	6.804418335639275e-05
CSARDLEREWDNEQFF	11.0	0.00012604993869389346	11.0	0.00012474766948672005
CSARDLGGIYEQYF	5.0	5.729542667904248e-05	5.0	5.670348613032729e-05
CSARDLGNTDTQYF	3.0	3.437725600742549e-05	3.0	3.402209167819637e-05
CSARDLGTEQFF	19.0	0.00021772262138036144	19.0	0.0002154732472952437
CSARDLGTKQFF	1.0	1.1459085335808496e-05	1.0	1.1340697226065458e-05
CSARDLNRDFDEQYF	6.0	6.875451201485098e-05	7.0	7.938488058245821e-05
CSARDLPGGRNEQFF	7.0	8.021359735065947e-05	7.0	7.938488058245821e-05
CSARDLRGENTEAFF	12.0	0.00013750902402970196	12.0	0.0001360883667127855
CSARDLTGTGVGGELFF	13.0	0.00014896810936551046	13.0	0.00014742906393885096
CSARDLTSGKETQYF	5.0	5.729542667904248e-05	5.0	5.670348613032729e-05
CSARDLVVNNEQFF	2.0	2.2918170671616996e-05	2.0	2.268139445213092e-05
CSARDPAASSYEQYF	13.0	0.00014896810936551044	13.0	0.00014742906393885096
CSARDPAGHTGELFF	26.0	0.0002979362187310209	26.0	0.0002948581278777019
CSARDPGLAGKWDTQYF	13.0	0.00014896810936551044	13.0	0.00014742906393885096
CSARDPHRLPYGYTF	38.0	0.0004354452427607229	38.0	0.0004309464945904874
CSARDPRRGHYNEQFF	1.0	1.1459085335808496e-05	1.0	1.1340697226065458e-05
CSARDPRYEQYF	7.0	8.021359735065947e-05	7.0	7.938488058245821e-05
CSARDPSGNGYTF	4.0	4.583634134323399e-05	4.0	4.536278890426183e-05
CSARDQGGFGYTF	13.0	0.00014896810936551046	13.0	0.00014742906393885096
CSARDQGSEQYF	4.0	4.5836341343233985e-05	4.0	4.536278890426183e-05
CSARDQPGLPYNEQFF	14.0	0.00016042719470131894	14.0	0.00015876976116491645
CSARDQVTVYEQYF	10.0	0.00011459085335808496	10.0	0.0001134069722606546
CSARDRLSFLHEQYF	13.0	0.00014896810936551044	13.0	0.00014742906393885096
CSARDRPSSYEQYF	12.0	0.00013750902402970196	12.0	0.0001360883667127855
CSARDRRVRGKDEKLFF	5.0	5.729542667904248e-05	5.0	5.670348613032729e-05
CSARDRTGDTEAFF	15.0	0.00017188628003712744	15.0	0.0001701104583909819
CSARDRVYTGTTNEKLFF	2.0	2.2918170671616996e-05	2.0	2.268139445213092e-05
CSARDSAASTDTQYF	169.0	0.0019365854217516	168.0	0.0019052371339789
CSARDSEDSTDTQYF	7.0	8.021359735065947e-05	7.0	7.938488058245821e-05
CSARDSGRLNEKLFF	11.0	0.00012604993869389346	11.0	0.00012474766948672005
CSARDSQNEKLFF	47.0	0.0005385770107829993	47.0	0.0005330127696250766
CSARDSRRYGYTF	18.0	0.0002062635360445529	18.0	0.0002041325500691783
CSARDSSTSRSFF	3.0	3.437725600742549e-05	3.0	3.402209167819638e-05
CSARDWADNTGELFF	10.0	0.00011459085335808496	10.0	0.0001134069722606546
CSARDWRLAQYEQYF	86.0	0.0009854813388795306	86.0	0.0009752999614416294
CSAREAGGGQFF	4.0	4.583634134323399e-05	9.0	0.00010206627503458912
CSAREASNPYEQFF	7.0	8.021359735065947e-05	7.0	7.938488058245821e-05
CSAREASWYNEQFF	1.0	1.1459085335808496e-05	1.0	1.1340697226065458e-05
CSAREDINYGYTF	19.0	0.0002177226213803614	19.0	0.00021547324729524376
CSAREEYGLGEKLFF	8.0	9.167268268646796e-05	8.0	9.072557780852368e-05
CSAREGASTDTQYF	7.0	8.021359735065947e-05	7.0	7.938488058245821e-05
CSAREGGSYEQYF	7.0	8.021359735065947e-05	7.0	7.938488058245821e-05
CSAREGYNQPQHF	11.0	0.00012604993869389346	11.0	0.00012474766948672005
CSAREIGVGTIAYNEQFF	8.0	9.167268268646796e-05	8.0	9.072557780852368e-05
CSARELPGQPFEAFF	1.0	1.1459085335808496e-05	1.0	1.1340697226065458e-05
CSARELPGQSFEAFF	7.0	8.021359735065947e-05	7.0	7.938488058245821e-05
CSAREPTSGRAQYF	1.0	1.1459085335808496e-05	1.0	1.1340697226065458e-05
CSAREPTSGYEQYF	2.0	2.2918170671616996e-05	2.0	2.268139445213092e-05
CSAREPTSVYNEQFF	12.0	0.00013750902402970196	12.0	0.0001360883667127855
CSAREQQGSGNTIYF	3.0	3.437725600742549e-05	3.0	3.402209167819637e-05
CSAREVLATYNEQFF	21.0	0.0002406407920519784	20.0	0.0002268139445213092
CSARGGGRGEGGYTF	3.0	3.437725600742549e-05	4.0	4.536278890426183e-05
CSARGGLYEQYF	1.0	1.1459085335808496e-05	1.0	1.1340697226065458e-05
CSARGGNTGELFF	1.0	1.1459085335808496e-05	1.0	1.1340697226065458e-05
CSARGGSSYNEQFF	13.0	0.00014896810936551044	12.0	0.0001360883667127855
CSARGIAGANVLTF	8.0	9.167268268646796e-05	8.0	9.072557780852368e-05
CSARGISRGEQFF	2.0	2.2918170671616996e-05	3.0	3.402209167819637e-05
CSARGLAGRSYEQYF	5.0	5.729542667904248e-05	5.0	5.670348613032729e-05
CSARGLAGVSYEQYF	6.0	6.875451201485098e-05	6.0	6.804418335639275e-05
CSARGLAGYSYEQYF	4.0	4.5836341343233985e-05	4.0	4.536278890426183e-05
CSARGLVGGQQETQYF	12.0	0.00013750902402970196	12.0	0.0001360883667127855
CSARGNRGFSSYNEQFF	12.0	0.00013750902402970196	12.0	0.0001360883667127855
CSARGPGLNTEAFF	16.0	0.00018334536537293597	16.0	0.00018145115561704733
CSARGPGQGSEQYF	83.0	0.0009511040828721052	83.0	0.0009412778697634332
CSARGPLGGLAKNIQYF	2.0	2.2918170671616996e-05	2.0	2.268139445213092e-05
CSARGQGEAQYF	1.0	1.1459085335808496e-05	1.0	1.1340697226065458e-05
CSARGQGETQYF	6.0	6.875451201485098e-05	8.0	9.072557780852368e-05
CSARGQGVSEQYF	2.0	2.2918170671616996e-05	3.0	3.402209167819637e-05
CSARGRAHYNEQFF	7.0	8.021359735065947e-05	7.0	7.938488058245821e-05
CSARGRDKTLNTEAFF	12.0	0.00013750902402970196	12.0	0.0001360883667127855
CSARGRGSYNEQFF	5.0	5.729542667904248e-05	5.0	5.670348613032729e-05
CSARGRKGASDEQYF	21.0	0.0002406407920519784	21.0	0.00023815464174737464
CSARGRQGKETQYF	3.0	3.437725600742549e-05	3.0	3.402209167819637e-05
CSARGRRGSSYEQYF	11.0	0.00012604993869389346	11.0	0.00012474766948672005
CSARGSEETQYF	1.0	1.1459085335808496e-05	1.0	1.1340697226065458e-05
CSARGSPGGSYEQYF	6.0	6.875451201485098e-05	6.0	6.804418335639275e-05
CSARGSSYNEQFF	1.0	1.1459085335808496e-05	1.0	1.1340697226065458e-05
CSARGSSYNSPLHF	56.0	0.0006417087788052758	56.0	0.0006350790446596657
CSARGTSGRALQFF	4.0	4.583634134323399e-05	4.0	4.536278890426183e-05
CSARGTSGTYEQYF	11.0	0.00012604993869389346	11.0	0.00012474766948672005
CSARGVGTSGREAYEQYF	2.0	2.2918170671616996e-05	2.0	2.268139445213092e-05
CSARGVGYIQYF	2.0	2.2918170671616996e-05	7.0	7.938488058245821e-05
CSARGVRGRSHEAFF	17.0	0.0001948044507087444	17.0	0.0001927918528431128
CSARGVRGRSHEVFF	1.0	1.1459085335808496e-05	1.0	1.1340697226065458e-05
CSARGWAYEQYF	4.0	4.583634134323399e-05	4.0	4.536278890426183e-05
CSARGWGITRTDTQYF	5.0	5.729542667904248e-05	5.0	5.670348613032729e-05
CSARHGTGGENSPLHF	8.0	9.167268268646796e-05	8.0	9.072557780852368e-05
CSARIDPTIKQFF	9.0	0.00010313176802227646	9.0	0.00010206627503458912
CSARIGAVTGELFF	7.0	8.021359735065947e-05	7.0	7.938488058245821e-05
CSARIVENEQFF	3.0	3.437725600742549e-05	3.0	3.402209167819637e-05
CSARKAVKNTGELFF	12.0	0.00013750902402970196	12.0	0.0001360883667127855
CSARKGLAGGPASGDTQYF	4.0	4.583634134323399e-05	4.0	4.536278890426183e-05
CSARKNGPATGELFF	13.0	0.00014896810936551044	13.0	0.00014742906393885096
CSARKQDTYNSPLHF	7.0	8.021359735065947e-05	7.0	7.938488058245821e-05
CSARKRLDTEAFF	6.0	6.875451201485098e-05	6.0	6.804418335639275e-05
CSARLAGGETQYF	9.0	0.00010313176802227646	9.0	0.00010206627503458912
CSARLAGGFQETQYF	1.0	1.1459085335808496e-05	1.0	1.1340697226065458e-05
CSARLAGGPDTQYF	3.0	3.437725600742549e-05	3.0	3.402209167819637e-05
CSARLAGGSYEQYF	13.0	0.00014896810936551044	13.0	0.00014742906393885096
CSARLDLNAGTQYF	9.0	0.00010313176802227646	10.0	0.0001134069722606546
CSARLLQGVNQPQHF	2.0	2.2918170671616996e-05	2.0	2.268139445213092e-05
CSARLPGTPTYEQYF	19.0	0.0002177226213803614	19.0	0.00021547324729524376
CSARLTPSTDTQYF	2.0	2.2918170671616996e-05	2.0	2.268139445213092e-05
CSARMGETQYF	7.0	8.021359735065947e-05	7.0	7.938488058245821e-05
CSARMGLYNEQFF	6.0	6.875451201485098e-05	6.0	6.804418335639275e-05
CSARMSARIGTDTQYF	5.0	5.7295426679042487e-05	5.0	5.670348613032729e-05
CSARNSGGRAGETQYF	9.0	0.00010313176802227646	9.0	0.00010206627503458912
CSARPGQGPQETQYF	17.0	0.00019480445070874447	17.0	0.0001927918528431128
CSARPGSSYNEQFF	8.0	9.167268268646796e-05	8.0	9.072557780852368e-05
CSARPINGGNQPQHF	8.0	9.167268268646796e-05	8.0	9.072557780852368e-05
CSARPLGVAYNSPLHF	5.0	5.7295426679042487e-05	5.0	5.670348613032729e-05
CSARPPLNGQPQHF	9.0	0.00010313176802227646	9.0	0.00010206627503458912
CSARPPYNEQFF	5.0	5.729542667904248e-05	5.0	5.670348613032729e-05
CSARPQQGLTYEQYF	1.0	1.1459085335808496e-05	1.0	1.1340697226065458e-05
CSARPRLGEVYEQYF	20.0	0.00022918170671616992	20.0	0.0002268139445213092
CSARPRPLNEQFF	10.0	0.00011459085335808496	10.0	0.0001134069722606546
CSARPRQGLTYEQYF	20.0	0.00022918170671616992	20.0	0.0002268139445213092
CSARPSGNTGELFF	25.0	0.0002864771333952124	26.0	0.0002948581278777019
CSARPSGSHEQYF	109.0	0.0012490403016031	109.0	0.0012361359976411
CSARPTGLRAEAFF	17.0	0.0001948044507087444	17.0	0.0001927918528431128
CSARPTSAPGLYEQYF	6.0	6.875451201485098e-05	6.0	6.804418335639275e-05
CSARPTSVPGLYEQYF	1.0	1.1459085335808496e-05	1.0	1.1340697226065458e-05
CSARPYTEAFF	17.0	0.0001948044507087444	17.0	0.0001927918528431128
CSARQGNTEAFF	9.0	0.00010313176802227646	9.0	0.00010206627503458912
CSARQGRDTEAFF	1.0	1.1459085335808496e-05	1.0	1.1340697226065458e-05
CSARQLAGAYNEQFF	8.0	9.167268268646796e-05	8.0	9.072557780852368e-05
CSARQTFYGYTF	12.0	0.00013750902402970196	12.0	0.0001360883667127855
CSARRDNYEQYF	2.0	2.2918170671616996e-05	2.0	2.268139445213092e-05
CSARRDRHNEKLFF	15.0	0.00017188628003712744	15.0	0.00017011045839098192
CSARRDSHNEQFF	4.0	4.583634134323399e-05	4.0	4.536278890426183e-05
CSARRGARSNQPQHF	12.0	0.00013750902402970196	12.0	0.0001360883667127855
CSARRGGGNTEAFF	16.0	0.00018334536537293597	16.0	0.00018145115561704733
CSARRGGGSDTQYF	1.0	1.1459085335808496e-05	1.0	1.1340697226065458e-05
CSARRGGGTDTQYF	1.0	1.1459085335808496e-05	2.0	2.268139445213092e-05
CSARRGLAGVGNEQFF	3.0	3.437725600742549e-05	3.0	3.402209167819637e-05
CSARRGQLNTEAFF	7.0	8.021359735065947e-05	7.0	7.938488058245821e-05
CSARRGVLAGGETQYF	19.0	0.00021772262138036144	19.0	0.0002154732472952437
CSARRLAGADTQYF	1.0	1.1459085335808496e-05	1.0	1.1340697226065458e-05
CSARRLDRGTGYEQYF	2.0	2.2918170671616996e-05	2.0	2.268139445213092e-05
CSARRLETQYF	13.0	0.00014896810936551044	13.0	0.00014742906393885096
CSARRLSTDTQYF	1.0	1.1459085335808496e-05	1.0	1.1340697226065458e-05
CSARRNTGELFF	4.0	4.583634134323399e-05	4.0	4.536278890426183e-05
CSARRPGWGGETQYF	3.0	3.437725600742549e-05	3.0	3.402209167819637e-05
CSARRPVYGYTF	5.0	5.729542667904248e-05	5.0	5.670348613032729e-05
CSARRRDSPLNEQFF	7.0	8.021359735065947e-05	7.0	7.938488058245821e-05
CSARRRGKSYEQYF	7.0	8.021359735065947e-05	7.0	7.938488058245821e-05
CSARRSGSYEQYF	9.0	0.00010313176802227646	9.0	0.00010206627503458912
CSARRVERGEQYF	3.0	3.437725600742549e-05	3.0	3.402209167819637e-05
CSARRVYEQFF	7.0	8.021359735065947e-05	7.0	7.938488058245821e-05
CSARSDTDTQYF	62.0	0.0007104632908201267	63.0	0.0007144639252421238
CSARSDTQYF	3.0	3.437725600742549e-05	4.0	4.536278890426183e-05
CSARSLAGGPGDEHYF	1.0	1.1459085335808496e-05	1.0	1.1340697226065458e-05
CSARSLAGGPGDEQYF	423.0	0.0048471930970469	424.0	0.0048084556238517
CSARSSGGRAGETQYF	10.0	0.00011459085335808496	10.0	0.0001134069722606546
CSARTEFNTEAFF	20.0	0.00022918170671616992	20.0	0.0002268139445213092
CSARTGGNTEAFF	19.0	0.00021772262138036144	19.0	0.0002154732472952437
CSARTGNTEAFF	21.0	0.0002406407920519784	21.0	0.00023815464174737464
CSARTGTSGETQYF	11.0	0.00012604993869389346	11.0	0.00012474766948672005
CSARTNGNTIYF	9.0	0.00010313176802227646	9.0	0.00010206627503458912
CSARTPAGTYEQYF	3.0	3.437725600742549e-05	3.0	3.402209167819637e-05
CSARTQEFNNEQFF	2.0	2.2918170671616996e-05	2.0	2.268139445213092e-05
CSARTRTGDNYGYTF	3.0	3.437725600742549e-05	3.0	3.402209167819637e-05
CSARTSGIYNEQFF	8.0	9.167268268646796e-05	8.0	9.072557780852368e-05
CSARTSGSYNELFF	1.0	1.1459085335808496e-05	1.0	1.1340697226065458e-05
CSARTSGSYNEQFF	13.0	0.00014896810936551044	13.0	0.00014742906393885096
CSARTSSSYNEQFF	1.0	1.1459085335808496e-05	1.0	1.1340697226065458e-05
CSARTTGNQPQHF	13.0	0.00014896810936551046	13.0	0.00014742906393885096
CSARTTSGTSTDTQYF	4.0	4.583634134323399e-05	4.0	4.536278890426183e-05
CSARVAGGPYEQYF	4.0	4.583634134323399e-05	4.0	4.536278890426183e-05
CSARVAGGVDTQYF	5.0	5.7295426679042487e-05	5.0	5.670348613032729e-05
CSARVAGTSTDTQYF	1.0	1.1459085335808496e-05	1.0	1.1340697226065458e-05
CSARVDRVRTEAFF	24.0	0.0002750180480594039	24.0	0.000272176733425571
CSARVEGLAGREQYF	14.0	0.00016042719470131894	14.0	0.00015876976116491645
CSARVFAESSYEQYF	26.0	0.0002979362187310209	26.0	0.0002948581278777019
CSARVGGNQPQHF	3.0	3.437725600742549e-05	3.0	3.402209167819637e-05
CSARVGGRGNTGELFF	15.0	0.00017188628003712744	15.0	0.0001701104583909819
CSARVGLAGGEQFF	12.0	0.00013750902402970196	13.0	0.00014742906393885096
CSARVGLAGGKQFF	1.0	1.1459085335808496e-05	1.0	1.1340697226065458e-05
CSARVGLAYEQYF	10.0	0.00011459085335808496	10.0	0.0001134069722606546
CSARVGRRNEQFF	48.0	0.0005500360961188078	48.0	0.000544353466851142
CSARVGSTDTQYF	1.0	1.1459085335808496e-05	1.0	1.1340697226065458e-05
CSARVGTGGYEQYF	9.0	0.00010313176802227646	9.0	0.00010206627503458912
CSARVLAGAADTQYF	2.0	2.2918170671616996e-05	2.0	2.268139445213092e-05
CSARVQGSGGYTF	9.0	0.00010313176802227646	9.0	0.00010206627503458913
CSARVQTGLAGGEQYF	4.0	4.583634134323399e-05	4.0	4.536278890426183e-05
CSARVSSGSMNSPLHF	39.0	0.00044690432809653126	41.0	0.0004649685862686838
CSARVVLGYGGYTF	10.0	0.00011459085335808496	10.0	0.0001134069722606546
CSARVWGNQPQHF	1.0	1.1459085335808496e-05	1.0	1.1340697226065458e-05
CSARWTSGRAYQETQYF	2.0	2.2918170671616996e-05	2.0	2.268139445213092e-05
CSASAGAEGEQYF	4.0	4.583634134323399e-05	4.0	4.536278890426183e-05
CSASATKSEQFF	2.0	2.2918170671616996e-05	2.0	2.268139445213092e-05
CSASDRVSYEQYF	3.0	3.437725600742549e-05	3.0	3.402209167819637e-05
CSASEGLAGKWGDTQYF	2.0	2.2918170671616996e-05	2.0	2.268139445213092e-05
CSASERLYGYTF	12.0	0.00013750902402970196	12.0	0.0001360883667127855
CSASFGNTEAFF	6.0	6.875451201485098e-05	6.0	6.804418335639275e-05
CSASGGPDSEQYF	4.0	4.583634134323399e-05	4.0	4.536278890426183e-05
CSASGGRGETQYF	1.0	1.1459085335808496e-05	1.0	1.1340697226065458e-05
CSASGKPGNSYEQYF	11.0	0.00012604993869389346	11.0	0.00012474766948672005
CSASGLAGHSYEQYF	12.0	0.00013750902402970196	12.0	0.0001360883667127855
CSASGLAGRSYEQYF	8.0	9.167268268646797e-05	8.0	9.072557780852367e-05
CSASGLLGQKLIQETQYF	9.0	0.00010313176802227646	10.0	0.0001134069722606546
CSASGLQGQKLIQETQYF	1.0	1.1459085335808496e-05	1.0	1.1340697226065458e-05
CSASGNTEAFF	9.0	0.00010313176802227646	9.0	0.00010206627503458912
CSASGQRSSGNTIYF	1.0	1.1459085335808496e-05	1.0	1.1340697226065458e-05
CSASGREHYNEQFF	8.0	9.167268268646796e-05	8.0	9.072557780852368e-05
CSASGRQGRSYEQYF	25.0	0.0002864771333952124	25.0	0.0002835174306516365
CSASGRTTGELFF	25.0	0.0002864771333952124	25.0	0.0002835174306516365
CSASGSYEQYF	12.0	0.00013750902402970196	12.0	0.0001360883667127855
CSASGTSGVNEQFF	2.0	2.2918170671616996e-05	2.0	2.268139445213092e-05
CSASGTSRNNEQFF	1.0	1.1459085335808496e-05	1.0	1.1340697226065458e-05
CSASGTSRNNEQYF	1.0	1.1459085335808496e-05	1.0	1.1340697226065458e-05
CSASGTYNEQFF	12.0	0.00013750902402970196	12.0	0.0001360883667127855
CSASGVGEKLFF	16.0	0.00018334536537293597	16.0	0.00018145115561704733
CSASHLLPLSGGSYEQYF	10.0	0.00011459085335808496	10.0	0.0001134069722606546
CSASHTSQETQYF	27.0	0.0003093953040668294	27.0	0.00030619882510376736
CSASILAGRYEQYF	14.0	0.00016042719470131894	14.0	0.00015876976116491645
CSASISGREYEQYF	7.0	8.021359735065947e-05	7.0	7.938488058245821e-05
CSASKGGGGEGYEQYF	36.0	0.0004125270720891058	36.0	0.0004082651001383565
CSASLAETYEQYF	13.0	0.00014896810936551044	13.0	0.00014742906393885096
CSASLAGYEQYF	11.0	0.00012604993869389346	11.0	0.00012474766948672005
CSASLANVEKLFF	9.0	0.00010313176802227646	9.0	0.00010206627503458912
CSASLDFYEQYF	1.0	1.1459085335808496e-05	1.0	1.1340697226065458e-05
CSASLGRGSSYEQYF	3.0	3.437725600742549e-05	3.0	3.402209167819637e-05
CSASLGTSNTEAFF	5.0	5.729542667904248e-05	5.0	5.670348613032729e-05
CSASLTNVEKLFF	1.0	1.1459085335808496e-05	1.0	1.1340697226065458e-05
CSASLVGTGTLHEQFF	33.0	0.0003781498160816804	33.0	0.0003742430084601601
CSASMTGSGNTIYF	10.0	0.00011459085335808496	10.0	0.0001134069722606546
CSASPLRGSEQYF	8.0	9.167268268646796e-05	8.0	9.072557780852368e-05
CSASPRQDEQYF	15.0	0.00017188628003712744	15.0	0.0001701104583909819
CSASPSGRSYEQYF	14.0	0.00016042719470131894	14.0	0.00015876976116491645
CSASPSGRTETQYF	10.0	0.00011459085335808496	10.0	0.0001134069722606546
CSASPTSSISYEQYF	10.0	0.00011459085335808496	10.0	0.0001134069722606546
CSASPVTNYNSPLHF	148.0	0.0016959446296996208	148.0	0.0016784231894576
CSASQGARLAEEQFF	2.0	2.2918170671616996e-05	2.0	2.268139445213092e-05
CSASQGGGSNEKLFF	4.0	4.583634134323399e-05	4.0	4.536278890426183e-05
CSASQGLSQETQYF	10.0	0.00011459085335808496	10.0	0.0001134069722606546
CSASQNRAVNTEAFF	46.0	0.0005271179254471908	46.0	0.0005216720723990111
CSASRAGLRDYEQYF	12.0	0.00013750902402970196	12.0	0.0001360883667127855
CSASREGGYNEQFF	5.0	5.729542667904248e-05	5.0	5.670348613032729e-05
CSASRGSRTDEQFF	7.0	8.021359735065948e-05	8.0	9.072557780852367e-05
CSASRGSYEQYF	5.0	5.729542667904248e-05	5.0	5.670348613032729e-05
CSASRIAARETQYF	6.0	6.875451201485098e-05	6.0	6.804418335639275e-05
CSASRLAGINYEQYF	10.0	0.00011459085335808496	10.0	0.0001134069722606546
CSASRNGVSEQYF	8.0	9.167268268646796e-05	8.0	9.072557780852368e-05
CSASRNTEAFF	20.0	0.00022918170671616992	20.0	0.0002268139445213092
CSASRQGGRYEQYF	30.0	0.0003437725600742549	30.0	0.00034022091678196373
CSASRQGSYNSPLHF	70.0	0.0008021359735065948	70.0	0.0007938488058245822
CSASRQSNQPQHF	3.0	3.437725600742549e-05	3.0	3.402209167819637e-05
CSASRRLAGNTGELFF	14.0	0.00016042719470131894	14.0	0.00015876976116491645
CSASRSAQEIQYF	1.0	1.1459085335808496e-05	1.0	1.1340697226065458e-05
CSASRSAQETQYF	16.0	0.00018334536537293597	16.0	0.00018145115561704733
CSASSGEQFF	3.0	3.437725600742549e-05	3.0	3.402209167819637e-05
CSASSGGRAGWFF	13.0	0.00014896810936551044	13.0	0.00014742906393885096
CSASSGLLQETQYF	3.0	3.437725600742549e-05	3.0	3.402209167819637e-05
CSASSGTEELFF	12.0	0.00013750902402970196	12.0	0.0001360883667127855
CSASSGTEELFS	1.0	1.1459085335808496e-05	1.0	1.1340697226065458e-05
CSASSLADLAKNIQYF	2.0	2.2918170671616996e-05	2.0	2.268139445213092e-05
CSASSLAGGSSTDTQYF	1.0	1.1459085335808496e-05	1.0	1.1340697226065458e-05
CSASSLGTGSRNEQFF	6.0	6.875451201485098e-05	6.0	6.804418335639275e-05
CSASSPADAETQYF	9.0	0.00010313176802227646	9.0	0.00010206627503458912
CSASSRGANEKLFF	6.0	6.875451201485098e-05	6.0	6.804418335639275e-05
CSASSRNYGYTF	6.0	6.875451201485098e-05	6.0	6.804418335639275e-05
CSASTPGDEQFF	2.0	2.2918170671616996e-05	2.0	2.268139445213092e-05
CSASTQGSYNSPLHF	5.0	5.729542667904248e-05	5.0	5.670348613032729e-05
CSASTQTNGYTF	11.0	0.00012604993869389346	11.0	0.00012474766948672005
CSASTSGNDNEQFF	4.0	4.583634134323399e-05	4.0	4.536278890426183e-05
CSASVGKETQYF	5.0	5.729542667904248e-05	5.0	5.670348613032729e-05
CSASWDRGYEQYF	7.0	8.021359735065947e-05	7.0	7.938488058245821e-05
CSASWGGNIQYF	5.0	5.729542667904248e-05	6.0	6.804418335639275e-05
CSASWGGRGDTQYF	1.0	1.1459085335808496e-05	1.0	1.1340697226065458e-05
CSATDRGNEQFF	5.0	5.729542667904248e-05	5.0	5.670348613032729e-05
CSATEGGGNLYEQYF	7.0	8.021359735065947e-05	7.0	7.938488058245821e-05
CSATEGGRAGNIQYF	3.0	3.437725600742549e-05	4.0	4.536278890426183e-05
CSATEPNTEAFF	2.0	2.2918170671616996e-05	2.0	2.268139445213092e-05
CSATFFGEQYF	15.0	0.00017188628003712744	15.0	0.0001701104583909819
CSATGLAGNSYEQYF	2.0	2.2918170671616996e-05	2.0	2.268139445213092e-05
CSATGLAGPYEQYF	19.0	0.00021772262138036144	19.0	0.0002154732472952437
CSATGLAGSPYEQYF	15.0	0.00017188628003712744	15.0	0.0001701104583909819
CSATGLAGSSYEQYF	4.0	4.583634134323399e-05	4.0	4.536278890426183e-05
CSATGLETGELFF	15.0	0.00017188628003712744	15.0	0.0001701104583909819
CSATGPFRGTDTQYF	2.0	2.2918170671616996e-05	2.0	2.268139445213092e-05
CSATGQGAEEQYF	11.0	0.00012604993869389346	11.0	0.00012474766948672005
CSATGQGFDQPQHF	7.0	8.021359735065947e-05	7.0	7.938488058245821e-05
CSATGQLTYEQYF	4.0	4.583634134323399e-05	4.0	4.536278890426183e-05
CSATGTSGYNEQFF	8.0	9.167268268646796e-05	8.0	9.072557780852368e-05
CSATGVGETQYF	11.0	0.00012604993869389346	11.0	0.00012474766948672005
CSATISSYNSPLHF	10.0	0.00011459085335808496	10.0	0.00011340697226065457
CSATLAGGHNEQFF	16.0	0.00018334536537293597	16.0	0.00018145115561704733
CSATLLAYEQYF	10.0	0.00011459085335808496	10.0	0.0001134069722606546
CSATLPSYEQYF	10.0	0.00011459085335808496	10.0	0.0001134069722606546
CSATLREKLFF	3.0	3.437725600742549e-05	3.0	3.402209167819637e-05
CSATNTALAGDSSYNEQFF	1.0	1.1459085335808496e-05	1.0	1.1340697226065458e-05
CSATNTGLAGDSSYNEQFF	13.0	0.00014896810936551044	13.0	0.00014742906393885096
CSATPENTEAFF	19.0	0.00021772262138036144	19.0	0.0002154732472952437
CSATPGGPRGEYF	2.0	2.2918170671616996e-05	2.0	2.268139445213092e-05
CSATPGLAGGSSQIF	3.0	3.437725600742549e-05	3.0	3.402209167819637e-05
CSATPGQFYEQYF	8.0	9.167268268646796e-05	8.0	9.072557780852368e-05
CSATQASYEQYF	8.0	9.167268268646796e-05	8.0	9.072557780852368e-05
CSATRGGSGTYEQYF	3.0	3.437725600742549e-05	3.0	3.402209167819637e-05
CSATRGLPRDEQFF	5.0	5.729542667904248e-05	6.0	6.804418335639275e-05
CSATRGRVNQETQYF	9.0	0.00010313176802227646	9.0	0.00010206627503458912
CSATRLLPQETQYF	3.0	3.437725600742549e-05	3.0	3.402209167819637e-05
CSATRTGWSQYF	7.0	8.021359735065947e-05	7.0	7.938488058245821e-05
CSATSGRASTDTQYF	6.0	6.875451201485098e-05	6.0	6.804418335639275e-05
CSATSGRGETQYF	10.0	0.00011459085335808496	10.0	0.0001134069722606546
CSATSLLTRGQGLYSNQPQHF	5.0	5.729542667904248e-05	5.0	5.670348613032729e-05
CSATTGDYEQYF	13.0	0.00014896810936551046	13.0	0.00014742906393885096
CSATTSRGYSYEQYF	28.0	0.0003208543894026379	28.0	0.00031753952232983285
CSAVAGGVNTQYF	5.0	5.729542667904248e-05	5.0	5.670348613032729e-05
CSAVGLAVSYEQYF	7.0	8.021359735065947e-05	7.0	7.938488058245821e-05
CSAVPGTGYNEQFF	144.0	0.0016501082883564	144.0	0.0016330604005534
CSAVQGGGPQAQHF	3.0	3.437725600742549e-05	3.0	3.402209167819637e-05
CSAVTGGGFAETQYF	5.0	5.729542667904248e-05	5.0	5.670348613032729e-05
CSAWRGGGNQPQHF	2.0	2.2918170671616996e-05	2.0	2.268139445213092e-05
CSAWTSGRKYEQYF	2.0	2.2918170671616996e-05	2.0	2.268139445213092e-05
CSAYRDRRNTEAFF	7.0	8.021359735065947e-05	7.0	7.938488058245821e-05
CSDTGRWGNYGYTF	27.0	0.0003093953040668294	27.0	0.00030619882510376736
CSEEEYF	1.0	1.1459085335808496e-05	1.0	1.1340697226065458e-05
CSERDRGGPNEQYF	9.0	0.00010313176802227646	9.0	0.00010206627503458912
CSGAGLAVNEQFF	5.0	5.729542667904248e-05	5.0	5.670348613032729e-05
CSGDRGNIQYF	1.0	1.1459085335808496e-05	2.0	2.268139445213092e-05
CSGGDGWYEQYF	24.0	0.0002750180480594039	24.0	0.000272176733425571
CSGRDWGRETQYF	16.0	0.00018334536537293597	16.0	0.00018145115561704733
CSGRLSFSTDTQYF	3.0	3.437725600742549e-05	3.0	3.402209167819637e-05
CSGRRPADEQFF	13.0	0.00014896810936551044	13.0	0.00014742906393885096
CSGSDSNYGYTF	45.0	0.0005156588401113823	44.0	0.0004989906779468802
CSGSGLAGVRSYNEQFF	15.0	0.00017188628003712744	15.0	0.0001701104583909819
CSGSTGYSEAFF	50.0	0.0005729542667904248	50.0	0.000567034861303273
CSGSYNEQFF	37.0	0.0004239861574249144	37.0	0.000419605797364422
CSILAATDTQYF	3.0	3.437725600742549e-05	3.0	3.402209167819637e-05
CSLGDNYGYTF	9.0	0.00010313176802227646	9.0	0.00010206627503458912
CSPDSSGSYEQYF	1.0	1.1459085335808496e-05	1.0	1.1340697226065458e-05
CSPEPLGLAFNEQFF	1.0	1.1459085335808496e-05	1.0	1.1340697226065458e-05
CSPGILYSYEQYF	26.0	0.0002979362187310209	26.0	0.0002948581278777019
CSPRRADTFTDTQYF	1.0	1.1459085335808496e-05	1.0	1.1340697226065458e-05
CSSGHADTQYF	4.0	4.583634134323399e-05	4.0	4.536278890426183e-05
CSSKGTSGITGELFF	1.0	1.1459085335808496e-05	1.0	1.1340697226065458e-05
CSSSPKQQPQHF	1.0	1.1459085335808496e-05	1.0	1.1340697226065458e-05
CSTRQIQETQYF	1.0	1.1459085335808496e-05	1.0	1.1340697226065458e-05
CSVADEQYF	15.0	0.00017188628003712744	15.0	0.0001701104583909819
CSVAGVRLARLQFQETQYF	19.0	0.00021772262138036144	21.0	0.00023815464174737467
CSVALAGTLGEQFF	22.0	0.0002520998773877869	22.0	0.0002494953389734401
CSVALGAGGLETQYF	2.0	2.2918170671616996e-05	2.0	2.268139445213092e-05
CSVALGTGGLETQYF	39.0	0.0004469043280965313	39.0	0.0004422871918165529
CSVARDAGELFF	42.0	0.0004812815841039568	42.0	0.0004763092834947493
CSVARRLDFPPGTDTQYF	10.0	0.00011459085335808496	10.0	0.0001134069722606546
CSVASTSGSYEQYF	8.0	9.167268268646796e-05	8.0	9.072557780852368e-05
CSVATANQPQHF	15.0	0.00017188628003712744	15.0	0.0001701104583909819
CSVATGQAGGYTF	29.0	0.00033231347473844635	30.0	0.00034022091678196373
CSVDGLRGRTYEQYF	8.0	9.167268268646796e-05	7.0	7.938488058245821e-05
CSVDLGSYGYTF	25.0	0.0002864771333952124	24.0	0.000272176733425571
CSVDRPNYGYTF	31.0	0.0003552316454100633	31.0	0.0003515616140080292
CSVDRSTDTQYF	8.0	9.167268268646796e-05	8.0	9.072557780852368e-05
CSVDSGVQETQYF	2.0	2.2918170671616996e-05	2.0	2.268139445213092e-05
CSVDSLAGGEQYF	136.0	0.0015584356056699	136.0	0.0015423348227449
CSVEDGGLEIQYF	1.0	1.1459085335808496e-05	1.0	1.1340697226065458e-05
CSVEDGGLETQYF	8.0	9.167268268646796e-05	8.0	9.072557780852368e-05
CSVEDLGAQTQYF	7.0	8.021359735065947e-05	7.0	7.938488058245821e-05
CSVEDRFSYEQYF	14.0	0.00016042719470131894	14.0	0.00015876976116491645
CSVEDRLAGLQETQYF	13.0	0.00014896810936551044	13.0	0.00014742906393885096
CSVEEASGRAHEQYF	30.0	0.0003437725600742549	30.0	0.00034022091678196373
CSVEGAGAGTDTQYF	5.0	5.729542667904248e-05	5.0	5.670348613032729e-05
CSVEGFDDNEQFF	17.0	0.0001948044507087444	17.0	0.0001927918528431128
CSVEGQGHQPQHF	10.0	0.00011459085335808496	10.0	0.0001134069722606546
CSVEGRGQFYGYTF	13.0	0.00014896810936551044	13.0	0.00014742906393885096
CSVEGVGGDTF	1.0	1.1459085335808496e-05	1.0	1.1340697226065458e-05
CSVEGVGGYTF	17.0	0.0001948044507087444	17.0	0.0001927918528431128
CSVEKLAANEQFF	10.0	0.00011459085335808496	10.0	0.00011340697226065457
CSVEPGLAGGGKAKNIQYF	4.0	4.583634134323399e-05	4.0	4.536278890426183e-05
CSVEPLLNTEAFF	25.0	0.0002864771333952124	25.0	0.0002835174306516365
CSVEPPGDEQFF	11.0	0.00012604993869389346	11.0	0.00012474766948672005
CSVEQGAQNEKLFF	9.0	0.00010313176802227646	9.0	0.00010206627503458912
CSVERGTGYTF	24.0	0.0002750180480594039	24.0	0.000272176733425571
CSVERQGLDYGYTF	36.0	0.0004125270720891058	36.0	0.0004082651001383565
CSVESTEQEQFF	5.0	5.729542667904248e-05	7.0	7.938488058245821e-05
CSVETHQAAFF	5.0	5.729542667904248e-05	5.0	5.670348613032729e-05
CSVEVGDRGPLNEQFF	1.0	1.1459085335808496e-05	1.0	1.1340697226065458e-05
CSVGADTQYF	5.0	5.729542667904248e-05	7.0	7.938488058245821e-05
CSVGGGGVGYGYTF	68.0	0.0007792178028349777	70.0	0.0007938488058245821
CSVGGQANYGYTF	29.0	0.00033231347473844635	29.0	0.0003288802195558983
CSVGGQGIDTQYF	13.0	0.00014896810936551046	14.0	0.00015876976116491645
CSVGKLDTQYF	5.0	5.729542667904248e-05	5.0	5.670348613032729e-05
CSVGLAGGELFF	21.0	0.0002406407920519784	21.0	0.00023815464174737464
CSVGMGNQPQHF	3.0	3.437725600742549e-05	3.0	3.402209167819637e-05
CSVGPPLSRYNEQFF	27.0	0.0003093953040668294	28.0	0.00031753952232983285
CSVGQLEYNEQFF	17.0	0.0001948044507087444	17.0	0.0001927918528431128
CSVGRRGDEQYF	10.0	0.00011459085335808496	10.0	0.0001134069722606546
CSVGRRGDGQYF	1.0	1.1459085335808496e-05	1.0	1.1340697226065458e-05
CSVGSRDTPKGAYNQQFF	26.0	0.0002979362187310209	26.0	0.0002948581278777019
CSVGSVFDTF	24.0	0.0002750180480594039	24.0	0.000272176733425571
CSVGTGGPETQYF	11.0	0.00012604993869389346	11.0	0.00012474766948672005
CSVGTGRMDEQYF	24.0	0.0002750180480594039	24.0	0.000272176733425571
CSVGTRLRTDTQYF	2.0	2.2918170671616996e-05	2.0	2.268139445213092e-05
CSVGTSGRPGLFF	2.0	2.2918170671616996e-05	2.0	2.268139445213092e-05
CSVGVANEQFF	28.0	0.0003208543894026379	28.0	0.00031753952232983285
CSVGVDGANVLTF	23.0	0.0002635589627235954	23.0	0.00026083603619950555
CSVHRSGSYEQYF	18.0	0.0002062635360445529	18.0	0.0002041325500691783
CSVIVVEGADGYTF	43.0	0.0004927406694397653	43.0	0.0004876499807208147
CSVIWGLHEQYF	15.0	0.00017188628003712744	15.0	0.0001701104583909819
CSVKRRGETQYF	2.0	2.2918170671616996e-05	2.0	2.268139445213092e-05
CSVLRAGLGEQFF	4.0	4.583634134323399e-05	5.0	5.670348613032729e-05
CSVMRAGANVLTF	61.0	0.0006990042054843183	63.0	0.0007144639252421238
CSVPGAGGTEAFF	24.0	0.0002750180480594039	24.0	0.000272176733425571
CSVPGQGGPYEQYF	13.0	0.00014896810936551044	13.0	0.00014742906393885096
CSVPITDTQYF	1.0	1.1459085335808496e-05	1.0	1.1340697226065458e-05
CSVQDRAISYGYTF	1.0	1.1459085335808496e-05	1.0	1.1340697226065458e-05
CSVQDRASSYGYTF	21.0	0.0002406407920519784	21.0	0.00023815464174737464
CSVQRYNEQFF	7.0	8.021359735065947e-05	7.0	7.938488058245821e-05
CSVQSPGRCWI	7.0	8.021359735065947e-05	7.0	7.938488058245821e-05
CSVRGRDKTLNTEAFF	1.0	1.1459085335808496e-05	1.0	1.1340697226065458e-05
CSVRILAGVETQYF	43.0	0.0004927406694397653	43.0	0.0004876499807208147
CSVRLEGNEQFF	39.0	0.0004469043280965313	39.0	0.0004422871918165529
CSVRQGRGGYTF	33.0	0.0003781498160816804	33.0	0.0003742430084601601
CSVRQVQETQYF	4.0	4.583634134323399e-05	4.0	4.536278890426183e-05
CSVRSAGGPYEQYF	17.0	0.0001948044507087444	17.0	0.0001927918528431128
CSVRTGGRSGELFF	31.0	0.0003552316454100633	31.0	0.0003515616140080292
CSVRYVGNYEQYF	8.0	9.167268268646796e-05	8.0	9.072557780852368e-05
CSVSRVENTEAFF	186.0	0.0021313898724603	186.0	0.0021093696840481
CSVTGGGTEAFF	14.0	0.00016042719470131894	14.0	0.00015876976116491645
CSVTGGGTEAFI	1.0	1.1459085335808496e-05	1.0	1.1340697226065458e-05
CSVTGVGETQYF	1.0	1.1459085335808496e-05	1.0	1.1340697226065458e-05
CSVVDRFTYEQYF	43.0	0.0004927406694397653	43.0	0.0004876499807208147
CSVVGLAGQETQYF	22.0	0.0002520998773877869	22.0	0.0002494953389734401
CSVVGSGYEQYF	24.0	0.00027501804805940387	23.0	0.00026083603619950555
CSVVLDRHNEKLFF	1.0	1.1459085335808496e-05	1.0	1.1340697226065458e-05
CSVVLSSYEQYF	15.0	0.00017188628003712744	15.0	0.0001701104583909819
CSVVSDRHNEKLFF	3.0	3.437725600742549e-05	3.0	3.402209167819637e-05
CSVVSGVSDTQYF	3.0	3.437725600742549e-05	4.0	4.536278890426183e-05
CSVVVRQRGETQYF	58.0	0.0006646269494768927	59.0	0.0006691011363378621
CSVWQTDTDTQYF	8.0	9.167268268646797e-05	8.0	9.072557780852367e-05
CSVYDGWDQRVQSYEQYF	1.0	1.1459085335808496e-05	1.0	1.1340697226065458e-05
CSYRTGTYGYTF	17.0	0.0001948044507087444	17.0	0.0001927918528431128
CTIRRTGSSYEQYF	1.0	1.1459085335808496e-05	1.0	1.1340697226065458e-05
CTISDFGGRNYGYTF	1.0	1.1459085335808496e-05	1.0	1.1340697226065458e-05
CTSMTSDKLYEQYF	1.0	1.1459085335808496e-05	1.0	1.1340697226065458e-05
CTSRRRFSGNTIYF	1.0	1.1459085335808496e-05	1.0	1.1340697226065458e-05
CTSSFTGTGAYEQYF	1.0	1.1459085335808496e-05	1.0	1.1340697226065458e-05
CTSSGLPGQGFGYTF	1.0	1.1459085335808496e-05	1.0	1.1340697226065458e-05
CTSSIQEGAGETQYF	1.0	1.1459085335808496e-05	1.0	1.1340697226065458e-05
CTSSKRAQVVRNYNEQFF	1.0	1.1459085335808496e-05	1.0	1.1340697226065458e-05
CTSSLSSYNEQFF	1.0	1.1459085335808496e-05	1.0	1.1340697226065458e-05
CTSSPSGTGGNEQFF	1.0	1.1459085335808496e-05	2.0	2.268139445213092e-05
CTSSRDRVSYEQYF	1.0	1.1459085335808496e-05	1.0	1.1340697226065458e-05
CTSSVGGEAFF	10.0	0.00011459085335808496	10.0	0.0001134069722606546
CTSSYGTSGFEQYF	1.0	1.1459085335808496e-05	1.0	1.1340697226065458e-05
CTSSYNSGGYTF	1.0	1.1459085335808496e-05	1.0	1.1340697226065458e-05
CVIRGLGYEQYF	1.0	1.1459085335808496e-05	1.0	1.1340697226065458e-05
CVIRRRQGEGYTF	1.0	1.1459085335808496e-05	1.0	1.1340697226065458e-05
CVISHRQGDYGYTF	1.0	1.1459085335808496e-05	1.0	1.1340697226065458e-05
CVSGKAGSSYEQYF	1.0	1.1459085335808496e-05	1.0	1.1340697226065458e-05
CVSSGSGDEQFF	1.0	1.1459085335808496e-05	1.0	1.1340697226065458e-05
CVSSLIGRMNTEAFF	1.0	1.1459085335808496e-05	1.0	1.1340697226065458e-05
CVSSPRTSGIAGELFF	1.0	1.1459085335808496e-05	1.0	1.1340697226065458e-05
CVSSQEVWREGRGANVLTF	1.0	1.1459085335808496e-05	1.0	1.1340697226065458e-05
CVSSSFLAGGPNGELFF	1.0	1.1459085335808496e-05	1.0	1.1340697226065458e-05
CVSSSGQGFSGELFF	1.0	1.1459085335808496e-05	1.0	1.1340697226065458e-05
CVTSQVFASTGGVFGHEQYF	1.0	1.1459085335808496e-05	1.0	1.1340697226065458e-05
GAISEQTWTGTSTQYF	1.0	1.1459085335808496e-05	1.0	1.1340697226065458e-05
RASKSQGNNEQFF	1.0	1.1459085335808496e-05	1.0	1.1340697226065458e-05
RASRGTDYGYTF	1.0	1.1459085335808496e-05	1.0	1.1340697226065458e-05
RASSAVAGSIYEQFF	3.0	3.437725600742549e-05	3.0	3.402209167819637e-05
RASSITRLPVTDTQYF	1.0	1.1459085335808496e-05	1.0	1.1340697226065458e-05
RASSPRRIGYNEQFF	1.0	1.1459085335808496e-05	1.0	1.1340697226065458e-05
RSAAGNNYGYTF	1.0	1.1459085335808496e-05	1.0	1.1340697226065458e-05
RSASTQTNGYTF	1.0	1.1459085335808496e-05	1.0	1.1340697226065458e-05
SAISGRGANVLTF	1.0	1.1459085335808496e-05	1.0	1.1340697226065458e-05
SASSFYRGQDTEAFF	1.0	1.1459085335808496e-05	1.0	1.1340697226065458e-05
YASKTGLSNQPQHF	1.0	1.1459085335808496e-05	1.0	1.1340697226065458e-05
YASSERGTLSKPQHF	1.0	1.1459085335808496e-05	1.0	1.1340697226065458e-05
YASSPRTVNTEAFF	1.0	1.1459085335808496e-05	1.0	1.1340697226065458e-05
YASSPSSPGRSSADTQYF	1.0	1.1459085335808496e-05	1.0	1.1340697226065458e-05
YASSQGEQETQYF	1.0	1.1459085335808496e-05	1.0	1.1340697226065458e-05
